item_id,order_id,product_id,qty,price
500001,100001,P-053,1,6.00
500002,100001,P-024,1,16.50
500003,100002,P-029,1,9.50
500004,100002,P-002,1,34.00
500005,100003,P-014,1,24.00
500006,100003,P-060,1,18.00
500007,100003,P-026,1,5.00
500008,100004,P-020,2,26.00
500009,100004,P-002,2,34.00
500010,100005,P-027,2,24.00
500011,100005,P-030,1,11.00
500012,100005,P-038,2,14.00
500013,100005,P-001,1,19.50
500014,100006,P-038,1,14.00
500015,100006,P-022,1,18.00
500016,100006,P-001,2,19.50
500017,100006,P-007,1,7.50
500018,100007,P-030,1,11.00
500019,100007,P-014,1,24.00
500020,100008,P-008,1,55.00
500021,100008,P-023,2,12.00
500022,100009,P-059,1,5.50
500023,100009,P-051,4,10.00
500024,100010,P-004,1,16.50
500025,100010,P-003,2,42.00
500026,100011,P-052,1,31.00
500027,100012,P-007,1,7.50
500028,100013,P-028,1,14.50
500029,100013,P-056,2,12.50
500030,100013,P-015,2,60.00
500031,100013,P-029,1,9.50
500032,100013,P-048,1,9.00
500033,100013,P-021,1,6.50
500034,100014,P-012,5,29.00
500035,100014,P-036,10,17.00
500036,100014,P-044,5,12.00
500037,100014,P-041,15,8.00
500038,100014,P-029,5,9.50
500039,100015,P-035,1,11.00
500040,100015,P-024,2,16.50
500041,100015,P-007,1,7.50
500042,100015,P-005,2,9.00
500043,100016,P-004,1,16.50
500044,100016,P-018,1,21.50
500045,100016,P-007,1,7.50
500046,100016,P-012,1,29.00
500047,100016,P-059,1,5.50
500048,100017,P-002,1,34.00
500049,100018,P-002,1,34.00
500050,100018,P-050,4,11.50
500051,100018,P-041,1,8.00
500052,100019,P-034,1,12.50
500053,100020,P-045,1,10.50
500054,100021,P-053,1,6.00
500055,100021,P-028,2,14.50
500056,100022,P-060,1,18.00
500057,100022,P-004,1,16.50
500058,100023,P-056,1,12.50
500059,100024,P-056,1,12.50
500060,100025,P-016,2,17.50
500061,100026,P-034,1,12.50
500062,100026,P-037,1,21.00
500063,100026,P-048,2,9.00
500064,100027,P-044,12,12.00
500065,100027,P-031,10,22.00
500066,100027,P-041,10,8.00
500067,100028,P-055,1,19.00
500068,100028,P-056,1,12.50
500069,100029,P-042,1,26.00
500070,100029,P-024,1,16.50
500071,100029,P-049,1,27.50
500072,100030,P-047,1,22.00
500073,100030,P-012,1,29.00
500074,100030,P-034,1,12.50
500075,100030,P-028,2,14.50
500076,100030,P-026,1,5.00
500077,100030,P-048,1,9.00
500078,100031,P-043,1,15.00
500079,100031,P-007,1,7.50
500080,100032,P-038,2,14.00
500081,100032,P-043,1,15.00
500082,100032,P-018,1,21.50
500083,100033,P-014,1,24.00
500084,100033,P-040,1,8.50
500085,100034,P-012,20,29.00
500086,100034,P-042,10,26.00
500087,100035,P-035,1,11.00
500088,100035,P-056,1,12.50
500089,100035,P-006,1,48.00
500090,100036,P-040,1,8.50
500091,100036,P-033,1,13.50
500092,100037,P-020,1,26.00
500093,100037,P-050,1,11.50
500094,100037,P-035,1,11.00
500095,100038,P-050,1,11.50
500096,100038,P-040,1,8.50
500097,100038,P-026,1,5.00
500098,100039,P-053,2,6.00
500099,100040,P-048,1,9.00
500100,100040,P-004,1,16.50
500101,100040,P-029,1,9.50
500102,100040,P-030,1,11.00
500103,100041,P-044,3,12.00
500104,100042,P-016,6,17.50
500105,100042,P-054,5,14.00
500106,100043,P-022,1,18.00
500107,100044,P-021,2,6.50
500108,100044,P-001,1,19.50
500109,100044,P-011,1,42.00
500110,100045,P-007,2,7.50
500111,100045,P-020,1,26.00
500112,100045,P-004,1,16.50
500113,100045,P-013,1,52.00
500114,100046,P-057,1,16.00
500115,100046,P-040,1,8.50
500116,100046,P-034,1,12.50
500117,100046,P-023,1,12.00
500118,100047,P-045,10,10.50
500119,100047,P-021,5,6.50
500120,100047,P-053,3,6.00
500121,100047,P-056,5,12.50
500122,100048,P-057,3,16.00
500123,100048,P-051,3,10.00
500124,100049,P-057,4,16.00
500125,100049,P-021,2,6.50
500126,100049,P-049,3,27.50
500127,100049,P-033,1,13.50
500128,100049,P-050,1,11.50
500129,100050,P-055,2,19.00
500130,100051,P-042,1,26.00
500131,100051,P-030,2,11.00
500132,100051,P-059,1,5.50
500133,100052,P-005,4,9.00
500134,100052,P-021,1,6.50
500135,100052,P-059,2,5.50
500136,100052,P-049,3,27.50
500137,100053,P-034,1,12.50
500138,100053,P-027,1,24.00
500139,100053,P-035,1,11.00
500140,100053,P-036,1,17.00
500141,100054,P-020,3,26.00
500142,100054,P-042,1,26.00
500143,100054,P-011,1,42.00
500144,100055,P-045,1,10.50
500145,100056,P-028,1,14.50
500146,100056,P-004,1,16.50
500147,100056,P-026,1,5.00
500148,100057,P-059,2,5.50
500149,100057,P-004,2,16.50
500150,100057,P-022,1,18.00
500151,100057,P-047,1,22.00
500152,100058,P-047,1,22.00
500153,100058,P-026,1,5.00
500154,100058,P-019,1,18.00
500155,100059,P-040,1,8.50
500156,100059,P-014,1,24.00
500157,100060,P-048,1,9.00
500158,100060,P-049,1,27.50
500159,100060,P-030,1,11.00
500160,100061,P-007,3,7.50
500161,100062,P-026,1,5.00
500162,100063,P-017,1,38.00
500163,100063,P-038,2,14.00
500164,100064,P-032,2,19.00
500165,100064,P-056,1,12.50
500166,100065,P-020,1,26.00
500167,100065,P-048,3,9.00
500168,100065,P-018,1,21.50
500169,100065,P-019,1,18.00
500170,100065,P-024,1,16.50
500171,100065,P-039,1,23.50
500172,100066,P-047,1,22.00
500173,100066,P-001,1,19.50
500174,100066,P-029,2,9.50
500175,100067,P-022,1,18.00
500176,100067,P-027,1,24.00
500177,100068,P-059,3,5.50
500178,100069,P-015,3,60.00
500179,100069,P-010,1,21.00
500180,100070,P-048,1,9.00
500181,100070,P-016,4,17.50
500182,100070,P-008,1,55.00
500183,100071,P-027,1,24.00
500184,100071,P-018,2,21.50
500185,100071,P-026,1,5.00
500186,100072,P-041,1,8.00
500187,100073,P-010,3,21.00
500188,100073,P-007,2,7.50
500189,100073,P-040,1,8.50
500190,100073,P-055,1,19.00
500191,100073,P-033,1,13.50
500192,100073,P-036,3,17.00
500193,100074,P-017,1,38.00
500194,100074,P-026,1,5.00
500195,100075,P-060,1,18.00
500196,100075,P-015,1,60.00
500197,100075,P-042,2,26.00
500198,100076,P-057,10,16.00
500199,100076,P-011,3,42.00
500200,100077,P-022,1,18.00
500201,100077,P-055,1,19.00
500202,100078,P-050,3,11.50
500203,100079,P-060,1,18.00
500204,100079,P-040,1,8.50
500205,100079,P-012,1,29.00
500206,100080,P-003,1,42.00
500207,100080,P-044,2,12.00
500208,100081,P-033,2,13.50
500209,100081,P-057,2,16.00
500210,100081,P-034,1,12.50
500211,100082,P-054,3,14.00
500212,100082,P-035,1,11.00
500213,100082,P-014,1,24.00
500214,100083,P-004,1,16.50
500215,100083,P-056,1,12.50
500216,100083,P-024,1,16.50
500217,100083,P-002,2,34.00
500218,100084,P-045,2,10.50
500219,100084,P-040,4,8.50
500220,100084,P-014,2,24.00
500221,100084,P-053,1,6.00
500222,100085,P-019,4,18.00
500223,100085,P-050,1,11.50
500224,100085,P-039,1,23.50
500225,100085,P-026,2,5.00
500226,100085,P-035,3,11.00
500227,100086,P-048,5,9.00
500228,100086,P-051,10,10.00
500229,100087,P-029,2,9.50
500230,100087,P-036,1,17.00
500231,100087,P-007,1,7.50
500232,100087,P-039,1,23.50
500233,100088,P-029,5,9.50
500234,100088,P-020,6,26.00
500235,100088,P-037,10,21.00
500236,100088,P-055,10,19.00
500237,100089,P-050,3,11.50
500238,100089,P-057,5,16.00
500239,100089,P-048,6,9.00
500240,100089,P-007,40,7.50
500241,100090,P-035,1,11.00
500242,100090,P-059,1,5.50
500243,100091,P-010,1,21.00
500244,100092,P-050,10,11.50
500245,100093,P-037,2,21.00
500246,100094,P-033,1,13.50
500247,100094,P-018,1,21.50
500248,100095,P-048,2,9.00
500249,100095,P-014,1,24.00
500250,100095,P-039,2,23.50
500251,100095,P-006,2,48.00
500252,100095,P-034,1,12.50
500253,100096,P-018,5,21.50
500254,100096,P-043,10,15.00
500255,100096,P-031,5,22.00
500256,100097,P-056,3,12.50
500257,100098,P-013,3,52.00
500258,100098,P-038,2,14.00
500259,100099,P-056,1,12.50
500260,100099,P-041,2,8.00
500261,100099,P-040,1,8.50
500262,100099,P-048,2,9.00
500263,100099,P-017,1,38.00
500264,100100,P-007,1,7.50
500265,100100,P-030,1,11.00
500266,100100,P-043,1,15.00
500267,100100,P-039,1,23.50
500268,100100,P-026,1,5.00
500269,100101,P-004,1,16.50
500270,100102,P-012,5,29.00
500271,100103,P-007,1,7.50
500272,100103,P-029,2,9.50
500273,100103,P-028,1,14.50
500274,100104,P-051,2,10.00
500275,100105,P-060,3,18.00
500276,100105,P-029,4,9.50
500277,100106,P-044,1,12.00
500278,100106,P-023,1,12.00
500279,100106,P-029,1,9.50
500280,100106,P-017,2,38.00
500281,100107,P-018,1,21.50
500282,100107,P-059,1,5.50
500283,100107,P-060,3,18.00
500284,100108,P-006,1,48.00
500285,100108,P-051,1,10.00
500286,100108,P-042,1,26.00
500287,100108,P-004,1,16.50
500288,100108,P-050,1,11.50
500289,100109,P-039,3,23.50
500290,100109,P-001,1,19.50
500291,100109,P-026,1,5.00
500292,100109,P-031,2,22.00
500293,100110,P-039,3,23.50
500294,100110,P-004,1,16.50
500295,100110,P-053,1,6.00
500296,100111,P-059,1,5.50
500297,100111,P-029,2,9.50
500298,100111,P-055,1,19.00
500299,100111,P-033,1,13.50
500300,100112,P-054,1,14.00
500301,100112,P-014,1,24.00
500302,100113,P-008,3,55.00
500303,100114,P-038,1,14.00
500304,100114,P-044,2,12.00
500305,100115,P-004,3,16.50
500306,100116,P-013,1,52.00
500307,100116,P-039,1,23.50
500308,100116,P-044,1,12.00
500309,100117,P-053,2,6.00
500310,100117,P-026,1,5.00
500311,100117,P-054,1,14.00
500312,100118,P-018,2,21.50
500313,100118,P-021,1,6.50
500314,100118,P-022,1,18.00
500315,100119,P-024,1,16.50
500316,100119,P-048,3,9.00
500317,100120,P-037,3,21.00
500318,100120,P-057,1,16.00
500319,100121,P-040,2,8.50
500320,100122,P-005,2,9.00
500321,100123,P-004,1,16.50
500322,100123,P-022,1,18.00
500323,100123,P-008,3,55.00
500324,100123,P-050,3,11.50
500325,100123,P-026,1,5.00
500326,100123,P-056,2,12.50
500327,100124,P-016,1,17.50
500328,100124,P-053,1,6.00
500329,100124,P-030,2,11.00
500330,100124,P-020,4,26.00
500331,100124,P-027,2,24.00
500332,100125,P-038,2,14.00
500333,100125,P-022,2,18.00
500334,100125,P-040,1,8.50
500335,100125,P-021,2,6.50
500336,100126,P-026,1,5.00
500337,100126,P-054,1,14.00
500338,100127,P-012,2,29.00
500339,100127,P-004,1,16.50
500340,100128,P-041,2,8.00
500341,100129,P-031,1,22.00
500342,100129,P-044,1,12.00
500343,100130,P-008,2,55.00
500344,100130,P-003,2,42.00
500345,100131,P-051,10,10.00
500346,100131,P-018,3,21.50
500347,100131,P-053,10,6.00
500348,100131,P-021,3,6.50
500349,100131,P-038,12,14.00
500350,100132,P-026,10,5.00
500351,100132,P-039,5,23.50
500352,100133,P-024,1,16.50
500353,100133,P-007,1,7.50
500354,100133,P-017,1,38.00
500355,100134,P-012,2,29.00
500356,100134,P-033,3,13.50
500357,100134,P-059,1,5.50
500358,100134,P-027,1,24.00
500359,100134,P-026,1,5.00
500360,100134,P-021,1,6.50
500361,100135,P-039,1,23.50
500362,100136,P-048,2,9.00
500363,100137,P-035,1,11.00
500364,100137,P-052,1,31.00
500365,100137,P-018,1,21.50
500366,100137,P-031,1,22.00
500367,100137,P-021,1,6.50
500368,100138,P-010,3,21.00
500369,100138,P-033,10,13.50
500370,100138,P-057,10,16.00
500371,100138,P-007,10,7.50
500372,100139,P-019,2,18.00
500373,100140,P-006,4,48.00
500374,100140,P-012,2,29.00
500375,100140,P-055,1,19.00
500376,100140,P-053,2,6.00
500377,100140,P-056,2,12.50
500378,100140,P-021,1,6.50
500379,100141,P-002,2,34.00
500380,100141,P-032,2,19.00
500381,100142,P-019,1,18.00
500382,100142,P-057,3,16.00
500383,100142,P-054,2,14.00
500384,100143,P-043,1,15.00
500385,100143,P-056,1,12.50
500386,100144,P-028,1,14.50
500387,100144,P-043,2,15.00
500388,100144,P-057,3,16.00
500389,100144,P-054,1,14.00
500390,100144,P-024,1,16.50
500391,100145,P-042,5,26.00
500392,100145,P-006,10,48.00
500393,100145,P-004,3,16.50
500394,100146,P-013,1,52.00
500395,100147,P-045,6,10.50
500396,100148,P-014,1,24.00
500397,100148,P-050,2,11.50
500398,100148,P-040,1,8.50
500399,100149,P-014,5,24.00
500400,100149,P-059,20,5.50
500401,100149,P-032,9,19.00
500402,100149,P-035,3,11.00
500403,100149,P-026,10,5.00
500404,100150,P-059,2,5.50
500405,100150,P-035,2,11.00
500406,100150,P-020,1,26.00
500407,100151,P-060,1,18.00
500408,100151,P-040,1,8.50
500409,100152,P-042,2,26.00
500410,100152,P-026,2,5.00
500411,100152,P-022,1,18.00
500412,100153,P-056,1,12.50
500413,100154,P-007,1,7.50
500414,100154,P-006,1,48.00
500415,100155,P-034,1,12.50
500416,100156,P-021,1,6.50
500417,100157,P-017,1,38.00
500418,100157,P-019,1,18.00
500419,100157,P-050,1,11.50
500420,100158,P-041,1,8.00
500421,100159,P-059,1,5.50
500422,100159,P-002,1,34.00
500423,100159,P-029,1,9.50
500424,100160,P-060,3,18.00
500425,100160,P-036,1,17.00
500426,100161,P-040,2,8.50
500427,100161,P-003,2,42.00
500428,100161,P-022,1,18.00
500429,100162,P-020,1,26.00
500430,100163,P-055,1,19.00
500431,100163,P-041,1,8.00
500432,100163,P-037,1,21.00
500433,100164,P-035,2,11.00
500434,100164,P-059,1,5.50
500435,100164,P-050,2,11.50
500436,100164,P-048,1,9.00
500437,100165,P-027,1,24.00
500438,100165,P-043,1,15.00
500439,100165,P-010,2,21.00
500440,100166,P-004,2,16.50
500441,100167,P-030,1,11.00
500442,100167,P-042,1,26.00
500443,100168,P-056,1,12.50
500444,100168,P-043,2,15.00
500445,100169,P-029,1,9.50
500446,100169,P-027,1,24.00
500447,100170,P-016,1,17.50
500448,100170,P-027,2,24.00
500449,100171,P-042,1,26.00
500450,100171,P-049,2,27.50
500451,100171,P-047,1,22.00
500452,100172,P-031,1,22.00
500453,100172,P-012,1,29.00
500454,100172,P-022,1,18.00
500455,100172,P-033,1,13.50
500456,100172,P-004,2,16.50
500457,100172,P-002,1,34.00
500458,100173,P-036,1,17.00
500459,100173,P-030,3,11.00
500460,100173,P-018,2,21.50
500461,100174,P-054,2,14.00
500462,100174,P-049,2,27.50
500463,100174,P-007,2,7.50
500464,100175,P-044,1,12.00
500465,100175,P-026,1,5.00
500466,100175,P-036,1,17.00
500467,100175,P-019,1,18.00
500468,100176,P-055,1,19.00
500469,100176,P-030,1,11.00
500470,100176,P-027,1,24.00
500471,100176,P-056,4,12.50
500472,100176,P-024,1,16.50
500473,100176,P-044,1,12.00
500474,100177,P-034,1,12.50
500475,100178,P-059,6,5.50
500476,100178,P-060,10,18.00
500477,100179,P-014,1,24.00
500478,100179,P-022,1,18.00
500479,100179,P-026,1,5.00
500480,100179,P-048,1,9.00
500481,100180,P-042,3,26.00
500482,100180,P-023,10,12.00
500483,100181,P-002,20,34.00
500484,100182,P-007,2,7.50
500485,100182,P-035,1,11.00
500486,100183,P-042,2,26.00
500487,100183,P-019,1,18.00
500488,100183,P-049,2,27.50
500489,100183,P-022,3,18.00
500490,100184,P-054,1,14.00
500491,100184,P-026,1,5.00
500492,100184,P-030,3,11.00
500493,100185,P-028,1,14.50
500494,100186,P-004,1,16.50
500495,100186,P-019,1,18.00
500496,100186,P-054,1,14.00
500497,100187,P-008,2,55.00
500498,100187,P-007,1,7.50
500499,100188,P-028,3,14.50
500500,100188,P-035,1,11.00
500501,100188,P-056,3,12.50
500502,100188,P-022,1,18.00
500503,100188,P-041,2,8.00
500504,100188,P-059,1,5.50
500505,100189,P-018,1,21.50
500506,100190,P-032,3,19.00
500507,100190,P-056,1,12.50
500508,100190,P-053,2,6.00
500509,100191,P-041,1,8.00
500510,100191,P-048,3,9.00
500511,100191,P-012,1,29.00
500512,100192,P-020,2,26.00
500513,100193,P-007,1,7.50
500514,100194,P-001,6,19.50
500515,100194,P-016,3,17.50
500516,100195,P-022,1,18.00
500517,100195,P-019,3,18.00
500518,100195,P-048,1,9.00
500519,100196,P-048,1,9.00
500520,100196,P-035,2,11.00
500521,100197,P-052,3,31.00
500522,100197,P-019,10,18.00
500523,100197,P-013,5,52.00
500524,100197,P-041,6,8.00
500525,100197,P-037,5,21.00
500526,100198,P-034,2,12.50
500527,100198,P-043,4,15.00
500528,100199,P-041,1,8.00
500529,100199,P-059,4,5.50
500530,100199,P-007,2,7.50
500531,100200,P-018,1,21.50
500532,100200,P-050,1,11.50
500533,100201,P-052,1,31.00
500534,100202,P-040,2,8.50
500535,100202,P-041,1,8.00
500536,100203,P-048,1,9.00
500537,100203,P-040,1,8.50
500538,100203,P-026,2,5.00
500539,100203,P-020,1,26.00
500540,100204,P-053,4,6.00
500541,100205,P-036,2,17.00
500542,100205,P-048,1,9.00
500543,100206,P-055,1,19.00
500544,100206,P-013,3,52.00
500545,100206,P-024,2,16.50
500546,100207,P-055,1,19.00
500547,100208,P-041,1,8.00
500548,100209,P-051,30,10.00
500549,100209,P-060,5,18.00
500550,100210,P-031,4,22.00
500551,100211,P-004,2,16.50
500552,100212,P-056,1,12.50
500553,100212,P-034,3,12.50
500554,100213,P-040,2,8.50
500555,100213,P-054,2,14.00
500556,100213,P-030,3,11.00
500557,100214,P-016,2,17.50
500558,100214,P-047,1,22.00
500559,100215,P-044,1,12.00
500560,100216,P-044,3,12.00
500561,100216,P-026,3,5.00
500562,100216,P-035,1,11.00
500563,100216,P-053,1,6.00
500564,100217,P-055,1,19.00
500565,100217,P-010,1,21.00
500566,100218,P-004,10,16.50
500567,100218,P-060,3,18.00
500568,100218,P-030,10,11.00
500569,100218,P-020,5,26.00
500570,100218,P-012,5,29.00
500571,100219,P-015,1,60.00
500572,100219,P-029,1,9.50
500573,100219,P-038,4,14.00
500574,100219,P-060,2,18.00
500575,100220,P-030,1,11.00
500576,100220,P-027,3,24.00
500577,100221,P-007,5,7.50
500578,100221,P-039,3,23.50
500579,100221,P-012,40,29.00
500580,100221,P-041,20,8.00
500581,100222,P-023,10,12.00
500582,100222,P-038,15,14.00
500583,100223,P-032,1,19.00
500584,100223,P-056,2,12.50
500585,100223,P-051,1,10.00
500586,100223,P-021,2,6.50
500587,100224,P-032,2,19.00
500588,100225,P-035,1,11.00
500589,100226,P-021,2,6.50
500590,100227,P-039,2,23.50
500591,100227,P-040,1,8.50
500592,100227,P-049,2,27.50
500593,100228,P-035,1,11.00
500594,100229,P-007,2,7.50
500595,100229,P-041,1,8.00
500596,100230,P-041,1,8.00
500597,100230,P-056,1,12.50
500598,100230,P-031,1,22.00
500599,100230,P-026,4,5.00
500600,100231,P-044,2,12.00
500601,100231,P-022,1,18.00
500602,100231,P-019,1,18.00
500603,100232,P-001,1,19.50
500604,100233,P-023,1,12.00
500605,100233,P-022,1,18.00
500606,100233,P-035,2,11.00
500607,100234,P-043,1,15.00
500608,100234,P-059,1,5.50
500609,100235,P-030,1,11.00
500610,100236,P-056,1,12.50
500611,100236,P-035,1,11.00
500612,100236,P-050,2,11.50
500613,100236,P-032,1,19.00
500614,100237,P-044,1,12.00
500615,100237,P-053,1,6.00
500616,100237,P-027,1,24.00
500617,100237,P-022,1,18.00
500618,100238,P-052,2,31.00
500619,100238,P-004,1,16.50
500620,100238,P-018,2,21.50
500621,100239,P-018,1,21.50
500622,100239,P-040,1,8.50
500623,100239,P-045,1,10.50
500624,100239,P-024,1,16.50
500625,100240,P-048,3,9.00
500626,100241,P-007,2,7.50
500627,100242,P-057,1,16.00
500628,100242,P-006,1,48.00
500629,100243,P-010,2,21.00
500630,100243,P-052,1,31.00
500631,100244,P-010,1,21.00
500632,100244,P-041,4,8.00
500633,100244,P-007,2,7.50
500634,100244,P-022,2,18.00
500635,100244,P-005,1,9.00
500636,100244,P-059,2,5.50
500637,100245,P-006,1,48.00
500638,100246,P-026,1,5.00
500639,100246,P-028,3,14.50
500640,100246,P-010,1,21.00
500641,100247,P-056,2,12.50
500642,100247,P-047,1,22.00
500643,100248,P-002,2,34.00
500644,100248,P-030,1,11.00
500645,100248,P-029,3,9.50
500646,100248,P-019,2,18.00
500647,100249,P-012,1,29.00
500648,100249,P-049,1,27.50
500649,100249,P-014,3,24.00
500650,100250,P-026,1,5.00
500651,100250,P-001,2,19.50
500652,100251,P-018,1,21.50
500653,100251,P-060,2,18.00
500654,100252,P-012,10,29.00
500655,100252,P-032,10,19.00
500656,100252,P-007,6,7.50
500657,100252,P-018,6,21.50
500658,100252,P-026,10,5.00
500659,100253,P-040,2,8.50
500660,100253,P-019,1,18.00
500661,100253,P-018,1,21.50
500662,100254,P-034,2,12.50
500663,100254,P-060,2,18.00
500664,100254,P-007,2,7.50
500665,100254,P-032,1,19.00
500666,100254,P-023,3,12.00
500667,100255,P-059,4,5.50
500668,100256,P-059,3,5.50
500669,100256,P-012,3,29.00
500670,100257,P-056,2,12.50
500671,100257,P-030,1,11.00
500672,100257,P-039,3,23.50
500673,100257,P-001,1,19.50
500674,100258,P-010,1,21.00
500675,100258,P-031,3,22.00
500676,100259,P-015,1,60.00
500677,100259,P-007,4,7.50
500678,100260,P-044,5,12.00
500679,100260,P-059,5,5.50
500680,100261,P-050,2,11.50
500681,100262,P-056,1,12.50
500682,100262,P-013,1,52.00
500683,100263,P-038,1,14.00
500684,100263,P-014,1,24.00
500685,100264,P-022,1,18.00
500686,100264,P-049,2,27.50
500687,100264,P-005,2,9.00
500688,100265,P-037,2,21.00
500689,100266,P-041,1,8.00
500690,100266,P-045,1,10.50
500691,100267,P-038,4,14.00
500692,100267,P-050,2,11.50
500693,100267,P-035,2,11.00
500694,100268,P-040,2,8.50
500695,100268,P-035,2,11.00
500696,100268,P-016,1,17.50
500697,100269,P-010,2,21.00
500698,100269,P-007,1,7.50
500699,100269,P-041,1,8.00
500700,100269,P-012,2,29.00
500701,100269,P-059,2,5.50
500702,100270,P-050,1,11.50
500703,100270,P-007,1,7.50
500704,100270,P-040,1,8.50
500705,100271,P-060,1,18.00
500706,100271,P-059,2,5.50
500707,100271,P-057,1,16.00
500708,100271,P-030,1,11.00
500709,100272,P-012,1,29.00
500710,100272,P-015,2,60.00
500711,100272,P-040,2,8.50
500712,100272,P-045,2,10.50
500713,100272,P-018,1,21.50
500714,100273,P-045,1,10.50
500715,100273,P-002,2,34.00
500716,100273,P-023,1,12.00
500717,100273,P-052,2,31.00
500718,100274,P-035,1,11.00
500719,100274,P-022,2,18.00
500720,100274,P-045,1,10.50
500721,100275,P-059,1,5.50
500722,100276,P-049,1,27.50
500723,100276,P-020,1,26.00
500724,100277,P-057,1,16.00
500725,100278,P-026,1,5.00
500726,100278,P-051,1,10.00
500727,100279,P-012,1,29.00
500728,100280,P-055,5,19.00
500729,100280,P-051,20,10.00
500730,100280,P-031,3,22.00
500731,100280,P-049,3,27.50
500732,100280,P-018,6,21.50
500733,100281,P-060,2,18.00
500734,100281,P-019,1,18.00
500735,100281,P-040,2,8.50
500736,100282,P-051,10,10.00
500737,100282,P-049,5,27.50
500738,100282,P-044,5,12.00
500739,100283,P-015,1,60.00
500740,100283,P-014,1,24.00
500741,100283,P-005,1,9.00
500742,100284,P-021,3,6.50
500743,100284,P-034,6,12.50
500744,100284,P-018,5,21.50
500745,100284,P-017,10,38.00
500746,100285,P-056,1,12.50
500747,100285,P-055,2,19.00
500748,100286,P-056,4,12.50
500749,100287,P-017,5,38.00
500750,100287,P-033,20,13.50
500751,100288,P-006,2,48.00
500752,100288,P-014,1,24.00
500753,100288,P-060,1,18.00
500754,100288,P-012,2,29.00
500755,100288,P-059,2,5.50
500756,100289,P-038,1,14.00
500757,100289,P-019,1,18.00
500758,100290,P-008,5,55.00
500759,100290,P-024,3,16.50
500760,100291,P-010,2,21.00
500761,100291,P-014,1,24.00
500762,100291,P-054,1,14.00
500763,100292,P-060,1,18.00
500764,100292,P-033,3,13.50
500765,100293,P-005,1,9.00
500766,100293,P-039,4,23.50
500767,100293,P-011,1,42.00
500768,100294,P-050,3,11.50
500769,100294,P-053,2,6.00
500770,100294,P-023,1,12.00
500771,100294,P-035,2,11.00
500772,100294,P-043,2,15.00
500773,100295,P-042,1,26.00
500774,100295,P-018,1,21.50
500775,100295,P-028,1,14.50
500776,100296,P-044,1,12.00
500777,100296,P-007,2,7.50
500778,100297,P-039,3,23.50
500779,100297,P-042,6,26.00
500780,100297,P-041,15,8.00
500781,100298,P-040,1,8.50
500782,100299,P-049,1,27.50
500783,100299,P-048,2,9.00
500784,100300,P-055,1,19.00
500785,100300,P-056,2,12.50
500786,100301,P-057,10,16.00
500787,100301,P-023,9,12.00
500788,100302,P-015,3,60.00
500789,100303,P-031,3,22.00
500790,100303,P-054,20,14.00
500791,100303,P-053,5,6.00
500792,100303,P-004,5,16.50
500793,100303,P-043,3,15.00
500794,100304,P-029,1,9.50
500795,100305,P-033,5,13.50
500796,100305,P-030,5,11.00
500797,100305,P-029,5,9.50
500798,100305,P-054,10,14.00
500799,100306,P-013,1,52.00
500800,100306,P-024,1,16.50
500801,100307,P-003,1,42.00
500802,100307,P-024,1,16.50
500803,100308,P-022,3,18.00
500804,100309,P-044,1,12.00
500805,100309,P-010,2,21.00
500806,100309,P-001,1,19.50
500807,100309,P-042,1,26.00
500808,100310,P-034,1,12.50
500809,100310,P-038,4,14.00
500810,100311,P-043,1,15.00
500811,100312,P-028,1,14.50
500812,100313,P-039,5,23.50
500813,100314,P-019,1,18.00
500814,100314,P-018,2,21.50
500815,100314,P-053,1,6.00
500816,100314,P-040,1,8.50
500817,100314,P-008,1,55.00
500818,100315,P-034,1,12.50
500819,100315,P-016,1,17.50
500820,100316,P-045,1,10.50
500821,100317,P-037,1,21.00
500822,100317,P-040,4,8.50
500823,100318,P-060,6,18.00
500824,100318,P-049,3,27.50
500825,100318,P-055,10,19.00
500826,100319,P-060,1,18.00
500827,100320,P-057,1,16.00
500828,100320,P-026,2,5.00
500829,100321,P-040,3,8.50
500830,100321,P-012,10,29.00
500831,100322,P-050,1,11.50
500832,100322,P-054,1,14.00
500833,100322,P-049,1,27.50
500834,100322,P-019,1,18.00
500835,100323,P-007,1,7.50
500836,100323,P-026,2,5.00
500837,100324,P-056,2,12.50
500838,100325,P-037,1,21.00
500839,100325,P-044,2,12.00
500840,100326,P-059,1,5.50
500841,100327,P-014,1,24.00
500842,100327,P-023,1,12.00
500843,100327,P-011,1,42.00
500844,100327,P-038,1,14.00
500845,100327,P-035,1,11.00
500846,100328,P-021,1,6.50
500847,100328,P-038,1,14.00
500848,100329,P-010,2,21.00
500849,100330,P-027,1,24.00
500850,100330,P-060,1,18.00
500851,100330,P-054,1,14.00
500852,100331,P-050,1,11.50
500853,100331,P-024,2,16.50
500854,100332,P-026,1,5.00
500855,100332,P-041,2,8.00
500856,100333,P-049,6,27.50
500857,100333,P-059,9,5.50
500858,100334,P-019,2,18.00
500859,100335,P-031,1,22.00
500860,100335,P-024,3,16.50
500861,100335,P-056,1,12.50
500862,100335,P-057,1,16.00
500863,100335,P-014,3,24.00
500864,100336,P-027,1,24.00
500865,100336,P-051,1,10.00
500866,100336,P-007,1,7.50
500867,100337,P-008,15,55.00
500868,100337,P-018,10,21.50
500869,100337,P-043,10,15.00
500870,100338,P-016,1,17.50
500871,100338,P-059,1,5.50
500872,100339,P-057,2,16.00
500873,100339,P-004,3,16.50
500874,100339,P-035,1,11.00
500875,100339,P-019,1,18.00
500876,100339,P-029,1,9.50
500877,100340,P-001,1,19.50
500878,100341,P-004,1,16.50
500879,100341,P-051,1,10.00
500880,100342,P-059,2,5.50
500881,100342,P-042,1,26.00
500882,100342,P-043,1,15.00
500883,100342,P-041,1,8.00
500884,100343,P-020,10,26.00
500885,100343,P-041,3,8.00
500886,100343,P-006,20,48.00
500887,100343,P-038,6,14.00
500888,100343,P-024,5,16.50
500889,100344,P-004,3,16.50
500890,100345,P-017,2,38.00
500891,100345,P-016,1,17.50
500892,100346,P-049,3,27.50
500893,100346,P-002,2,34.00
500894,100346,P-040,4,8.50
500895,100346,P-057,4,16.00
500896,100346,P-037,2,21.00
500897,100346,P-043,1,15.00
500898,100347,P-055,2,19.00
500899,100348,P-021,2,6.50
500900,100349,P-029,1,9.50
500901,100349,P-002,2,34.00
500902,100349,P-027,1,24.00
500903,100349,P-008,1,55.00
500904,100350,P-056,1,12.50
500905,100350,P-015,1,60.00
500906,100350,P-032,2,19.00
500907,100350,P-035,3,11.00
500908,100351,P-059,10,5.50
500909,100351,P-034,10,12.50
500910,100351,P-055,3,19.00
500911,100352,P-007,1,7.50
500912,100352,P-052,2,31.00
500913,100352,P-049,1,27.50
500914,100353,P-033,1,13.50
500915,100354,P-027,1,24.00
500916,100355,P-041,1,8.00
500917,100356,P-029,3,9.50
500918,100356,P-059,1,5.50
500919,100356,P-051,2,10.00
500920,100356,P-016,3,17.50
500921,100357,P-024,6,16.50
500922,100357,P-059,10,5.50
500923,100358,P-023,20,12.00
500924,100358,P-030,5,11.00
500925,100358,P-010,6,21.00
500926,100359,P-028,1,14.50
500927,100360,P-044,1,12.00
500928,100360,P-028,1,14.50
500929,100361,P-056,2,12.50
500930,100361,P-011,1,42.00
500931,100361,P-039,2,23.50
500932,100362,P-060,2,18.00
500933,100362,P-024,1,16.50
500934,100363,P-057,2,16.00
500935,100363,P-042,1,26.00
500936,100363,P-044,1,12.00
500937,100364,P-052,1,31.00
500938,100365,P-048,10,9.00
500939,100365,P-024,10,16.50
500940,100365,P-054,10,14.00
500941,100365,P-004,3,16.50
500942,100366,P-028,20,14.50
500943,100367,P-030,3,11.00
500944,100367,P-043,2,15.00
500945,100367,P-037,2,21.00
500946,100367,P-038,1,14.00
500947,100367,P-031,1,22.00
500948,100368,P-013,1,52.00
500949,100368,P-029,1,9.50
500950,100369,P-047,1,22.00
500951,100369,P-010,1,21.00
500952,100369,P-042,2,26.00
500953,100370,P-016,2,17.50
500954,100370,P-056,2,12.50
500955,100370,P-044,1,12.00
500956,100370,P-060,1,18.00
500957,100370,P-017,1,38.00
500958,100371,P-034,1,12.50
500959,100372,P-044,10,12.00
500960,100372,P-037,3,21.00
500961,100373,P-017,2,38.00
500962,100373,P-036,1,17.00
500963,100373,P-059,3,5.50
500964,100373,P-056,2,12.50
500965,100373,P-057,2,16.00
500966,100374,P-026,2,5.00
500967,100374,P-021,1,6.50
500968,100374,P-018,1,21.50
500969,100375,P-042,1,26.00
500970,100376,P-017,3,38.00
500971,100377,P-059,1,5.50
500972,100377,P-018,1,21.50
500973,100377,P-024,3,16.50
500974,100377,P-041,1,8.00
500975,100377,P-053,1,6.00
500976,100377,P-029,1,9.50
500977,100378,P-044,1,12.00
500978,100378,P-034,2,12.50
500979,100379,P-010,10,21.00
500980,100379,P-038,20,14.00
500981,100380,P-019,1,18.00
500982,100380,P-054,1,14.00
500983,100381,P-043,2,15.00
500984,100381,P-051,1,10.00
500985,100381,P-012,1,29.00
500986,100382,P-008,2,55.00
500987,100382,P-023,2,12.00
500988,100382,P-022,1,18.00
500989,100382,P-027,1,24.00
500990,100383,P-018,2,21.50
500991,100383,P-013,2,52.00
500992,100384,P-045,2,10.50
500993,100384,P-048,2,9.00
500994,100385,P-056,15,12.50
500995,100386,P-007,2,7.50
500996,100386,P-060,3,18.00
500997,100386,P-033,1,13.50
500998,100386,P-054,1,14.00
500999,100386,P-019,4,18.00
501000,100387,P-042,6,26.00
501001,100387,P-036,10,17.00
501002,100387,P-011,3,42.00
501003,100387,P-056,30,12.50
501004,100387,P-029,10,9.50
501005,100388,P-036,2,17.00
501006,100388,P-014,1,24.00
501007,100388,P-051,2,10.00
501008,100389,P-019,2,18.00
501009,100389,P-053,3,6.00
501010,100390,P-007,1,7.50
501011,100391,P-048,1,9.00
501012,100391,P-006,1,48.00
501013,100391,P-017,1,38.00
501014,100392,P-021,1,6.50
501015,100392,P-044,3,12.00
501016,100393,P-034,3,12.50
501017,100393,P-054,1,14.00
501018,100393,P-053,2,6.00
501019,100393,P-026,2,5.00
501020,100393,P-060,1,18.00
501021,100393,P-004,1,16.50
501022,100394,P-029,2,9.50
501023,100395,P-011,3,42.00
501024,100396,P-034,1,12.50
501025,100396,P-020,1,26.00
501026,100396,P-033,1,13.50
501027,100396,P-057,2,16.00
501028,100396,P-047,1,22.00
501029,100397,P-023,2,12.00
501030,100397,P-054,1,14.00
501031,100398,P-007,1,7.50
501032,100399,P-021,3,6.50
501033,100400,P-017,1,38.00
501034,100401,P-004,1,16.50
501035,100402,P-022,2,18.00
501036,100402,P-010,1,21.00
501037,100402,P-018,1,21.50
501038,100402,P-045,1,10.50
501039,100402,P-026,1,5.00
501040,100403,P-010,1,21.00
501041,100403,P-022,1,18.00
501042,100404,P-011,3,42.00
501043,100405,P-035,2,11.00
501044,100406,P-012,3,29.00
501045,100406,P-017,1,38.00
501046,100406,P-020,1,26.00
501047,100407,P-060,2,18.00
501048,100407,P-054,1,14.00
501049,100408,P-034,1,12.50
501050,100408,P-026,1,5.00
501051,100409,P-042,10,26.00
501052,100409,P-036,20,17.00
501053,100410,P-051,1,10.00
501054,100410,P-021,1,6.50
501055,100411,P-022,1,18.00
501056,100411,P-020,1,26.00
501057,100411,P-005,2,9.00
501058,100412,P-047,3,22.00
501059,100413,P-057,10,16.00
501060,100413,P-039,9,23.50
501061,100414,P-032,1,19.00
501062,100414,P-048,2,9.00
501063,100415,P-033,1,13.50
501064,100415,P-042,1,26.00
501065,100415,P-016,1,17.50
501066,100415,P-010,2,21.00
501067,100415,P-044,3,12.00
501068,100415,P-014,3,24.00
501069,100416,P-007,2,7.50
501070,100416,P-026,1,5.00
501071,100417,P-010,1,21.00
501072,100417,P-043,2,15.00
501073,100418,P-034,1,12.50
501074,100418,P-060,1,18.00
501075,100418,P-020,1,26.00
501076,100419,P-014,1,24.00
501077,100420,P-048,2,9.00
501078,100420,P-010,1,21.00
501079,100421,P-034,1,12.50
501080,100422,P-027,1,24.00
501081,100422,P-033,2,13.50
501082,100422,P-023,1,12.00
501083,100422,P-038,2,14.00
501084,100423,P-029,1,9.50
501085,100424,P-052,2,31.00
501086,100424,P-054,1,14.00
501087,100425,P-005,3,9.00
501088,100425,P-008,1,55.00
501089,100426,P-060,1,18.00
501090,100426,P-031,2,22.00
501091,100426,P-053,3,6.00
501092,100427,P-041,2,8.00
501093,100427,P-038,1,14.00
501094,100428,P-053,20,6.00
501095,100429,P-054,1,14.00
501096,100429,P-006,1,48.00
501097,100429,P-029,1,9.50
501098,100429,P-007,1,7.50
501099,100429,P-030,1,11.00
501100,100430,P-003,1,42.00
501101,100430,P-007,1,7.50
501102,100430,P-027,4,24.00
501103,100431,P-013,1,52.00
501104,100431,P-045,1,10.50
501105,100431,P-023,1,12.00
501106,100432,P-034,1,12.50
501107,100432,P-035,1,11.00
501108,100432,P-013,1,52.00
501109,100433,P-044,1,12.00
501110,100433,P-048,1,9.00
501111,100433,P-005,1,9.00
501112,100434,P-011,1,42.00
501113,100434,P-053,3,6.00
501114,100434,P-012,1,29.00
501115,100435,P-052,1,31.00
501116,100435,P-014,4,24.00
501117,100436,P-034,1,12.50
501118,100436,P-020,1,26.00
501119,100437,P-010,10,21.00
501120,100437,P-022,3,18.00
501121,100437,P-020,5,26.00
501122,100437,P-013,10,52.00
501123,100437,P-053,20,6.00
501124,100438,P-050,1,11.50
501125,100438,P-036,2,17.00
501126,100438,P-035,1,11.00
501127,100439,P-031,2,22.00
501128,100440,P-031,1,22.00
501129,100440,P-022,1,18.00
501130,100440,P-048,1,9.00
501131,100441,P-021,1,6.50
501132,100442,P-035,1,11.00
501133,100442,P-028,1,14.50
501134,100442,P-053,1,6.00
501135,100443,P-004,9,16.50
501136,100443,P-012,10,29.00
501137,100443,P-049,10,27.50
501138,100444,P-004,10,16.50
501139,100444,P-015,20,60.00
501140,100445,P-053,1,6.00
501141,100445,P-029,2,9.50
501142,100445,P-019,1,18.00
501143,100445,P-039,1,23.50
501144,100445,P-017,2,38.00
501145,100446,P-057,1,16.00
501146,100446,P-011,2,42.00
501147,100446,P-015,2,60.00
501148,100446,P-018,2,21.50
501149,100446,P-042,1,26.00
501150,100446,P-056,2,12.50
501151,100447,P-019,1,18.00
501152,100447,P-012,1,29.00
501153,100447,P-008,1,55.00
501154,100447,P-032,2,19.00
501155,100448,P-010,1,21.00
501156,100448,P-002,2,34.00
501157,100448,P-012,2,29.00
501158,100448,P-057,2,16.00
501159,100448,P-024,1,16.50
501160,100448,P-004,3,16.50
501161,100449,P-019,2,18.00
501162,100449,P-026,2,5.00
501163,100449,P-048,1,9.00
501164,100449,P-060,1,18.00
501165,100449,P-014,1,24.00
501166,100450,P-041,3,8.00
501167,100450,P-014,1,24.00
501168,100451,P-033,1,13.50
501169,100451,P-019,1,18.00
501170,100452,P-018,3,21.50
501171,100452,P-029,3,9.50
501172,100453,P-042,1,26.00
501173,100453,P-048,1,9.00
501174,100453,P-035,3,11.00
501175,100454,P-035,2,11.00
501176,100454,P-023,1,12.00
501177,100454,P-057,1,16.00
501178,100454,P-056,3,12.50
501179,100455,P-017,2,38.00
501180,100455,P-060,3,18.00
501181,100455,P-041,1,8.00
501182,100455,P-024,1,16.50
501183,100456,P-014,2,24.00
501184,100456,P-035,3,11.00
501185,100457,P-039,10,23.50
501186,100458,P-022,1,18.00
501187,100458,P-007,1,7.50
501188,100458,P-004,1,16.50
501189,100459,P-016,2,17.50
501190,100459,P-031,2,22.00
501191,100459,P-054,1,14.00
501192,100460,P-044,20,12.00
501193,100460,P-047,5,22.00
501194,100461,P-054,1,14.00
501195,100461,P-057,1,16.00
501196,100461,P-034,2,12.50
501197,100462,P-034,20,12.50
501198,100462,P-056,20,12.50
501199,100463,P-029,5,9.50
501200,100463,P-042,3,26.00
501201,100463,P-022,15,18.00
501202,100464,P-054,2,14.00
501203,100464,P-004,1,16.50
501204,100464,P-026,1,5.00
501205,100465,P-022,1,18.00
501206,100465,P-033,1,13.50
501207,100466,P-043,30,15.00
501208,100466,P-048,10,9.00
501209,100466,P-045,40,10.50
501210,100466,P-049,3,27.50
501211,100466,P-004,3,16.50
501212,100466,P-018,10,21.50
501213,100467,P-022,1,18.00
501214,100468,P-027,1,24.00
501215,100468,P-005,1,9.00
501216,100469,P-015,1,60.00
501217,100469,P-060,1,18.00
501218,100470,P-018,2,21.50
501219,100470,P-031,1,22.00
501220,100471,P-034,2,12.50
501221,100471,P-041,1,8.00
501222,100471,P-039,2,23.50
501223,100472,P-010,5,21.00
501224,100472,P-028,5,14.50
501225,100473,P-004,1,16.50
501226,100474,P-051,10,10.00
501227,100474,P-010,9,21.00
501228,100475,P-019,5,18.00
501229,100475,P-049,6,27.50
501230,100476,P-041,1,8.00
501231,100476,P-056,1,12.50
501232,100477,P-016,1,17.50
501233,100477,P-026,1,5.00
501234,100478,P-034,2,12.50
501235,100478,P-023,2,12.00
501236,100478,P-040,1,8.50
501237,100479,P-048,1,9.00
501238,100479,P-027,3,24.00
501239,100480,P-030,2,11.00
501240,100481,P-049,4,27.50
501241,100481,P-029,2,9.50
501242,100482,P-040,1,8.50
501243,100482,P-023,2,12.00
501244,100482,P-016,1,17.50
501245,100482,P-021,1,6.50
501246,100483,P-027,4,24.00
501247,100483,P-010,1,21.00
501248,100484,P-053,2,6.00
501249,100484,P-045,2,10.50
501250,100485,P-016,1,17.50
501251,100486,P-052,1,31.00
501252,100486,P-024,1,16.50
501253,100486,P-026,1,5.00
501254,100487,P-053,3,6.00
501255,100487,P-060,5,18.00
501256,100487,P-037,3,21.00
501257,100487,P-026,3,5.00
501258,100487,P-006,10,48.00
501259,100488,P-059,1,5.50
501260,100489,P-012,1,29.00
501261,100490,P-053,2,6.00
501262,100490,P-059,2,5.50
501263,100491,P-043,1,15.00
501264,100492,P-059,1,5.50
501265,100492,P-024,3,16.50
501266,100493,P-016,4,17.50
501267,100493,P-033,1,13.50
501268,100493,P-038,1,14.00
501269,100494,P-035,1,11.00
501270,100494,P-059,2,5.50
501271,100495,P-030,1,11.00
501272,100495,P-035,1,11.00
501273,100495,P-043,2,15.00
501274,100496,P-054,2,14.00
501275,100496,P-028,2,14.50
501276,100496,P-024,1,16.50
501277,100496,P-007,1,7.50
501278,100497,P-056,1,12.50
501279,100497,P-008,1,55.00
501280,100498,P-026,1,5.00
501281,100498,P-054,1,14.00
501282,100499,P-051,1,10.00
501283,100499,P-006,4,48.00
501284,100499,P-048,1,9.00
501285,100500,P-004,2,16.50
501286,100501,P-020,1,26.00
501287,100501,P-039,1,23.50
501288,100501,P-050,1,11.50
501289,100502,P-012,1,29.00
501290,100502,P-034,1,12.50
501291,100502,P-057,1,16.00
501292,100503,P-041,1,8.00
501293,100503,P-050,1,11.50
501294,100503,P-018,3,21.50
501295,100504,P-049,2,27.50
501296,100504,P-052,1,31.00
501297,100504,P-030,2,11.00
501298,100504,P-019,1,18.00
501299,100504,P-056,2,12.50
501300,100504,P-037,3,21.00
501301,100505,P-059,2,5.50
501302,100505,P-031,1,22.00
501303,100505,P-041,1,8.00
501304,100506,P-021,3,6.50
501305,100507,P-015,2,60.00
501306,100507,P-033,2,13.50
501307,100507,P-002,1,34.00
501308,100507,P-051,3,10.00
501309,100508,P-020,1,26.00
501310,100509,P-019,1,18.00
501311,100509,P-026,1,5.00
501312,100509,P-008,1,55.00
501313,100510,P-053,1,6.00
501314,100510,P-010,3,21.00
501315,100511,P-040,2,8.50
501316,100511,P-034,2,12.50
501317,100511,P-054,1,14.00
501318,100512,P-038,1,14.00
501319,100512,P-002,2,34.00
501320,100512,P-012,1,29.00
501321,100513,P-049,1,27.50
501322,100513,P-056,3,12.50
501323,100513,P-007,3,7.50
501324,100514,P-043,1,15.00
501325,100514,P-036,1,17.00
501326,100514,P-048,1,9.00
501327,100514,P-024,1,16.50
501328,100514,P-040,2,8.50
501329,100515,P-006,2,48.00
501330,100516,P-004,2,16.50
501331,100516,P-019,4,18.00
501332,100516,P-024,1,16.50
501333,100517,P-051,3,10.00
501334,100518,P-014,1,24.00
501335,100518,P-050,4,11.50
501336,100518,P-032,1,19.00
501337,100519,P-027,1,24.00
501338,100519,P-038,2,14.00
501339,100520,P-048,1,9.00
501340,100520,P-036,1,17.00
501341,100521,P-057,1,16.00
501342,100521,P-049,1,27.50
501343,100522,P-057,2,16.00
501344,100522,P-060,1,18.00
501345,100522,P-032,1,19.00
501346,100523,P-023,1,12.00
501347,100523,P-013,1,52.00
501348,100524,P-031,1,22.00
501349,100524,P-012,2,29.00
501350,100525,P-017,1,38.00
501351,100526,P-056,3,12.50
501352,100526,P-026,1,5.00
501353,100526,P-035,2,11.00
501354,100526,P-007,1,7.50
501355,100527,P-034,1,12.50
501356,100527,P-033,1,13.50
501357,100527,P-014,2,24.00
501358,100528,P-051,1,10.00
501359,100528,P-005,1,9.00
501360,100528,P-024,1,16.50
501361,100528,P-042,2,26.00
501362,100529,P-059,1,5.50
501363,100529,P-005,1,9.00
501364,100530,P-026,1,5.00
501365,100530,P-055,2,19.00
501366,100530,P-007,2,7.50
501367,100531,P-021,10,6.50
501368,100531,P-026,20,5.00
501369,100532,P-028,1,14.50
501370,100532,P-030,4,11.00
501371,100533,P-004,2,16.50
501372,100533,P-039,1,23.50
501373,100534,P-047,1,22.00
501374,100534,P-049,1,27.50
501375,100534,P-039,2,23.50
501376,100535,P-056,1,12.50
501377,100535,P-015,4,60.00
501378,100535,P-014,1,24.00
501379,100536,P-041,1,8.00
501380,100536,P-054,1,14.00
501381,100536,P-021,1,6.50
501382,100537,P-022,2,18.00
501383,100538,P-023,2,12.00
501384,100538,P-018,1,21.50
501385,100538,P-033,1,13.50
501386,100539,P-010,1,21.00
501387,100539,P-020,1,26.00
501388,100540,P-053,4,6.00
501389,100540,P-030,2,11.00
501390,100541,P-035,3,11.00
501391,100541,P-057,4,16.00
501392,100542,P-052,3,31.00
501393,100543,P-017,1,38.00
501394,100544,P-039,4,23.50
501395,100544,P-060,1,18.00
501396,100544,P-004,1,16.50
501397,100545,P-048,2,9.00
501398,100545,P-037,1,21.00
501399,100545,P-002,3,34.00
501400,100546,P-021,2,6.50
501401,100546,P-017,1,38.00
501402,100547,P-031,1,22.00
501403,100547,P-028,4,14.50
501404,100548,P-060,3,18.00
501405,100548,P-036,3,17.00
501406,100548,P-044,3,12.00
501407,100548,P-050,10,11.50
501408,100548,P-016,10,17.50
501409,100549,P-051,3,10.00
501410,100550,P-017,2,38.00
501411,100550,P-060,3,18.00
501412,100551,P-024,1,16.50
501413,100551,P-035,2,11.00
501414,100552,P-033,2,13.50
501415,100552,P-042,1,26.00
501416,100553,P-038,1,14.00
501417,100553,P-006,3,48.00
501418,100554,P-032,2,19.00
501419,100554,P-021,1,6.50
501420,100554,P-053,1,6.00
501421,100554,P-034,1,12.50
501422,100554,P-002,1,34.00
501423,100555,P-040,1,8.50
501424,100556,P-041,3,8.00
501425,100556,P-049,1,27.50
501426,100556,P-043,1,15.00
501427,100557,P-020,1,26.00
501428,100557,P-015,1,60.00
501429,100557,P-026,2,5.00
501430,100558,P-033,1,13.50
501431,100558,P-042,1,26.00
501432,100558,P-028,4,14.50
501433,100559,P-047,2,22.00
501434,100560,P-050,10,11.50
501435,100560,P-038,10,14.00
501436,100561,P-034,3,12.50
501437,100561,P-060,2,18.00
501438,100561,P-040,1,8.50
501439,100562,P-029,4,9.50
501440,100562,P-053,1,6.00
501441,100562,P-007,1,7.50
501442,100563,P-004,1,16.50
501443,100563,P-008,2,55.00
501444,100563,P-007,1,7.50
501445,100563,P-006,2,48.00
501446,100563,P-043,1,15.00
501447,100564,P-045,1,10.50
501448,100564,P-039,1,23.50
501449,100564,P-040,1,8.50
501450,100565,P-013,20,52.00
501451,100565,P-012,10,29.00
501452,100565,P-023,5,12.00
501453,100566,P-031,3,22.00
501454,100566,P-053,3,6.00
501455,100566,P-051,1,10.00
501456,100566,P-048,1,9.00
501457,100567,P-012,2,29.00
501458,100567,P-019,2,18.00
501459,100567,P-048,3,9.00
501460,100568,P-026,2,5.00
501461,100568,P-018,1,21.50
501462,100569,P-004,1,16.50
501463,100570,P-002,1,34.00
501464,100570,P-029,3,9.50
501465,100571,P-004,3,16.50
501466,100572,P-056,2,12.50
501467,100573,P-040,1,8.50
501468,100573,P-045,1,10.50
501469,100573,P-018,2,21.50
501470,100573,P-044,1,12.00
501471,100573,P-012,1,29.00
501472,100574,P-053,2,6.00
501473,100574,P-029,1,9.50
501474,100574,P-054,4,14.00
501475,100574,P-033,2,13.50
501476,100575,P-001,2,19.50
501477,100575,P-022,1,18.00
501478,100575,P-033,1,13.50
501479,100576,P-050,1,11.50
501480,100576,P-024,1,16.50
501481,100576,P-037,1,21.00
501482,100577,P-054,1,14.00
501483,100577,P-053,2,6.00
501484,100577,P-031,1,22.00
501485,100578,P-026,3,5.00
501486,100578,P-029,5,9.50
501487,100578,P-037,3,21.00
501488,100578,P-012,5,29.00
501489,100578,P-051,20,10.00
501490,100579,P-053,1,6.00
501491,100580,P-060,1,18.00
501492,100580,P-012,3,29.00
501493,100581,P-048,1,9.00
501494,100581,P-026,1,5.00
501495,100581,P-044,1,12.00
501496,100582,P-034,1,12.50
501497,100582,P-011,1,42.00
501498,100582,P-054,4,14.00
501499,100582,P-014,4,24.00
501500,100583,P-034,2,12.50
501501,100584,P-030,1,11.00
501502,100584,P-023,1,12.00
501503,100585,P-047,2,22.00
501504,100585,P-007,2,7.50
501505,100585,P-019,1,18.00
501506,100586,P-004,2,16.50
501507,100587,P-053,1,6.00
501508,100588,P-054,2,14.00
501509,100588,P-060,4,18.00
501510,100589,P-049,2,27.50
501511,100589,P-024,1,16.50
501512,100589,P-014,2,24.00
501513,100590,P-038,1,14.00
501514,100590,P-035,2,11.00
501515,100591,P-007,1,7.50
501516,100591,P-013,1,52.00
501517,100591,P-023,1,12.00
501518,100591,P-002,1,34.00
501519,100592,P-042,1,26.00
501520,100593,P-034,1,12.50
501521,100593,P-019,1,18.00
501522,100594,P-040,1,8.50
501523,100595,P-040,1,8.50
501524,100595,P-010,3,21.00
501525,100595,P-006,1,48.00
501526,100596,P-020,1,26.00
501527,100596,P-030,1,11.00
501528,100597,P-041,2,8.00
501529,100597,P-015,1,60.00
501530,100598,P-032,1,19.00
501531,100598,P-040,1,8.50
501532,100598,P-060,1,18.00
501533,100598,P-044,1,12.00
501534,100598,P-053,1,6.00
501535,100598,P-039,1,23.50
501536,100599,P-021,3,6.50
501537,100599,P-049,1,27.50
501538,100599,P-032,1,19.00
501539,100600,P-050,1,11.50
501540,100601,P-019,9,18.00
501541,100602,P-055,3,19.00
501542,100602,P-005,1,9.00
501543,100603,P-041,1,8.00
501544,100603,P-023,1,12.00
501545,100603,P-053,1,6.00
501546,100603,P-032,1,19.00
501547,100604,P-053,3,6.00
501548,100604,P-012,10,29.00
501549,100604,P-040,30,8.50
501550,100604,P-043,20,15.00
501551,100605,P-005,4,9.00
501552,100605,P-038,1,14.00
501553,100606,P-026,1,5.00
501554,100606,P-050,1,11.50
501555,100606,P-001,2,19.50
501556,100607,P-016,1,17.50
501557,100608,P-010,1,21.00
501558,100608,P-038,1,14.00
501559,100608,P-043,3,15.00
501560,100609,P-055,3,19.00
501561,100610,P-059,1,5.50
501562,100610,P-047,1,22.00
501563,100611,P-051,1,10.00
501564,100612,P-010,2,21.00
501565,100612,P-040,3,8.50
501566,100612,P-034,1,12.50
501567,100612,P-007,1,7.50
501568,100613,P-012,1,29.00
501569,100613,P-053,2,6.00
501570,100614,P-040,1,8.50
501571,100614,P-056,1,12.50
501572,100615,P-040,1,8.50
501573,100615,P-041,1,8.00
501574,100616,P-048,3,9.00
501575,100616,P-012,6,29.00
501576,100616,P-032,3,19.00
501577,100617,P-057,4,16.00
501578,100617,P-060,1,18.00
501579,100617,P-049,2,27.50
501580,100618,P-030,2,11.00
501581,100619,P-015,6,60.00
501582,100619,P-048,10,9.00
501583,100620,P-024,1,16.50
501584,100620,P-012,3,29.00
501585,100621,P-042,1,26.00
501586,100621,P-012,1,29.00
501587,100622,P-028,2,14.50
501588,100622,P-007,1,7.50
501589,100623,P-024,1,16.50
501590,100623,P-053,1,6.00
501591,100624,P-047,1,22.00
501592,100624,P-049,1,27.50
501593,100624,P-002,3,34.00
501594,100625,P-042,2,26.00
501595,100625,P-045,1,10.50
501596,100626,P-034,10,12.50
501597,100626,P-030,20,11.00
501598,100626,P-022,20,18.00
501599,100626,P-007,3,7.50
501600,100626,P-037,10,21.00
501601,100627,P-027,3,24.00
501602,100627,P-001,30,19.50
501603,100628,P-056,1,12.50
501604,100628,P-007,1,7.50
501605,100628,P-004,3,16.50
501606,100628,P-019,2,18.00
501607,100629,P-043,2,15.00
501608,100629,P-031,1,22.00
501609,100629,P-019,1,18.00
501610,100630,P-022,2,18.00
501611,100631,P-027,2,24.00
501612,100631,P-008,1,55.00
501613,100632,P-020,1,26.00
501614,100632,P-013,1,52.00
501615,100633,P-041,1,8.00
501616,100633,P-007,2,7.50
501617,100633,P-006,1,48.00
501618,100634,P-040,1,8.50
501619,100634,P-059,1,5.50
501620,100634,P-055,1,19.00
501621,100634,P-024,1,16.50
501622,100635,P-043,1,15.00
501623,100635,P-013,2,52.00
501624,100636,P-001,1,19.50
501625,100637,P-041,4,8.00
501626,100637,P-004,1,16.50
501627,100638,P-054,2,14.00
501628,100638,P-052,1,31.00
501629,100638,P-041,1,8.00
501630,100638,P-014,1,24.00
501631,100638,P-053,1,6.00
501632,100639,P-043,1,15.00
501633,100639,P-027,1,24.00
501634,100640,P-054,3,14.00
501635,100641,P-054,1,14.00
501636,100641,P-052,1,31.00
501637,100642,P-026,1,5.00
501638,100642,P-055,1,19.00
501639,100642,P-051,1,10.00
501640,100642,P-012,1,29.00
501641,100643,P-017,1,38.00
501642,100643,P-007,1,7.50
501643,100643,P-023,3,12.00
501644,100643,P-031,1,22.00
501645,100643,P-045,1,10.50
501646,100644,P-043,2,15.00
501647,100644,P-017,1,38.00
501648,100645,P-013,1,52.00
501649,100645,P-059,1,5.50
501650,100646,P-023,1,12.00
501651,100647,P-007,2,7.50
501652,100647,P-026,2,5.00
501653,100648,P-043,3,15.00
501654,100648,P-019,1,18.00
501655,100648,P-027,3,24.00
501656,100649,P-022,1,18.00
501657,100649,P-026,2,5.00
501658,100649,P-040,1,8.50
501659,100650,P-015,5,60.00
501660,100650,P-056,5,12.50
501661,100650,P-004,3,16.50
501662,100650,P-060,40,18.00
501663,100650,P-040,30,8.50
501664,100651,P-018,1,21.50
501665,100651,P-028,2,14.50
501666,100651,P-026,1,5.00
501667,100651,P-006,1,48.00
501668,100652,P-029,1,9.50
501669,100652,P-035,1,11.00
501670,100652,P-041,1,8.00
501671,100653,P-006,1,48.00
501672,100653,P-039,1,23.50
501673,100654,P-029,1,9.50
501674,100654,P-053,1,6.00
501675,100654,P-036,1,17.00
501676,100655,P-038,1,14.00
501677,100656,P-007,2,7.50
501678,100657,P-023,1,12.00
501679,100657,P-007,1,7.50
501680,100657,P-044,2,12.00
501681,100657,P-032,1,19.00
501682,100657,P-039,1,23.50
501683,100657,P-002,1,34.00
501684,100658,P-023,10,12.00
501685,100659,P-031,1,22.00
501686,100660,P-059,2,5.50
501687,100660,P-035,2,11.00
501688,100661,P-001,1,19.50
501689,100661,P-059,1,5.50
501690,100661,P-018,3,21.50
501691,100662,P-059,4,5.50
501692,100662,P-040,1,8.50
501693,100662,P-033,1,13.50
501694,100663,P-048,1,9.00
501695,100664,P-010,1,21.00
501696,100664,P-034,3,12.50
501697,100664,P-056,2,12.50
501698,100665,P-056,2,12.50
501699,100665,P-004,1,16.50
501700,100666,P-037,4,21.00
501701,100667,P-023,1,12.00
501702,100667,P-060,1,18.00
501703,100667,P-042,1,26.00
501704,100667,P-059,2,5.50
501705,100667,P-007,2,7.50
501706,100668,P-047,2,22.00
501707,100668,P-032,1,19.00
501708,100669,P-008,1,55.00
501709,100669,P-042,1,26.00
501710,100669,P-019,2,18.00
501711,100670,P-040,2,8.50
501712,100670,P-026,2,5.00
501713,100670,P-054,1,14.00
501714,100670,P-049,1,27.50
501715,100671,P-048,1,9.00
501716,100671,P-059,1,5.50
501717,100671,P-050,1,11.50
501718,100672,P-035,4,11.00
501719,100673,P-037,1,21.00
501720,100673,P-043,1,15.00
501721,100674,P-010,1,21.00
501722,100674,P-037,2,21.00
501723,100675,P-048,1,9.00
501724,100675,P-019,1,18.00
501725,100676,P-038,6,14.00
501726,100677,P-012,2,29.00
501727,100678,P-014,1,24.00
501728,100679,P-051,1,10.00
501729,100679,P-010,2,21.00
501730,100679,P-053,4,6.00
501731,100680,P-023,1,12.00
501732,100680,P-031,1,22.00
501733,100681,P-029,1,9.50
501734,100681,P-026,1,5.00
501735,100682,P-023,1,12.00
501736,100683,P-039,20,23.50
501737,100684,P-059,1,5.50
501738,100684,P-048,3,9.00
501739,100684,P-024,1,16.50
501740,100685,P-056,1,12.50
501741,100685,P-016,1,17.50
501742,100685,P-012,1,29.00
501743,100685,P-004,1,16.50
501744,100686,P-007,1,7.50
501745,100687,P-055,1,19.00
501746,100687,P-054,2,14.00
501747,100687,P-034,1,12.50
501748,100687,P-059,2,5.50
501749,100687,P-007,1,7.50
501750,100688,P-029,10,9.50
501751,100688,P-007,10,7.50
501752,100688,P-022,10,18.00
501753,100689,P-040,2,8.50
501754,100689,P-010,1,21.00
501755,100689,P-049,1,27.50
501756,100690,P-033,2,13.50
501757,100690,P-012,1,29.00
501758,100690,P-024,1,16.50
501759,100691,P-043,4,15.00
501760,100691,P-044,1,12.00
501761,100692,P-048,1,9.00
501762,100693,P-022,2,18.00
501763,100694,P-053,2,6.00
501764,100694,P-001,2,19.50
501765,100695,P-027,1,24.00
501766,100695,P-031,1,22.00
501767,100696,P-012,1,29.00
501768,100697,P-030,10,11.00
501769,100698,P-043,1,15.00
501770,100698,P-031,2,22.00
501771,100698,P-022,1,18.00
501772,100699,P-007,3,7.50
501773,100699,P-030,3,11.00
501774,100700,P-018,1,21.50
501775,100700,P-060,4,18.00
501776,100700,P-013,1,52.00
501777,100701,P-039,3,23.50
501778,100701,P-012,5,29.00
501779,100702,P-060,1,18.00
501780,100702,P-049,3,27.50
501781,100703,P-022,10,18.00
501782,100703,P-036,10,17.00
501783,100704,P-011,3,42.00
501784,100705,P-049,2,27.50
501785,100705,P-043,2,15.00
501786,100705,P-018,1,21.50
501787,100706,P-060,2,18.00
501788,100707,P-043,1,15.00
501789,100707,P-014,1,24.00
501790,100707,P-044,2,12.00
501791,100707,P-042,1,26.00
501792,100707,P-040,1,8.50
501793,100708,P-060,2,18.00
501794,100708,P-053,2,6.00
501795,100708,P-007,1,7.50
501796,100709,P-030,2,11.00
501797,100710,P-043,1,15.00
501798,100710,P-054,2,14.00
501799,100710,P-029,2,9.50
501800,100710,P-051,3,10.00
501801,100711,P-017,2,38.00
501802,100711,P-004,2,16.50
501803,100711,P-010,1,21.00
501804,100711,P-024,2,16.50
501805,100712,P-056,2,12.50
501806,100712,P-026,2,5.00
501807,100712,P-050,2,11.50
501808,100712,P-033,1,13.50
501809,100713,P-040,1,8.50
501810,100713,P-019,1,18.00
501811,100713,P-036,1,17.00
501812,100714,P-014,1,24.00
501813,100715,P-040,1,8.50
501814,100715,P-024,1,16.50
501815,100715,P-018,2,21.50
501816,100716,P-038,1,14.00
501817,100716,P-033,1,13.50
501818,100717,P-012,1,29.00
501819,100717,P-047,3,22.00
501820,100717,P-044,1,12.00
501821,100718,P-057,1,16.00
501822,100719,P-019,3,18.00
501823,100720,P-014,2,24.00
501824,100720,P-056,4,12.50
501825,100720,P-004,3,16.50
501826,100720,P-036,3,17.00
501827,100721,P-014,6,24.00
501828,100721,P-056,3,12.50
501829,100722,P-027,1,24.00
501830,100723,P-019,1,18.00
501831,100723,P-037,2,21.00
501832,100723,P-035,1,11.00
501833,100724,P-053,1,6.00
501834,100725,P-033,1,13.50
501835,100725,P-014,1,24.00
501836,100726,P-054,10,14.00
501837,100727,P-023,2,12.00
501838,100728,P-003,2,42.00
501839,100728,P-022,1,18.00
501840,100728,P-030,2,11.00
501841,100728,P-041,1,8.00
501842,100728,P-049,1,27.50
501843,100728,P-047,1,22.00
501844,100729,P-035,1,11.00
501845,100730,P-030,1,11.00
501846,100730,P-053,4,6.00
501847,100730,P-024,2,16.50
501848,100730,P-004,1,16.50
501849,100731,P-034,2,12.50
501850,100731,P-026,2,5.00
501851,100732,P-022,1,18.00
501852,100733,P-030,3,11.00
501853,100734,P-021,2,6.50
501854,100734,P-059,1,5.50
501855,100734,P-024,1,16.50
501856,100735,P-056,3,12.50
501857,100736,P-041,1,8.00
501858,100736,P-054,1,14.00
501859,100736,P-012,1,29.00
501860,100736,P-005,2,9.00
501861,100736,P-038,4,14.00
501862,100737,P-048,9,9.00
501863,100737,P-041,20,8.00
501864,100737,P-035,3,11.00
501865,100738,P-018,1,21.50
501866,100739,P-007,2,7.50
501867,100740,P-021,3,6.50
501868,100740,P-038,3,14.00
501869,100740,P-022,1,18.00
501870,100740,P-044,1,12.00
501871,100741,P-022,10,18.00
501872,100741,P-005,3,9.00
501873,100741,P-016,5,17.50
501874,100742,P-006,1,48.00
501875,100743,P-024,1,16.50
501876,100743,P-039,1,23.50
501877,100744,P-060,1,18.00
501878,100744,P-018,1,21.50
501879,100745,P-060,1,18.00
501880,100746,P-055,1,19.00
501881,100747,P-017,5,38.00
501882,100747,P-050,3,11.50
501883,100747,P-041,12,8.00
501884,100748,P-053,1,6.00
501885,100749,P-040,12,8.50
501886,100749,P-017,5,38.00
501887,100750,P-018,1,21.50
501888,100751,P-038,2,14.00
501889,100752,P-018,1,21.50
501890,100753,P-048,6,9.00
501891,100754,P-018,1,21.50
501892,100754,P-060,3,18.00
501893,100755,P-007,1,7.50
501894,100755,P-059,1,5.50
501895,100756,P-042,1,26.00
501896,100756,P-044,1,12.00
501897,100756,P-008,2,55.00
501898,100756,P-053,1,6.00
501899,100757,P-024,1,16.50
501900,100757,P-045,2,10.50
501901,100757,P-040,3,8.50
501902,100758,P-035,1,11.00
501903,100759,P-026,4,5.00
501904,100759,P-059,1,5.50
501905,100759,P-011,1,42.00
501906,100759,P-049,1,27.50
501907,100759,P-005,1,9.00
501908,100759,P-022,2,18.00
501909,100760,P-012,1,29.00
501910,100760,P-042,1,26.00
501911,100760,P-004,1,16.50
501912,100760,P-035,3,11.00
501913,100760,P-020,2,26.00
501914,100761,P-041,2,8.00
501915,100761,P-022,1,18.00
501916,100762,P-019,2,18.00
501917,100762,P-035,1,11.00
501918,100763,P-019,2,18.00
501919,100763,P-057,1,16.00
501920,100763,P-020,2,26.00
501921,100763,P-005,1,9.00
501922,100764,P-023,4,12.00
501923,100764,P-012,1,29.00
501924,100764,P-044,1,12.00
501925,100765,P-041,2,8.00
501926,100765,P-032,1,19.00
501927,100765,P-027,1,24.00
501928,100766,P-024,2,16.50
501929,100766,P-037,2,21.00
501930,100766,P-032,2,19.00
501931,100767,P-020,2,26.00
501932,100768,P-007,1,7.50
501933,100768,P-053,2,6.00
501934,100769,P-014,4,24.00
501935,100769,P-022,1,18.00
501936,100769,P-027,3,24.00
501937,100770,P-012,3,29.00
501938,100770,P-060,1,18.00
501939,100771,P-029,1,9.50
501940,100771,P-040,1,8.50
501941,100771,P-037,1,21.00
501942,100771,P-056,1,12.50
501943,100771,P-019,2,18.00
501944,100772,P-040,5,8.50
501945,100772,P-033,10,13.50
501946,100772,P-006,5,48.00
501947,100772,P-007,10,7.50
501948,100772,P-018,12,21.50
501949,100773,P-033,2,13.50
501950,100773,P-059,3,5.50
501951,100773,P-022,2,18.00
501952,100773,P-035,1,11.00
501953,100773,P-051,1,10.00
501954,100774,P-026,10,5.00
501955,100774,P-038,10,14.00
501956,100774,P-019,30,18.00
501957,100775,P-011,1,42.00
501958,100775,P-036,1,17.00
501959,100776,P-012,1,29.00
501960,100777,P-004,1,16.50
501961,100777,P-027,3,24.00
501962,100777,P-034,1,12.50
501963,100778,P-039,1,23.50
501964,100778,P-043,2,15.00
501965,100778,P-023,1,12.00
501966,100779,P-011,3,42.00
501967,100779,P-028,3,14.50
501968,100780,P-035,2,11.00
501969,100780,P-045,3,10.50
501970,100780,P-041,1,8.00
501971,100780,P-059,1,5.50
501972,100781,P-040,2,8.50
501973,100781,P-053,1,6.00
501974,100781,P-054,3,14.00
501975,100781,P-059,1,5.50
501976,100782,P-054,1,14.00
501977,100782,P-007,1,7.50
501978,100782,P-043,2,15.00
501979,100783,P-041,1,8.00
501980,100783,P-012,1,29.00
501981,100784,P-020,3,26.00
501982,100785,P-005,1,9.00
501983,100785,P-057,1,16.00
501984,100785,P-043,4,15.00
501985,100785,P-027,1,24.00
501986,100785,P-048,3,9.00
501987,100786,P-007,10,7.50
501988,100786,P-049,5,27.50
501989,100787,P-026,1,5.00
501990,100787,P-059,1,5.50
501991,100787,P-044,2,12.00
501992,100788,P-060,1,18.00
501993,100788,P-055,2,19.00
501994,100788,P-022,1,18.00
501995,100789,P-012,10,29.00
501996,100790,P-019,2,18.00
501997,100790,P-006,1,48.00
501998,100790,P-055,1,19.00
501999,100791,P-053,1,6.00
502000,100791,P-004,2,16.50
502001,100792,P-032,1,19.00
502002,100792,P-005,3,9.00
502003,100793,P-026,3,5.00
502004,100794,P-016,10,17.50
502005,100794,P-010,20,21.00
502006,100794,P-020,10,26.00
502007,100795,P-041,1,8.00
502008,100796,P-006,2,48.00
502009,100796,P-044,1,12.00
502010,100796,P-028,1,14.50
502011,100796,P-010,3,21.00
502012,100796,P-022,1,18.00
502013,100797,P-038,6,14.00
502014,100797,P-039,10,23.50
502015,100798,P-027,4,24.00
502016,100798,P-021,1,6.50
502017,100798,P-034,1,12.50
502018,100798,P-004,1,16.50
502019,100799,P-027,1,24.00
502020,100799,P-048,1,9.00
502021,100799,P-051,1,10.00
502022,100800,P-017,5,38.00
502023,100800,P-040,3,8.50
502024,100801,P-032,1,19.00
502025,100801,P-007,1,7.50
502026,100802,P-007,1,7.50
502027,100803,P-053,1,6.00
502028,100803,P-010,1,21.00
502029,100804,P-045,1,10.50
502030,100804,P-019,1,18.00
502031,100805,P-045,10,10.50
502032,100805,P-028,3,14.50
502033,100805,P-007,5,7.50
502034,100806,P-010,5,21.00
502035,100806,P-034,3,12.50
502036,100806,P-052,6,31.00
502037,100807,P-026,1,5.00
502038,100807,P-030,1,11.00
502039,100807,P-024,1,16.50
502040,100808,P-019,1,18.00
502041,100808,P-030,2,11.00
502042,100809,P-018,3,21.50
502043,100809,P-037,5,21.00
502044,100809,P-060,5,18.00
502045,100810,P-060,3,18.00
502046,100810,P-016,20,17.50
502047,100811,P-048,2,9.00
502048,100811,P-014,1,24.00
502049,100811,P-012,1,29.00
502050,100812,P-020,3,26.00
502051,100812,P-018,2,21.50
502052,100812,P-001,2,19.50
502053,100812,P-056,2,12.50
502054,100813,P-023,1,12.00
502055,100813,P-024,1,16.50
502056,100813,P-013,1,52.00
502057,100813,P-010,1,21.00
502058,100814,P-019,1,18.00
502059,100814,P-020,1,26.00
502060,100814,P-035,2,11.00
502061,100814,P-001,1,19.50
502062,100815,P-013,1,52.00
502063,100815,P-024,1,16.50
502064,100815,P-029,1,9.50
502065,100816,P-024,3,16.50
502066,100817,P-060,1,18.00
502067,100817,P-014,1,24.00
502068,100818,P-044,1,12.00
502069,100819,P-038,2,14.00
502070,100819,P-035,1,11.00
502071,100820,P-057,1,16.00
502072,100821,P-027,5,24.00
502073,100821,P-023,15,12.00
502074,100822,P-054,3,14.00
502075,100822,P-033,3,13.50
502076,100823,P-056,1,12.50
502077,100823,P-031,2,22.00
502078,100824,P-016,3,17.50
502079,100824,P-006,3,48.00
502080,100824,P-036,1,17.00
502081,100824,P-018,1,21.50
502082,100825,P-035,1,11.00
502083,100825,P-007,3,7.50
502084,100825,P-018,1,21.50
502085,100825,P-053,1,6.00
502086,100826,P-020,2,26.00
502087,100826,P-040,1,8.50
502088,100826,P-003,1,42.00
502089,100826,P-055,2,19.00
502090,100827,P-008,1,55.00
502091,100827,P-020,2,26.00
502092,100828,P-033,2,13.50
502093,100828,P-032,2,19.00
502094,100828,P-013,2,52.00
502095,100828,P-040,1,8.50
502096,100829,P-033,1,13.50
502097,100829,P-007,1,7.50
502098,100829,P-018,1,21.50
502099,100830,P-022,2,18.00
502100,100831,P-028,1,14.50
502101,100831,P-034,3,12.50
502102,100832,P-056,1,12.50
502103,100833,P-007,2,7.50
502104,100834,P-007,2,7.50
502105,100834,P-055,1,19.00
502106,100835,P-037,2,21.00
502107,100835,P-021,2,6.50
502108,100835,P-034,1,12.50
502109,100835,P-060,4,18.00
502110,100836,P-050,1,11.50
502111,100837,P-059,10,5.50
502112,100838,P-031,1,22.00
502113,100838,P-045,1,10.50
502114,100838,P-032,2,19.00
502115,100839,P-035,1,11.00
502116,100839,P-055,1,19.00
502117,100840,P-034,2,12.50
502118,100840,P-027,1,24.00
502119,100840,P-018,2,21.50
502120,100840,P-030,1,11.00
502121,100840,P-056,2,12.50
502122,100840,P-035,2,11.00
502123,100841,P-018,3,21.50
502124,100841,P-059,1,5.50
502125,100842,P-043,1,15.00
502126,100842,P-034,1,12.50
502127,100842,P-031,1,22.00
502128,100842,P-023,1,12.00
502129,100842,P-041,1,8.00
502130,100842,P-032,1,19.00
502131,100843,P-027,1,24.00
502132,100843,P-004,4,16.50
502133,100843,P-012,2,29.00
502134,100844,P-060,1,18.00
502135,100844,P-032,2,19.00
502136,100845,P-048,3,9.00
502137,100845,P-005,3,9.00
502138,100846,P-059,1,5.50
502139,100846,P-044,1,12.00
502140,100846,P-018,4,21.50
502141,100846,P-050,1,11.50
502142,100847,P-014,2,24.00
502143,100848,P-048,2,9.00
502144,100848,P-022,2,18.00
502145,100848,P-040,4,8.50
502146,100848,P-027,2,24.00
502147,100848,P-045,3,10.50
502148,100849,P-038,10,14.00
502149,100849,P-005,6,9.00
502150,100849,P-039,5,23.50
502151,100849,P-052,12,31.00
502152,100849,P-015,20,60.00
502153,100849,P-033,6,13.50
502154,100850,P-060,1,18.00
502155,100850,P-059,3,5.50
502156,100851,P-017,1,38.00
502157,100851,P-035,1,11.00
502158,100852,P-034,1,12.50
502159,100852,P-007,1,7.50
502160,100853,P-030,1,11.00
502161,100853,P-019,2,18.00
502162,100853,P-044,4,12.00
502163,100854,P-027,30,24.00
502164,100854,P-034,6,12.50
502165,100854,P-053,6,6.00
502166,100855,P-057,3,16.00
502167,100855,P-019,1,18.00
502168,100856,P-056,3,12.50
502169,100856,P-010,2,21.00
502170,100856,P-050,1,11.50
502171,100856,P-029,1,9.50
502172,100856,P-007,3,7.50
502173,100857,P-006,1,48.00
502174,100857,P-050,1,11.50
502175,100858,P-019,1,18.00
502176,100858,P-040,2,8.50
502177,100858,P-033,3,13.50
502178,100858,P-059,2,5.50
502179,100859,P-014,2,24.00
502180,100859,P-026,1,5.00
502181,100859,P-015,1,60.00
502182,100859,P-051,2,10.00
502183,100860,P-016,2,17.50
502184,100860,P-028,2,14.50
502185,100860,P-041,2,8.00
502186,100860,P-026,2,5.00
502187,100861,P-015,1,60.00
502188,100862,P-008,1,55.00
502189,100863,P-044,1,12.00
502190,100864,P-031,1,22.00
502191,100864,P-028,2,14.50
502192,100864,P-027,1,24.00
502193,100865,P-018,1,21.50
502194,100865,P-035,3,11.00
502195,100865,P-020,4,26.00
502196,100866,P-026,2,5.00
502197,100866,P-060,2,18.00
502198,100867,P-006,10,48.00
502199,100867,P-059,10,5.50
502200,100867,P-015,5,60.00
502201,100867,P-042,20,26.00
502202,100868,P-041,5,8.00
502203,100868,P-032,9,19.00
502204,100868,P-060,5,18.00
502205,100869,P-024,1,16.50
502206,100869,P-044,1,12.00
502207,100870,P-038,1,14.00
502208,100870,P-040,1,8.50
502209,100870,P-004,1,16.50
502210,100870,P-022,2,18.00
502211,100871,P-042,2,26.00
502212,100871,P-012,1,29.00
502213,100872,P-005,5,9.00
502214,100872,P-039,10,23.50
502215,100872,P-051,3,10.00
502216,100872,P-048,5,9.00
502217,100873,P-017,1,38.00
502218,100874,P-032,1,19.00
502219,100874,P-054,1,14.00
502220,100875,P-024,10,16.50
502221,100875,P-035,3,11.00
502222,100875,P-056,3,12.50
502223,100875,P-037,10,21.00
502224,100876,P-020,1,26.00
502225,100876,P-050,3,11.50
502226,100876,P-014,3,24.00
502227,100876,P-034,1,12.50
502228,100877,P-019,2,18.00
502229,100877,P-031,1,22.00
502230,100877,P-054,1,14.00
502231,100878,P-041,1,8.00
502232,100878,P-023,1,12.00
502233,100879,P-001,2,19.50
502234,100879,P-037,3,21.00
502235,100880,P-029,3,9.50
502236,100880,P-005,1,9.00
502237,100881,P-045,3,10.50
502238,100882,P-026,1,5.00
502239,100883,P-007,1,7.50
502240,100883,P-034,2,12.50
502241,100884,P-037,10,21.00
502242,100884,P-060,3,18.00
502243,100884,P-055,3,19.00
502244,100885,P-014,4,24.00
502245,100885,P-051,1,10.00
502246,100886,P-019,1,18.00
502247,100887,P-040,1,8.50
502248,100887,P-023,1,12.00
502249,100887,P-059,1,5.50
502250,100888,P-019,3,18.00
502251,100888,P-041,1,8.00
502252,100888,P-036,4,17.00
502253,100889,P-048,1,9.00
502254,100889,P-020,1,26.00
502255,100889,P-045,1,10.50
502256,100889,P-023,1,12.00
502257,100889,P-029,1,9.50
502258,100890,P-014,1,24.00
502259,100890,P-053,2,6.00
502260,100890,P-024,2,16.50
502261,100890,P-038,3,14.00
502262,100890,P-049,1,27.50
502263,100891,P-026,1,5.00
502264,100891,P-059,2,5.50
502265,100891,P-054,1,14.00
502266,100892,P-055,1,19.00
502267,100892,P-029,2,9.50
502268,100893,P-039,1,23.50
502269,100893,P-048,1,9.00
502270,100893,P-035,2,11.00
502271,100894,P-013,1,52.00
502272,100894,P-023,1,12.00
502273,100894,P-059,1,5.50
502274,100895,P-029,4,9.50
502275,100895,P-054,1,14.00
502276,100896,P-012,2,29.00
502277,100897,P-040,1,8.50
502278,100897,P-059,1,5.50
502279,100897,P-020,2,26.00
502280,100897,P-053,2,6.00
502281,100898,P-060,1,18.00
502282,100899,P-052,1,31.00
502283,100900,P-047,2,22.00
502284,100900,P-007,1,7.50
502285,100901,P-005,5,9.00
502286,100901,P-019,5,18.00
502287,100901,P-016,5,17.50
502288,100902,P-027,1,24.00
502289,100902,P-020,1,26.00
502290,100903,P-056,2,12.50
502291,100903,P-038,1,14.00
502292,100904,P-032,20,19.00
502293,100905,P-053,1,6.00
502294,100906,P-044,1,12.00
502295,100906,P-026,1,5.00
502296,100907,P-026,1,5.00
502297,100907,P-029,2,9.50
502298,100908,P-022,1,18.00
502299,100909,P-005,1,9.00
502300,100909,P-017,1,38.00
502301,100910,P-020,1,26.00
502302,100910,P-007,1,7.50
502303,100910,P-026,1,5.00
502304,100910,P-040,2,8.50
502305,100911,P-004,2,16.50
502306,100911,P-003,1,42.00
502307,100911,P-041,1,8.00
502308,100912,P-012,4,29.00
502309,100912,P-040,1,8.50
502310,100913,P-033,4,13.50
502311,100913,P-004,1,16.50
502312,100914,P-043,1,15.00
502313,100914,P-023,4,12.00
502314,100914,P-055,2,19.00
502315,100915,P-056,2,12.50
502316,100915,P-018,3,21.50
502317,100915,P-053,1,6.00
502318,100915,P-026,1,5.00
502319,100916,P-054,1,14.00
502320,100917,P-057,3,16.00
502321,100917,P-051,10,10.00
502322,100918,P-035,1,11.00
502323,100918,P-045,1,10.50
502324,100919,P-021,1,6.50
502325,100919,P-040,1,8.50
502326,100920,P-011,1,42.00
502327,100920,P-059,1,5.50
502328,100920,P-057,1,16.00
502329,100920,P-027,2,24.00
502330,100921,P-028,1,14.50
502331,100921,P-042,1,26.00
502332,100922,P-060,2,18.00
502333,100922,P-042,1,26.00
502334,100923,P-031,2,22.00
502335,100923,P-040,1,8.50
502336,100924,P-054,1,14.00
502337,100924,P-039,4,23.50
502338,100924,P-037,2,21.00
502339,100925,P-060,3,18.00
502340,100925,P-019,12,18.00
502341,100926,P-060,3,18.00
502342,100926,P-022,1,18.00
502343,100927,P-056,2,12.50
502344,100927,P-047,1,22.00
502345,100928,P-019,2,18.00
502346,100928,P-007,1,7.50
502347,100928,P-024,1,16.50
502348,100928,P-059,2,5.50
502349,100928,P-006,1,48.00
502350,100928,P-057,2,16.00
502351,100929,P-048,1,9.00
502352,100929,P-004,1,16.50
502353,100929,P-027,1,24.00
502354,100929,P-028,1,14.50
502355,100930,P-021,1,6.50
502356,100930,P-049,2,27.50
502357,100931,P-026,5,5.00
502358,100931,P-024,10,16.50
502359,100932,P-056,1,12.50
502360,100932,P-020,1,26.00
502361,100932,P-039,1,23.50
502362,100933,P-053,2,6.00
502363,100933,P-007,1,7.50
502364,100933,P-021,1,6.50
502365,100934,P-033,2,13.50
502366,100935,P-037,10,21.00
502367,100935,P-048,5,9.00
502368,100935,P-036,12,17.00
502369,100936,P-054,5,14.00
502370,100936,P-041,10,8.00
502371,100937,P-048,2,9.00
502372,100938,P-047,2,22.00
502373,100938,P-037,2,21.00
502374,100938,P-041,1,8.00
502375,100938,P-003,3,42.00
502376,100938,P-055,1,19.00
502377,100939,P-002,2,34.00
502378,100940,P-026,5,5.00
502379,100941,P-054,20,14.00
502380,100942,P-043,4,15.00
502381,100943,P-057,2,16.00
502382,100943,P-042,3,26.00
502383,100943,P-020,1,26.00
502384,100943,P-023,3,12.00
502385,100944,P-027,1,24.00
502386,100945,P-019,1,18.00
502387,100945,P-047,1,22.00
502388,100945,P-012,2,29.00
502389,100945,P-021,1,6.50
502390,100945,P-036,2,17.00
502391,100946,P-003,1,42.00
502392,100947,P-035,1,11.00
502393,100948,P-053,1,6.00
502394,100948,P-014,1,24.00
502395,100948,P-042,4,26.00
502396,100949,P-060,2,18.00
502397,100949,P-059,1,5.50
502398,100949,P-018,1,21.50
502399,100949,P-026,1,5.00
502400,100950,P-028,2,14.50
502401,100950,P-037,4,21.00
502402,100950,P-041,1,8.00
502403,100950,P-034,1,12.50
502404,100951,P-010,2,21.00
502405,100951,P-002,3,34.00
502406,100952,P-007,5,7.50
502407,100952,P-041,5,8.00
502408,100953,P-033,1,13.50
502409,100953,P-034,1,12.50
502410,100953,P-060,3,18.00
502411,100953,P-045,2,10.50
502412,100954,P-012,1,29.00
502413,100955,P-039,3,23.50
502414,100955,P-037,3,21.00
502415,100956,P-022,2,18.00
502416,100956,P-007,1,7.50
502417,100957,P-053,10,6.00
502418,100958,P-037,1,21.00
502419,100958,P-040,3,8.50
502420,100959,P-012,1,29.00
502421,100959,P-035,1,11.00
502422,100959,P-001,1,19.50
502423,100960,P-030,5,11.00
502424,100961,P-010,3,21.00
502425,100962,P-048,2,9.00
502426,100962,P-010,2,21.00
502427,100962,P-043,1,15.00
502428,100962,P-038,3,14.00
502429,100962,P-004,2,16.50
502430,100963,P-010,10,21.00
502431,100963,P-015,20,60.00
502432,100964,P-047,1,22.00
502433,100964,P-052,1,31.00
502434,100965,P-029,1,9.50
502435,100966,P-034,6,12.50
502436,100966,P-040,6,8.50
502437,100966,P-002,30,34.00
502438,100967,P-059,1,5.50
502439,100967,P-047,2,22.00
502440,100967,P-019,1,18.00
502441,100967,P-041,1,8.00
502442,100968,P-029,4,9.50
502443,100968,P-017,1,38.00
502444,100969,P-048,2,9.00
502445,100970,P-051,1,10.00
502446,100970,P-012,1,29.00
502447,100970,P-021,3,6.50
502448,100970,P-039,1,23.50
502449,100971,P-032,10,19.00
502450,100971,P-039,5,23.50
502451,100972,P-044,2,12.00
502452,100972,P-050,1,11.50
502453,100972,P-029,1,9.50
502454,100973,P-051,1,10.00
502455,100973,P-049,1,27.50
502456,100974,P-053,1,6.00
502457,100975,P-035,1,11.00
502458,100975,P-053,1,6.00
502459,100975,P-030,2,11.00
502460,100976,P-007,1,7.50
502461,100976,P-017,1,38.00
502462,100977,P-031,10,22.00
502463,100977,P-039,10,23.50
502464,100978,P-016,3,17.50
502465,100978,P-019,3,18.00
502466,100978,P-021,3,6.50
502467,100979,P-054,1,14.00
502468,100979,P-039,1,23.50
502469,100980,P-042,1,26.00
502470,100980,P-048,1,9.00
502471,100981,P-031,1,22.00
502472,100981,P-059,4,5.50
502473,100981,P-057,1,16.00
502474,100981,P-051,1,10.00
502475,100981,P-003,1,42.00
502476,100982,P-032,1,19.00
502477,100982,P-020,2,26.00
502478,100982,P-026,2,5.00
502479,100983,P-053,1,6.00
502480,100983,P-041,1,8.00
502481,100983,P-016,1,17.50
502482,100983,P-023,2,12.00
502483,100983,P-054,1,14.00
502484,100983,P-049,3,27.50
502485,100984,P-006,5,48.00
502486,100984,P-004,10,16.50
502487,100984,P-038,20,14.00
502488,100985,P-041,3,8.00
502489,100985,P-043,1,15.00
502490,100985,P-059,1,5.50
502491,100986,P-043,1,15.00
502492,100987,P-036,2,17.00
502493,100987,P-040,1,8.50
502494,100987,P-056,1,12.50
502495,100987,P-041,3,8.00
502496,100988,P-004,1,16.50
502497,100988,P-041,1,8.00
502498,100988,P-057,1,16.00
502499,100989,P-008,20,55.00
502500,100989,P-056,3,12.50
502501,100989,P-048,5,9.00
502502,100990,P-011,1,42.00
502503,100991,P-017,1,38.00
502504,100992,P-039,2,23.50
502505,100992,P-020,1,26.00
502506,100992,P-034,2,12.50
502507,100992,P-026,3,5.00
502508,100992,P-051,1,10.00
502509,100993,P-018,1,21.50
502510,100993,P-016,1,17.50
502511,100994,P-049,2,27.50
502512,100995,P-055,2,19.00
502513,100995,P-015,1,60.00
502514,100996,P-060,1,18.00
502515,100996,P-056,2,12.50
502516,100996,P-035,1,11.00
502517,100997,P-015,2,60.00
502518,100997,P-037,1,21.00
502519,100997,P-027,4,24.00
502520,100997,P-024,2,16.50
502521,100997,P-006,1,48.00
502522,100998,P-012,3,29.00
502523,100998,P-037,1,21.00
502524,100998,P-050,1,11.50
502525,100999,P-003,2,42.00
502526,100999,P-004,3,16.50
502527,100999,P-052,1,31.00
502528,101000,P-016,5,17.50
502529,101000,P-055,10,19.00
502530,101001,P-022,1,18.00
502531,101001,P-008,1,55.00
502532,101001,P-012,1,29.00
502533,101001,P-056,2,12.50
502534,101001,P-060,1,18.00
502535,101002,P-010,1,21.00
502536,101002,P-047,3,22.00
502537,101002,P-020,1,26.00
502538,101003,P-029,1,9.50
502539,101004,P-026,1,5.00
502540,101004,P-034,2,12.50
502541,101005,P-040,1,8.50
502542,101005,P-047,1,22.00
502543,101006,P-004,1,16.50
502544,101006,P-049,1,27.50
502545,101006,P-019,1,18.00
502546,101007,P-020,1,26.00
502547,101007,P-051,1,10.00
502548,101008,P-007,1,7.50
502549,101009,P-010,2,21.00
502550,101009,P-053,1,6.00
502551,101010,P-051,2,10.00
502552,101011,P-057,2,16.00
502553,101012,P-045,2,10.50
502554,101012,P-056,1,12.50
502555,101012,P-012,1,29.00
502556,101012,P-017,1,38.00
502557,101013,P-018,1,21.50
502558,101013,P-021,1,6.50
502559,101013,P-016,1,17.50
502560,101013,P-032,1,19.00
502561,101014,P-050,1,11.50
502562,101014,P-012,4,29.00
502563,101015,P-057,3,16.00
502564,101015,P-028,10,14.50
502565,101016,P-029,1,9.50
502566,101017,P-004,3,16.50
502567,101017,P-054,10,14.00
502568,101018,P-053,2,6.00
502569,101018,P-014,1,24.00
502570,101019,P-018,1,21.50
502571,101019,P-035,2,11.00
502572,101019,P-021,3,6.50
502573,101019,P-048,3,9.00
502574,101019,P-005,1,9.00
502575,101020,P-041,2,8.00
502576,101020,P-022,1,18.00
502577,101020,P-043,1,15.00
502578,101020,P-052,2,31.00
502579,101021,P-038,1,14.00
502580,101021,P-021,1,6.50
502581,101021,P-053,1,6.00
502582,101021,P-060,1,18.00
502583,101022,P-014,1,24.00
502584,101022,P-022,3,18.00
502585,101022,P-016,1,17.50
502586,101023,P-034,1,12.50
502587,101023,P-044,2,12.00
502588,101024,P-029,2,9.50
502589,101024,P-039,4,23.50
502590,101024,P-053,2,6.00
502591,101025,P-018,2,21.50
502592,101026,P-057,1,16.00
502593,101026,P-005,1,9.00
502594,101026,P-022,1,18.00
502595,101026,P-012,1,29.00
502596,101026,P-042,2,26.00
502597,101027,P-011,1,42.00
502598,101027,P-012,2,29.00
502599,101027,P-049,1,27.50
502600,101028,P-040,2,8.50
502601,101028,P-010,1,21.00
502602,101029,P-028,1,14.50
502603,101029,P-035,1,11.00
502604,101029,P-022,1,18.00
502605,101030,P-060,2,18.00
502606,101031,P-008,5,55.00
502607,101031,P-053,20,6.00
502608,101031,P-014,5,24.00
502609,101032,P-001,3,19.50
502610,101032,P-007,1,7.50
502611,101032,P-018,3,21.50
502612,101033,P-007,5,7.50
502613,101033,P-004,3,16.50
502614,101033,P-020,3,26.00
502615,101034,P-005,1,9.00
502616,101034,P-050,2,11.50
502617,101034,P-059,1,5.50
502618,101035,P-052,1,31.00
502619,101035,P-014,1,24.00
502620,101036,P-059,1,5.50
502621,101036,P-010,2,21.00
502622,101036,P-048,1,9.00
502623,101037,P-048,20,9.00
502624,101037,P-012,5,29.00
502625,101038,P-007,2,7.50
502626,101038,P-019,1,18.00
502627,101039,P-021,3,6.50
502628,101039,P-028,3,14.50
502629,101039,P-008,5,55.00
502630,101040,P-010,1,21.00
502631,101040,P-004,1,16.50
502632,101041,P-060,3,18.00
502633,101041,P-053,5,6.00
502634,101041,P-024,5,16.50
502635,101041,P-006,5,48.00
502636,101042,P-018,1,21.50
502637,101043,P-048,2,9.00
502638,101044,P-057,1,16.00
502639,101044,P-051,1,10.00
502640,101045,P-045,1,10.50
502641,101046,P-039,4,23.50
502642,101046,P-033,1,13.50
502643,101046,P-023,1,12.00
502644,101047,P-010,1,21.00
502645,101047,P-020,2,26.00
502646,101047,P-026,1,5.00
502647,101047,P-014,3,24.00
502648,101047,P-051,2,10.00
502649,101048,P-018,1,21.50
502650,101048,P-034,4,12.50
502651,101048,P-002,1,34.00
502652,101049,P-019,1,18.00
502653,101050,P-004,5,16.50
502654,101050,P-054,20,14.00
502655,101050,P-047,10,22.00
502656,101050,P-041,12,8.00
502657,101051,P-057,1,16.00
502658,101051,P-012,2,29.00
502659,101051,P-059,1,5.50
502660,101051,P-035,1,11.00
502661,101052,P-043,1,15.00
502662,101052,P-055,2,19.00
502663,101053,P-037,2,21.00
502664,101054,P-019,1,18.00
502665,101054,P-010,1,21.00
502666,101055,P-041,1,8.00
502667,101055,P-045,1,10.50
502668,101056,P-055,2,19.00
502669,101056,P-039,1,23.50
502670,101056,P-048,1,9.00
502671,101056,P-040,1,8.50
502672,101057,P-060,2,18.00
502673,101058,P-001,2,19.50
502674,101058,P-055,2,19.00
502675,101058,P-026,1,5.00
502676,101058,P-002,2,34.00
502677,101058,P-022,1,18.00
502678,101059,P-057,3,16.00
502679,101059,P-053,2,6.00
502680,101060,P-019,1,18.00
502681,101060,P-044,2,12.00
502682,101061,P-026,1,5.00
502683,101061,P-048,1,9.00
502684,101061,P-031,1,22.00
502685,101062,P-022,1,18.00
502686,101062,P-026,1,5.00
502687,101063,P-043,1,15.00
502688,101063,P-021,1,6.50
502689,101064,P-029,1,9.50
502690,101065,P-006,1,48.00
502691,101065,P-026,1,5.00
502692,101065,P-010,2,21.00
502693,101065,P-045,1,10.50
502694,101066,P-040,1,8.50
502695,101066,P-048,3,9.00
502696,101066,P-034,4,12.50
502697,101066,P-024,3,16.50
502698,101066,P-045,2,10.50
502699,101067,P-050,3,11.50
502700,101067,P-019,2,18.00
502701,101067,P-012,1,29.00
502702,101067,P-044,2,12.00
502703,101067,P-004,1,16.50
502704,101068,P-036,1,17.00
502705,101068,P-045,1,10.50
502706,101069,P-036,1,17.00
502707,101069,P-016,1,17.50
502708,101069,P-031,1,22.00
502709,101070,P-026,4,5.00
502710,101071,P-030,2,11.00
502711,101071,P-019,2,18.00
502712,101072,P-022,1,18.00
502713,101072,P-026,2,5.00
502714,101073,P-041,3,8.00
502715,101074,P-056,10,12.50
502716,101075,P-042,2,26.00
502717,101075,P-035,2,11.00
502718,101075,P-018,1,21.50
502719,101075,P-049,1,27.50
502720,101075,P-007,1,7.50
502721,101076,P-038,1,14.00
502722,101077,P-010,2,21.00
502723,101077,P-041,1,8.00
502724,101078,P-037,2,21.00
502725,101079,P-043,1,15.00
502726,101079,P-052,1,31.00
502727,101079,P-022,2,18.00
502728,101080,P-043,5,15.00
502729,101080,P-023,30,12.00
502730,101080,P-034,5,12.50
502731,101081,P-060,1,18.00
502732,101081,P-023,1,12.00
502733,101082,P-019,2,18.00
502734,101082,P-045,1,10.50
502735,101082,P-042,3,26.00
502736,101082,P-014,2,24.00
502737,101083,P-011,1,42.00
502738,101083,P-036,1,17.00
502739,101083,P-040,1,8.50
502740,101084,P-029,2,9.50
502741,101084,P-036,1,17.00
502742,101084,P-010,1,21.00
502743,101084,P-048,1,9.00
502744,101085,P-035,2,11.00
502745,101086,P-010,40,21.00
502746,101087,P-023,1,12.00
502747,101088,P-059,2,5.50
502748,101088,P-021,1,6.50
502749,101088,P-011,2,42.00
502750,101088,P-019,1,18.00
502751,101089,P-059,1,5.50
502752,101089,P-053,4,6.00
502753,101089,P-002,3,34.00
502754,101090,P-054,2,14.00
502755,101090,P-033,1,13.50
502756,101090,P-043,4,15.00
502757,101090,P-059,1,5.50
502758,101091,P-023,1,12.00
502759,101091,P-030,1,11.00
502760,101092,P-035,1,11.00
502761,101092,P-022,1,18.00
502762,101092,P-055,3,19.00
502763,101093,P-031,2,22.00
502764,101094,P-039,2,23.50
502765,101094,P-036,2,17.00
502766,101094,P-024,1,16.50
502767,101094,P-047,1,22.00
502768,101095,P-048,2,9.00
502769,101095,P-056,1,12.50
502770,101095,P-040,2,8.50
502771,101095,P-007,1,7.50
502772,101096,P-037,1,21.00
502773,101097,P-007,1,7.50
502774,101097,P-026,1,5.00
502775,101097,P-032,1,19.00
502776,101097,P-036,4,17.00
502777,101098,P-007,2,7.50
502778,101098,P-049,4,27.50
502779,101098,P-034,2,12.50
502780,101098,P-021,2,6.50
502781,101099,P-019,1,18.00
502782,101100,P-060,1,18.00
502783,101100,P-035,1,11.00
502784,101100,P-023,1,12.00
502785,101100,P-034,1,12.50
502786,101100,P-013,3,52.00
502787,101101,P-047,1,22.00
502788,101102,P-021,3,6.50
502789,101102,P-056,2,12.50
502790,101103,P-043,2,15.00
502791,101103,P-040,2,8.50
502792,101104,P-023,1,12.00
502793,101104,P-048,2,9.00
502794,101105,P-021,2,6.50
502795,101105,P-005,3,9.00
502796,101105,P-028,1,14.50
502797,101105,P-040,1,8.50
502798,101106,P-044,2,12.00
502799,101107,P-043,1,15.00
502800,101108,P-059,1,5.50
502801,101108,P-042,2,26.00
502802,101108,P-037,1,21.00
502803,101108,P-027,1,24.00
502804,101109,P-016,4,17.50
502805,101109,P-032,1,19.00
502806,101109,P-001,1,19.50
502807,101109,P-019,3,18.00
502808,101109,P-033,2,13.50
502809,101110,P-037,1,21.00
502810,101110,P-053,1,6.00
502811,101110,P-010,1,21.00
502812,101111,P-044,1,12.00
502813,101111,P-053,2,6.00
502814,101111,P-036,2,17.00
502815,101112,P-033,1,13.50
502816,101112,P-055,2,19.00
502817,101113,P-031,1,22.00
502818,101113,P-004,2,16.50
502819,101113,P-029,2,9.50
502820,101113,P-001,3,19.50
502821,101113,P-018,4,21.50
502822,101114,P-049,1,27.50
502823,101114,P-014,1,24.00
502824,101114,P-042,1,26.00
502825,101114,P-022,2,18.00
502826,101114,P-023,1,12.00
502827,101115,P-022,3,18.00
502828,101116,P-039,2,23.50
502829,101117,P-059,1,5.50
502830,101117,P-007,3,7.50
502831,101118,P-024,2,16.50
502832,101118,P-052,4,31.00
502833,101119,P-042,1,26.00
502834,101119,P-043,2,15.00
502835,101119,P-038,1,14.00
502836,101120,P-007,1,7.50
502837,101120,P-027,1,24.00
502838,101120,P-055,2,19.00
502839,101120,P-054,1,14.00
502840,101121,P-055,1,19.00
502841,101121,P-028,1,14.50
502842,101121,P-017,1,38.00
502843,101121,P-006,1,48.00
502844,101122,P-050,1,11.50
502845,101122,P-022,1,18.00
502846,101122,P-004,1,16.50
502847,101123,P-042,1,26.00
502848,101123,P-022,1,18.00
502849,101123,P-059,1,5.50
502850,101124,P-056,3,12.50
502851,101124,P-019,1,18.00
502852,101124,P-041,1,8.00
502853,101125,P-049,1,27.50
502854,101125,P-059,2,5.50
502855,101125,P-038,2,14.00
502856,101126,P-004,1,16.50
502857,101126,P-030,1,11.00
502858,101127,P-040,2,8.50
502859,101127,P-022,1,18.00
502860,101127,P-026,2,5.00
502861,101128,P-010,1,21.00
502862,101128,P-014,2,24.00
502863,101128,P-020,2,26.00
502864,101129,P-059,2,5.50
502865,101129,P-057,1,16.00
502866,101129,P-060,2,18.00
502867,101129,P-015,4,60.00
502868,101130,P-024,1,16.50
502869,101130,P-040,1,8.50
502870,101130,P-042,1,26.00
502871,101131,P-024,3,16.50
502872,101131,P-019,3,18.00
502873,101132,P-022,10,18.00
502874,101132,P-023,5,12.00
502875,101132,P-029,5,9.50
502876,101132,P-059,30,5.50
502877,101132,P-048,20,9.00
502878,101132,P-040,10,8.50
502879,101133,P-030,3,11.00
502880,101133,P-005,10,9.00
502881,101134,P-016,20,17.50
502882,101134,P-003,3,42.00
502883,101135,P-059,20,5.50
502884,101135,P-028,5,14.50
502885,101135,P-020,5,26.00
502886,101136,P-050,2,11.50
502887,101136,P-053,1,6.00
502888,101137,P-053,1,6.00
502889,101137,P-026,3,5.00
502890,101138,P-042,2,26.00
502891,101138,P-029,1,9.50
502892,101139,P-022,1,18.00
502893,101139,P-059,1,5.50
502894,101140,P-045,1,10.50
502895,101140,P-041,2,8.00
502896,101140,P-026,1,5.00
502897,101141,P-059,1,5.50
502898,101141,P-007,2,7.50
502899,101141,P-057,1,16.00
502900,101141,P-021,1,6.50
502901,101142,P-019,2,18.00
502902,101142,P-043,1,15.00
502903,101142,P-036,1,17.00
502904,101143,P-004,1,16.50
502905,101143,P-022,1,18.00
502906,101144,P-034,40,12.50
502907,101145,P-018,1,21.50
502908,101145,P-035,2,11.00
502909,101146,P-037,3,21.00
502910,101146,P-028,20,14.50
502911,101147,P-041,6,8.00
502912,101147,P-027,20,24.00
502913,101147,P-047,10,22.00
502914,101148,P-019,10,18.00
502915,101149,P-007,1,7.50
502916,101150,P-022,1,18.00
502917,101150,P-029,1,9.50
502918,101150,P-042,1,26.00
502919,101150,P-056,1,12.50
502920,101151,P-039,1,23.50
502921,101151,P-036,1,17.00
502922,101152,P-008,10,55.00
502923,101152,P-040,6,8.50
502924,101152,P-059,3,5.50
502925,101153,P-049,2,27.50
502926,101153,P-059,2,5.50
502927,101154,P-047,3,22.00
502928,101154,P-022,2,18.00
502929,101154,P-035,1,11.00
502930,101155,P-021,2,6.50
502931,101155,P-011,2,42.00
502932,101155,P-007,2,7.50
502933,101156,P-043,2,15.00
502934,101156,P-032,1,19.00
502935,101157,P-018,1,21.50
502936,101157,P-060,1,18.00
502937,101157,P-041,2,8.00
502938,101158,P-008,1,55.00
502939,101158,P-022,1,18.00
502940,101159,P-060,1,18.00
502941,101159,P-004,1,16.50
502942,101159,P-036,2,17.00
502943,101159,P-049,1,27.50
502944,101160,P-021,2,6.50
502945,101160,P-022,1,18.00
502946,101160,P-038,1,14.00
502947,101160,P-017,2,38.00
502948,101160,P-012,1,29.00
502949,101161,P-026,1,5.00
502950,101161,P-016,2,17.50
502951,101161,P-044,1,12.00
502952,101162,P-021,1,6.50
502953,101162,P-037,1,21.00
502954,101163,P-051,4,10.00
502955,101163,P-050,1,11.50
502956,101163,P-029,1,9.50
502957,101164,P-060,2,18.00
502958,101165,P-042,2,26.00
502959,101165,P-012,4,29.00
502960,101166,P-038,2,14.00
502961,101166,P-040,1,8.50
502962,101166,P-028,2,14.50
502963,101166,P-044,1,12.00
502964,101166,P-001,2,19.50
502965,101166,P-022,1,18.00
502966,101167,P-035,10,11.00
502967,101168,P-042,1,26.00
502968,101168,P-003,2,42.00
502969,101168,P-001,1,19.50
502970,101168,P-026,2,5.00
502971,101169,P-033,2,13.50
502972,101169,P-028,3,14.50
502973,101170,P-040,1,8.50
502974,101170,P-022,1,18.00
502975,101170,P-011,2,42.00
502976,101171,P-057,15,16.00
502977,101172,P-054,3,14.00
502978,101172,P-056,1,12.50
502979,101173,P-022,1,18.00
502980,101173,P-033,3,13.50
502981,101174,P-035,1,11.00
502982,101174,P-004,2,16.50
502983,101174,P-040,1,8.50
502984,101174,P-017,4,38.00
502985,101174,P-018,2,21.50
502986,101175,P-056,3,12.50
502987,101175,P-037,3,21.00
502988,101175,P-035,3,11.00
502989,101175,P-059,1,5.50
502990,101176,P-050,1,11.50
502991,101176,P-041,2,8.00
502992,101177,P-018,1,21.50
502993,101177,P-050,3,11.50
502994,101177,P-060,2,18.00
502995,101177,P-045,1,10.50
502996,101177,P-016,2,17.50
502997,101178,P-056,1,12.50
502998,101178,P-010,1,21.00
502999,101178,P-014,1,24.00
503000,101179,P-004,2,16.50
503001,101179,P-020,1,26.00
503002,101180,P-001,1,19.50
503003,101181,P-014,1,24.00
503004,101181,P-048,1,9.00
503005,101181,P-028,3,14.50
503006,101182,P-002,2,34.00
503007,101182,P-035,1,11.00
503008,101182,P-019,1,18.00
503009,101182,P-054,2,14.00
503010,101182,P-030,2,11.00
503011,101183,P-019,2,18.00
503012,101184,P-017,1,38.00
503013,101185,P-038,1,14.00
503014,101185,P-019,1,18.00
503015,101185,P-021,2,6.50
503016,101186,P-021,1,6.50
503017,101186,P-048,1,9.00
503018,101187,P-023,1,12.00
503019,101188,P-024,1,16.50
503020,101188,P-043,2,15.00
503021,101188,P-059,2,5.50
503022,101189,P-045,2,10.50
503023,101190,P-004,2,16.50
503024,101190,P-019,2,18.00
503025,101191,P-022,2,18.00
503026,101191,P-048,1,9.00
503027,101192,P-040,2,8.50
503028,101192,P-031,1,22.00
503029,101192,P-048,1,9.00
503030,101193,P-048,1,9.00
503031,101193,P-052,1,31.00
503032,101193,P-007,1,7.50
503033,101194,P-034,1,12.50
503034,101194,P-040,1,8.50
503035,101194,P-048,1,9.00
503036,101194,P-020,2,26.00
503037,101194,P-032,4,19.00
503038,101195,P-048,4,9.00
503039,101195,P-042,2,26.00
503040,101195,P-023,1,12.00
503041,101195,P-024,1,16.50
503042,101196,P-012,1,29.00
503043,101196,P-056,1,12.50
503044,101197,P-035,1,11.00
503045,101197,P-022,1,18.00
503046,101197,P-006,1,48.00
503047,101198,P-033,3,13.50
503048,101198,P-012,1,29.00
503049,101198,P-013,1,52.00
503050,101198,P-047,4,22.00
503051,101198,P-029,2,9.50
503052,101198,P-057,2,16.00
503053,101199,P-003,1,42.00
503054,101200,P-032,1,19.00
503055,101201,P-004,1,16.50
503056,101202,P-006,1,48.00
503057,101202,P-024,4,16.50
503058,101203,P-012,2,29.00
503059,101203,P-056,1,12.50
503060,101203,P-041,1,8.00
503061,101203,P-047,3,22.00
503062,101203,P-039,2,23.50
503063,101203,P-007,2,7.50
503064,101204,P-017,1,38.00
503065,101204,P-028,2,14.50
503066,101204,P-007,1,7.50
503067,101205,P-060,2,18.00
503068,101205,P-033,1,13.50
503069,101206,P-007,3,7.50
503070,101206,P-030,1,11.00
503071,101206,P-051,1,10.00
503072,101206,P-027,1,24.00
503073,101207,P-056,1,12.50
503074,101207,P-042,4,26.00
503075,101208,P-022,30,18.00
503076,101209,P-022,2,18.00
503077,101209,P-008,2,55.00
503078,101209,P-033,2,13.50
503079,101210,P-024,10,16.50
503080,101210,P-031,5,22.00
503081,101211,P-017,2,38.00
503082,101212,P-056,1,12.50
503083,101212,P-043,1,15.00
503084,101212,P-003,1,42.00
503085,101213,P-048,2,9.00
503086,101213,P-029,2,9.50
503087,101213,P-022,1,18.00
503088,101213,P-040,1,8.50
503089,101214,P-015,1,60.00
503090,101214,P-056,1,12.50
503091,101215,P-043,5,15.00
503092,101215,P-053,10,6.00
503093,101215,P-048,3,9.00
503094,101216,P-042,1,26.00
503095,101217,P-042,3,26.00
503096,101218,P-001,2,19.50
503097,101218,P-037,2,21.00
503098,101218,P-007,1,7.50
503099,101219,P-033,1,13.50
503100,101220,P-056,1,12.50
503101,101220,P-048,1,9.00
503102,101220,P-010,1,21.00
503103,101220,P-005,1,9.00
503104,101221,P-013,3,52.00
503105,101221,P-029,9,9.50
503106,101222,P-040,1,8.50
503107,101222,P-034,2,12.50
503108,101222,P-035,3,11.00
503109,101223,P-034,4,12.50
503110,101223,P-059,1,5.50
503111,101223,P-022,1,18.00
503112,101223,P-060,1,18.00
503113,101223,P-052,1,31.00
503114,101224,P-020,1,26.00
503115,101224,P-036,3,17.00
503116,101225,P-028,4,14.50
503117,101226,P-056,1,12.50
503118,101226,P-040,2,8.50
503119,101226,P-021,1,6.50
503120,101226,P-014,1,24.00
503121,101226,P-055,1,19.00
503122,101227,P-043,2,15.00
503123,101227,P-017,2,38.00
503124,101227,P-026,1,5.00
503125,101227,P-022,1,18.00
503126,101227,P-012,1,29.00
503127,101228,P-054,1,14.00
503128,101228,P-010,1,21.00
503129,101228,P-028,2,14.50
503130,101229,P-006,2,48.00
503131,101229,P-048,1,9.00
503132,101230,P-008,4,55.00
503133,101231,P-001,6,19.50
503134,101231,P-021,6,6.50
503135,101231,P-042,10,26.00
503136,101231,P-003,3,42.00
503137,101232,P-007,2,7.50
503138,101232,P-047,2,22.00
503139,101233,P-057,2,16.00
503140,101233,P-005,1,9.00
503141,101233,P-042,1,26.00
503142,101234,P-059,2,5.50
503143,101235,P-018,2,21.50
503144,101236,P-054,1,14.00
503145,101236,P-033,1,13.50
503146,101236,P-018,1,21.50
503147,101236,P-039,1,23.50
503148,101237,P-023,2,12.00
503149,101237,P-012,1,29.00
503150,101237,P-038,1,14.00
503151,101237,P-036,1,17.00
503152,101237,P-015,1,60.00
503153,101238,P-027,3,24.00
503154,101239,P-048,1,9.00
503155,101240,P-026,2,5.00
503156,101241,P-028,3,14.50
503157,101241,P-050,5,11.50
503158,101242,P-001,1,19.50
503159,101243,P-031,2,22.00
503160,101243,P-034,1,12.50
503161,101244,P-026,1,5.00
503162,101244,P-054,1,14.00
503163,101244,P-038,1,14.00
503164,101244,P-045,1,10.50
503165,101244,P-043,1,15.00
503166,101245,P-053,4,6.00
503167,101245,P-030,1,11.00
503168,101245,P-056,2,12.50
503169,101245,P-059,1,5.50
503170,101246,P-004,1,16.50
503171,101246,P-015,3,60.00
503172,101246,P-038,1,14.00
503173,101246,P-003,2,42.00
503174,101247,P-050,2,11.50
503175,101247,P-039,1,23.50
503176,101248,P-003,6,42.00
503177,101249,P-054,2,14.00
503178,101249,P-029,1,9.50
503179,101249,P-053,2,6.00
503180,101249,P-039,1,23.50
503181,101249,P-060,2,18.00
503182,101250,P-001,1,19.50
503183,101250,P-043,2,15.00
503184,101250,P-004,2,16.50
503185,101250,P-054,2,14.00
503186,101250,P-007,1,7.50
503187,101251,P-044,10,12.00
503188,101251,P-022,12,18.00
503189,101251,P-041,3,8.00
503190,101251,P-059,6,5.50
503191,101251,P-047,3,22.00
503192,101252,P-014,2,24.00
503193,101252,P-028,1,14.50
503194,101252,P-047,1,22.00
503195,101253,P-050,1,11.50
503196,101253,P-035,1,11.00
503197,101254,P-007,1,7.50
503198,101255,P-028,1,14.50
503199,101255,P-057,1,16.00
503200,101255,P-054,1,14.00
503201,101256,P-034,2,12.50
503202,101256,P-010,1,21.00
503203,101257,P-059,1,5.50
503204,101257,P-051,3,10.00
503205,101257,P-002,1,34.00
503206,101258,P-008,3,55.00
503207,101258,P-019,2,18.00
503208,101258,P-004,1,16.50
503209,101258,P-007,1,7.50
503210,101259,P-047,1,22.00
503211,101259,P-039,2,23.50
503212,101260,P-059,1,5.50
503213,101260,P-026,4,5.00
503214,101260,P-032,2,19.00
503215,101261,P-034,1,12.50
503216,101261,P-021,1,6.50
503217,101261,P-056,1,12.50
503218,101261,P-004,1,16.50
503219,101262,P-013,2,52.00
503220,101262,P-060,3,18.00
503221,101263,P-042,1,26.00
503222,101263,P-014,4,24.00
503223,101263,P-037,1,21.00
503224,101263,P-048,1,9.00
503225,101263,P-010,1,21.00
503226,101263,P-032,1,19.00
503227,101264,P-038,1,14.00
503228,101264,P-004,1,16.50
503229,101264,P-026,1,5.00
503230,101264,P-024,2,16.50
503231,101265,P-041,1,8.00
503232,101265,P-052,1,31.00
503233,101266,P-004,1,16.50
503234,101266,P-024,1,16.50
503235,101266,P-041,3,8.00
503236,101266,P-013,2,52.00
503237,101267,P-031,2,22.00
503238,101267,P-007,1,7.50
503239,101267,P-041,1,8.00
503240,101268,P-050,1,11.50
503241,101268,P-047,1,22.00
503242,101268,P-004,3,16.50
503243,101269,P-060,1,18.00
503244,101269,P-057,1,16.00
503245,101270,P-012,2,29.00
503246,101270,P-022,1,18.00
503247,101270,P-045,1,10.50
503248,101271,P-005,2,9.00
503249,101272,P-022,1,18.00
503250,101272,P-045,4,10.50
503251,101273,P-040,1,8.50
503252,101274,P-007,3,7.50
503253,101275,P-042,1,26.00
503254,101275,P-044,2,12.00
503255,101276,P-013,1,52.00
503256,101276,P-060,1,18.00
503257,101276,P-007,2,7.50
503258,101277,P-049,1,27.50
503259,101277,P-004,1,16.50
503260,101277,P-050,2,11.50
503261,101277,P-044,1,12.00
503262,101277,P-056,2,12.50
503263,101277,P-032,1,19.00
503264,101278,P-011,4,42.00
503265,101278,P-023,1,12.00
503266,101279,P-056,1,12.50
503267,101279,P-054,1,14.00
503268,101279,P-022,3,18.00
503269,101279,P-012,1,29.00
503270,101280,P-026,1,5.00
503271,101281,P-059,4,5.50
503272,101281,P-010,1,21.00
503273,101282,P-042,1,26.00
503274,101283,P-059,1,5.50
503275,101284,P-024,1,16.50
503276,101284,P-060,1,18.00
503277,101285,P-048,1,9.00
503278,101285,P-016,1,17.50
503279,101285,P-044,4,12.00
503280,101286,P-056,1,12.50
503281,101286,P-005,2,9.00
503282,101287,P-019,3,18.00
503283,101287,P-040,5,8.50
503284,101288,P-045,3,10.50
503285,101289,P-040,1,8.50
503286,101289,P-007,1,7.50
503287,101289,P-012,1,29.00
503288,101289,P-015,1,60.00
503289,101290,P-007,1,7.50
503290,101290,P-005,1,9.00
503291,101290,P-013,2,52.00
503292,101290,P-028,1,14.50
503293,101290,P-030,4,11.00
503294,101291,P-028,1,14.50
503295,101291,P-021,2,6.50
503296,101291,P-050,1,11.50
503297,101292,P-024,1,16.50
503298,101293,P-006,1,48.00
503299,101293,P-054,1,14.00
503300,101294,P-037,1,21.00
503301,101294,P-044,1,12.00
503302,101295,P-026,2,5.00
503303,101295,P-035,1,11.00
503304,101295,P-045,1,10.50
503305,101296,P-002,2,34.00
503306,101296,P-040,2,8.50
503307,101296,P-033,2,13.50
503308,101296,P-039,1,23.50
503309,101296,P-053,1,6.00
503310,101297,P-042,1,26.00
503311,101297,P-054,4,14.00
503312,101297,P-037,2,21.00
503313,101297,P-008,1,55.00
503314,101298,P-028,1,14.50
503315,101298,P-054,1,14.00
503316,101298,P-005,2,9.00
503317,101298,P-049,1,27.50
503318,101298,P-034,1,12.50
503319,101299,P-060,1,18.00
503320,101300,P-060,1,18.00
503321,101300,P-026,1,5.00
503322,101300,P-047,2,22.00
503323,101300,P-024,3,16.50
503324,101300,P-010,2,21.00
503325,101301,P-054,1,14.00
503326,101301,P-057,1,16.00
503327,101301,P-040,1,8.50
503328,101302,P-059,1,5.50
503329,101303,P-048,1,9.00
503330,101304,P-021,1,6.50
503331,101304,P-039,3,23.50
503332,101304,P-042,2,26.00
503333,101304,P-032,1,19.00
503334,101305,P-057,2,16.00
503335,101306,P-040,1,8.50
503336,101307,P-015,1,60.00
503337,101307,P-043,1,15.00
503338,101307,P-027,2,24.00
503339,101308,P-006,2,48.00
503340,101308,P-029,1,9.50
503341,101309,P-043,1,15.00
503342,101310,P-004,1,16.50
503343,101310,P-059,1,5.50
503344,101310,P-014,1,24.00
503345,101311,P-035,6,11.00
503346,101312,P-038,1,14.00
503347,101312,P-040,2,8.50
503348,101312,P-021,1,6.50
503349,101312,P-050,1,11.50
503350,101312,P-035,3,11.00
503351,101313,P-018,1,21.50
503352,101313,P-010,2,21.00
503353,101314,P-059,1,5.50
503354,101315,P-054,1,14.00
503355,101316,P-006,20,48.00
503356,101316,P-023,5,12.00
503357,101316,P-044,10,12.00
503358,101316,P-060,10,18.00
503359,101317,P-044,3,12.00
503360,101318,P-020,1,26.00
503361,101318,P-059,2,5.50
503362,101318,P-018,2,21.50
503363,101318,P-050,1,11.50
503364,101319,P-031,10,22.00
503365,101319,P-015,5,60.00
503366,101320,P-029,1,9.50
503367,101320,P-020,1,26.00
503368,101321,P-043,1,15.00
503369,101321,P-041,1,8.00
503370,101321,P-045,2,10.50
503371,101322,P-048,1,9.00
503372,101322,P-044,1,12.00
503373,101322,P-034,1,12.50
503374,101323,P-014,3,24.00
503375,101323,P-020,1,26.00
503376,101324,P-045,1,10.50
503377,101325,P-053,1,6.00
503378,101325,P-037,2,21.00
503379,101326,P-054,1,14.00
503380,101326,P-049,2,27.50
503381,101326,P-022,2,18.00
503382,101327,P-047,1,22.00
503383,101327,P-019,2,18.00
503384,101328,P-053,1,6.00
503385,101328,P-023,1,12.00
503386,101329,P-002,1,34.00
503387,101329,P-049,1,27.50
503388,101329,P-027,2,24.00
503389,101329,P-040,1,8.50
503390,101330,P-022,1,18.00
503391,101330,P-027,1,24.00
503392,101330,P-060,4,18.00
503393,101330,P-035,1,11.00
503394,101331,P-024,2,16.50
503395,101331,P-043,1,15.00
503396,101331,P-015,2,60.00
503397,101332,P-007,2,7.50
503398,101333,P-040,2,8.50
503399,101333,P-008,2,55.00
503400,101334,P-003,1,42.00
503401,101334,P-032,1,19.00
503402,101334,P-060,1,18.00
503403,101335,P-052,1,31.00
503404,101335,P-041,1,8.00
503405,101335,P-026,2,5.00
503406,101335,P-033,1,13.50
503407,101336,P-022,4,18.00
503408,101336,P-014,1,24.00
503409,101336,P-019,1,18.00
503410,101337,P-015,1,60.00
503411,101338,P-005,3,9.00
503412,101339,P-035,3,11.00
503413,101339,P-048,1,9.00
503414,101340,P-031,1,22.00
503415,101340,P-041,1,8.00
503416,101341,P-056,2,12.50
503417,101342,P-021,4,6.50
503418,101342,P-004,1,16.50
503419,101342,P-034,3,12.50
503420,101342,P-039,1,23.50
503421,101342,P-018,1,21.50
503422,101343,P-033,1,13.50
503423,101343,P-053,1,6.00
503424,101343,P-014,1,24.00
503425,101344,P-042,1,26.00
503426,101344,P-032,1,19.00
503427,101345,P-035,1,11.00
503428,101345,P-034,2,12.50
503429,101346,P-043,1,15.00
503430,101346,P-026,1,5.00
503431,101347,P-029,1,9.50
503432,101347,P-039,1,23.50
503433,101347,P-005,1,9.00
503434,101347,P-060,2,18.00
503435,101348,P-036,1,17.00
503436,101349,P-040,2,8.50
503437,101349,P-027,1,24.00
503438,101350,P-010,4,21.00
503439,101351,P-035,1,11.00
503440,101351,P-004,1,16.50
503441,101352,P-006,1,48.00
503442,101352,P-040,1,8.50
503443,101352,P-049,1,27.50
503444,101352,P-026,2,5.00
503445,101353,P-023,10,12.00
503446,101353,P-050,15,11.50
503447,101353,P-010,3,21.00
503448,101354,P-006,2,48.00
503449,101354,P-048,2,9.00
503450,101354,P-053,2,6.00
503451,101355,P-060,1,18.00
503452,101355,P-004,2,16.50
503453,101356,P-038,2,14.00
503454,101356,P-027,2,24.00
503455,101356,P-039,1,23.50
503456,101356,P-056,1,12.50
503457,101357,P-020,2,26.00
503458,101358,P-024,1,16.50
503459,101358,P-056,1,12.50
503460,101359,P-042,1,26.00
503461,101359,P-004,1,16.50
503462,101360,P-029,2,9.50
503463,101360,P-021,2,6.50
503464,101361,P-034,1,12.50
503465,101361,P-024,1,16.50
503466,101361,P-042,2,26.00
503467,101361,P-052,1,31.00
503468,101362,P-044,2,12.00
503469,101362,P-042,1,26.00
503470,101363,P-023,1,12.00
503471,101363,P-018,1,21.50
503472,101364,P-007,1,7.50
503473,101364,P-034,1,12.50
503474,101364,P-052,1,31.00
503475,101364,P-055,1,19.00
503476,101365,P-015,1,60.00
503477,101365,P-052,2,31.00
503478,101365,P-006,1,48.00
503479,101365,P-041,1,8.00
503480,101366,P-042,1,26.00
503481,101366,P-027,1,24.00
503482,101366,P-007,2,7.50
503483,101366,P-033,2,13.50
503484,101367,P-022,1,18.00
503485,101367,P-005,4,9.00
503486,101368,P-041,2,8.00
503487,101368,P-040,1,8.50
503488,101369,P-049,1,27.50
503489,101369,P-035,3,11.00
503490,101369,P-003,1,42.00
503491,101369,P-053,2,6.00
503492,101370,P-007,3,7.50
503493,101370,P-004,3,16.50
503494,101370,P-028,3,14.50
503495,101371,P-059,3,5.50
503496,101371,P-019,1,18.00
503497,101372,P-022,1,18.00
503498,101372,P-021,1,6.50
503499,101372,P-043,1,15.00
503500,101372,P-031,1,22.00
503501,101372,P-040,4,8.50
503502,101373,P-014,2,24.00
503503,101373,P-055,1,19.00
503504,101373,P-060,1,18.00
503505,101373,P-004,1,16.50
503506,101374,P-049,1,27.50
503507,101374,P-037,1,21.00
503508,101374,P-010,2,21.00
503509,101375,P-059,20,5.50
503510,101375,P-021,10,6.50
503511,101375,P-020,3,26.00
503512,101375,P-012,3,29.00
503513,101376,P-023,1,12.00
503514,101376,P-003,1,42.00
503515,101377,P-011,6,42.00
503516,101377,P-003,15,42.00
503517,101378,P-034,1,12.50
503518,101378,P-021,1,6.50
503519,101378,P-035,3,11.00
503520,101379,P-006,3,48.00
503521,101379,P-050,3,11.50
503522,101379,P-031,2,22.00
503523,101379,P-034,1,12.50
503524,101380,P-056,30,12.50
503525,101381,P-026,1,5.00
503526,101381,P-008,2,55.00
503527,101381,P-029,1,9.50
503528,101382,P-048,2,9.00
503529,101383,P-020,5,26.00
503530,101383,P-034,6,12.50
503531,101383,P-054,3,14.00
503532,101384,P-029,1,9.50
503533,101385,P-004,1,16.50
503534,101385,P-043,1,15.00
503535,101385,P-059,1,5.50
503536,101386,P-059,2,5.50
503537,101386,P-054,3,14.00
503538,101386,P-005,1,9.00
503539,101386,P-028,2,14.50
503540,101386,P-026,1,5.00
503541,101387,P-034,2,12.50
503542,101387,P-059,1,5.50
503543,101387,P-010,1,21.00
503544,101387,P-032,3,19.00
503545,101388,P-012,3,29.00
503546,101388,P-038,2,14.00
503547,101389,P-001,1,19.50
503548,101390,P-059,3,5.50
503549,101390,P-030,10,11.00
503550,101390,P-060,10,18.00
503551,101391,P-006,2,48.00
503552,101392,P-007,10,7.50
503553,101392,P-054,3,14.00
503554,101392,P-026,3,5.00
503555,101392,P-020,5,26.00
503556,101392,P-034,5,12.50
503557,101393,P-060,20,18.00
503558,101393,P-034,40,12.50
503559,101394,P-038,1,14.00
503560,101394,P-032,1,19.00
503561,101394,P-047,2,22.00
503562,101395,P-041,2,8.00
503563,101396,P-047,1,22.00
503564,101396,P-033,4,13.50
503565,101397,P-023,1,12.00
503566,101397,P-043,4,15.00
503567,101398,P-039,1,23.50
503568,101398,P-051,1,10.00
503569,101399,P-035,2,11.00
503570,101399,P-012,1,29.00
503571,101400,P-015,1,60.00
503572,101400,P-032,2,19.00
503573,101400,P-055,2,19.00
503574,101400,P-041,1,8.00
503575,101401,P-005,1,9.00
503576,101401,P-045,1,10.50
503577,101402,P-020,1,26.00
503578,101403,P-029,1,9.50
503579,101404,P-048,2,9.00
503580,101404,P-014,2,24.00
503581,101405,P-006,1,48.00
503582,101406,P-035,1,11.00
503583,101407,P-038,3,14.00
503584,101407,P-017,1,38.00
503585,101408,P-024,1,16.50
503586,101409,P-019,1,18.00
503587,101409,P-056,4,12.50
503588,101409,P-054,1,14.00
503589,101410,P-042,1,26.00
503590,101410,P-006,1,48.00
503591,101411,P-037,3,21.00
503592,101412,P-026,10,5.00
503593,101413,P-041,1,8.00
503594,101414,P-047,3,22.00
503595,101414,P-056,1,12.50
503596,101415,P-056,2,12.50
503597,101416,P-006,1,48.00
503598,101416,P-059,4,5.50
503599,101416,P-053,2,6.00
503600,101417,P-024,1,16.50
503601,101418,P-014,10,24.00
503602,101419,P-056,3,12.50
503603,101419,P-034,3,12.50
503604,101419,P-027,15,24.00
503605,101420,P-021,9,6.50
503606,101420,P-041,10,8.00
503607,101420,P-010,10,21.00
503608,101420,P-048,3,9.00
503609,101421,P-041,1,8.00
503610,101421,P-012,1,29.00
503611,101421,P-013,1,52.00
503612,101422,P-053,3,6.00
503613,101422,P-056,5,12.50
503614,101423,P-043,3,15.00
503615,101423,P-005,5,9.00
503616,101424,P-048,2,9.00
503617,101424,P-012,1,29.00
503618,101425,P-050,2,11.50
503619,101425,P-016,1,17.50
503620,101425,P-035,1,11.00
503621,101425,P-024,1,16.50
503622,101425,P-008,2,55.00
503623,101426,P-056,1,12.50
503624,101426,P-041,2,8.00
503625,101426,P-057,2,16.00
503626,101427,P-022,1,18.00
503627,101427,P-026,1,5.00
503628,101427,P-059,1,5.50
503629,101427,P-014,1,24.00
503630,101427,P-056,1,12.50
503631,101428,P-050,2,11.50
503632,101429,P-016,1,17.50
503633,101430,P-026,2,5.00
503634,101430,P-016,1,17.50
503635,101430,P-022,1,18.00
503636,101431,P-019,2,18.00
503637,101432,P-027,2,24.00
503638,101432,P-007,1,7.50
503639,101432,P-054,2,14.00
503640,101433,P-032,4,19.00
503641,101433,P-017,1,38.00
503642,101434,P-050,1,11.50
503643,101434,P-048,3,9.00
503644,101435,P-008,2,55.00
503645,101435,P-027,2,24.00
503646,101436,P-048,10,9.00
503647,101436,P-007,15,7.50
503648,101436,P-039,10,23.50
503649,101436,P-034,6,12.50
503650,101437,P-014,1,24.00
503651,101437,P-035,1,11.00
503652,101437,P-019,3,18.00
503653,101438,P-056,2,12.50
503654,101438,P-022,2,18.00
503655,101439,P-021,3,6.50
503656,101439,P-020,1,26.00
503657,101440,P-022,1,18.00
503658,101440,P-002,1,34.00
503659,101440,P-040,3,8.50
503660,101440,P-017,2,38.00
503661,101441,P-029,1,9.50
503662,101441,P-004,1,16.50
503663,101441,P-056,1,12.50
503664,101441,P-054,1,14.00
503665,101442,P-012,1,29.00
503666,101442,P-034,1,12.50
503667,101443,P-016,2,17.50
503668,101443,P-032,1,19.00
503669,101444,P-040,1,8.50
503670,101444,P-031,1,22.00
503671,101445,P-059,10,5.50
503672,101446,P-010,1,21.00
503673,101446,P-017,1,38.00
503674,101446,P-042,2,26.00
503675,101447,P-060,1,18.00
503676,101448,P-059,10,5.50
503677,101448,P-008,3,55.00
503678,101448,P-027,15,24.00
503679,101448,P-053,15,6.00
503680,101449,P-027,1,24.00
503681,101449,P-047,1,22.00
503682,101449,P-048,1,9.00
503683,101450,P-027,10,24.00
503684,101450,P-057,6,16.00
503685,101451,P-012,1,29.00
503686,101451,P-026,1,5.00
503687,101451,P-032,1,19.00
503688,101452,P-032,3,19.00
503689,101452,P-037,3,21.00
503690,101452,P-048,1,9.00
503691,101453,P-005,1,9.00
503692,101453,P-056,2,12.50
503693,101454,P-007,3,7.50
503694,101454,P-027,3,24.00
503695,101454,P-010,1,21.00
503696,101455,P-004,3,16.50
503697,101455,P-043,3,15.00
503698,101455,P-038,1,14.00
503699,101456,P-045,2,10.50
503700,101456,P-007,1,7.50
503701,101457,P-007,1,7.50
503702,101457,P-059,3,5.50
503703,101457,P-013,2,52.00
503704,101457,P-010,1,21.00
503705,101457,P-051,4,10.00
503706,101458,P-054,30,14.00
503707,101458,P-050,20,11.50
503708,101458,P-044,3,12.00
503709,101458,P-059,10,5.50
503710,101458,P-004,6,16.50
503711,101459,P-006,1,48.00
503712,101460,P-040,1,8.50
503713,101460,P-041,1,8.00
503714,101460,P-056,1,12.50
503715,101461,P-043,1,15.00
503716,101462,P-012,1,29.00
503717,101462,P-045,3,10.50
503718,101462,P-038,4,14.00
503719,101462,P-052,2,31.00
503720,101463,P-021,5,6.50
503721,101463,P-019,5,18.00
503722,101463,P-052,10,31.00
503723,101464,P-026,20,5.00
503724,101465,P-054,3,14.00
503725,101465,P-012,3,29.00
503726,101466,P-023,3,12.00
503727,101466,P-032,1,19.00
503728,101466,P-059,1,5.50
503729,101467,P-021,5,6.50
503730,101467,P-020,5,26.00
503731,101467,P-026,15,5.00
503732,101467,P-042,6,26.00
503733,101468,P-040,1,8.50
503734,101469,P-060,1,18.00
503735,101470,P-054,1,14.00
503736,101470,P-013,1,52.00
503737,101471,P-032,1,19.00
503738,101472,P-056,1,12.50
503739,101473,P-043,1,15.00
503740,101473,P-004,1,16.50
503741,101474,P-045,4,10.50
503742,101474,P-022,1,18.00
503743,101475,P-004,1,16.50
503744,101475,P-054,2,14.00
503745,101475,P-017,1,38.00
503746,101476,P-012,2,29.00
503747,101477,P-007,2,7.50
503748,101477,P-001,1,19.50
503749,101478,P-056,1,12.50
503750,101478,P-052,1,31.00
503751,101478,P-053,1,6.00
503752,101479,P-005,1,9.00
503753,101479,P-027,2,24.00
503754,101479,P-036,1,17.00
503755,101479,P-011,1,42.00
503756,101480,P-040,2,8.50
503757,101481,P-054,20,14.00
503758,101482,P-023,1,12.00
503759,101482,P-059,3,5.50
503760,101482,P-021,1,6.50
503761,101483,P-028,3,14.50
503762,101483,P-031,2,22.00
503763,101483,P-053,1,6.00
503764,101484,P-034,1,12.50
503765,101484,P-019,1,18.00
503766,101484,P-015,1,60.00
503767,101485,P-036,4,17.00
503768,101485,P-030,1,11.00
503769,101485,P-052,1,31.00
503770,101485,P-041,1,8.00
503771,101485,P-019,2,18.00
503772,101486,P-042,2,26.00
503773,101486,P-010,1,21.00
503774,101486,P-044,2,12.00
503775,101486,P-011,4,42.00
503776,101487,P-004,1,16.50
503777,101488,P-010,2,21.00
503778,101489,P-018,1,21.50
503779,101489,P-004,1,16.50
503780,101490,P-004,3,16.50
503781,101490,P-018,3,21.50
503782,101490,P-026,1,5.00
503783,101491,P-043,1,15.00
503784,101491,P-015,1,60.00
503785,101492,P-053,2,6.00
503786,101492,P-014,1,24.00
503787,101493,P-056,1,12.50
503788,101493,P-018,1,21.50
503789,101493,P-042,2,26.00
503790,101494,P-039,1,23.50
503791,101495,P-021,2,6.50
503792,101496,P-024,2,16.50
503793,101496,P-007,1,7.50
503794,101497,P-010,1,21.00
503795,101498,P-004,1,16.50
503796,101498,P-007,1,7.50
503797,101499,P-060,1,18.00
503798,101499,P-049,2,27.50
503799,101499,P-059,1,5.50
503800,101499,P-053,1,6.00
503801,101499,P-030,1,11.00
503802,101500,P-026,2,5.00
503803,101500,P-024,1,16.50
503804,101500,P-053,2,6.00
503805,101501,P-028,1,14.50
503806,101501,P-019,2,18.00
503807,101501,P-012,1,29.00
503808,101501,P-054,2,14.00
503809,101502,P-054,1,14.00
503810,101502,P-024,1,16.50
503811,101502,P-044,1,12.00
503812,101503,P-005,2,9.00
503813,101503,P-007,1,7.50
503814,101503,P-016,1,17.50
503815,101503,P-034,1,12.50
503816,101504,P-039,1,23.50
503817,101504,P-020,3,26.00
503818,101505,P-034,3,12.50
503819,101505,P-026,1,5.00
503820,101505,P-023,1,12.00
503821,101505,P-056,1,12.50
503822,101505,P-059,1,5.50
503823,101506,P-057,1,16.00
503824,101506,P-056,1,12.50
503825,101507,P-031,2,22.00
503826,101508,P-033,1,13.50
503827,101508,P-007,2,7.50
503828,101509,P-033,1,13.50
503829,101510,P-028,1,14.50
503830,101511,P-012,1,29.00
503831,101511,P-045,1,10.50
503832,101511,P-057,1,16.00
503833,101511,P-017,1,38.00
503834,101512,P-056,1,12.50
503835,101512,P-011,3,42.00
503836,101512,P-026,1,5.00
503837,101512,P-020,1,26.00
503838,101513,P-041,3,8.00
503839,101513,P-020,3,26.00
503840,101514,P-057,20,16.00
503841,101514,P-007,3,7.50
503842,101515,P-018,1,21.50
503843,101515,P-022,1,18.00
503844,101516,P-047,1,22.00
503845,101516,P-035,1,11.00
503846,101516,P-002,1,34.00
503847,101516,P-036,2,17.00
503848,101517,P-040,2,8.50
503849,101518,P-024,1,16.50
503850,101518,P-043,1,15.00
503851,101518,P-036,2,17.00
503852,101518,P-040,2,8.50
503853,101519,P-038,2,14.00
503854,101519,P-052,1,31.00
503855,101520,P-038,1,14.00
503856,101520,P-059,1,5.50
503857,101521,P-016,30,17.50
503858,101521,P-032,5,19.00
503859,101521,P-005,3,9.00
503860,101522,P-023,1,12.00
503861,101522,P-020,1,26.00
503862,101523,P-026,1,5.00
503863,101524,P-044,3,12.00
503864,101524,P-041,4,8.00
503865,101524,P-031,1,22.00
503866,101524,P-054,1,14.00
503867,101525,P-059,4,5.50
503868,101525,P-004,2,16.50
503869,101525,P-007,2,7.50
503870,101526,P-055,1,19.00
503871,101526,P-011,1,42.00
503872,101527,P-060,2,18.00
503873,101528,P-005,1,9.00
503874,101528,P-039,1,23.50
503875,101528,P-012,1,29.00
503876,101529,P-050,2,11.50
503877,101529,P-059,2,5.50
503878,101530,P-054,2,14.00
503879,101530,P-016,2,17.50
503880,101530,P-004,2,16.50
503881,101531,P-021,2,6.50
503882,101531,P-041,1,8.00
503883,101532,P-054,1,14.00
503884,101532,P-005,1,9.00
503885,101532,P-010,1,21.00
503886,101532,P-034,1,12.50
503887,101533,P-043,2,15.00
503888,101533,P-052,1,31.00
503889,101533,P-039,1,23.50
503890,101534,P-040,1,8.50
503891,101534,P-026,3,5.00
503892,101535,P-044,3,12.00
503893,101536,P-043,1,15.00
503894,101536,P-059,3,5.50
503895,101536,P-023,2,12.00
503896,101537,P-043,1,15.00
503897,101537,P-056,1,12.50
503898,101537,P-030,2,11.00
503899,101538,P-021,10,6.50
503900,101538,P-030,3,11.00
503901,101539,P-049,2,27.50
503902,101539,P-030,1,11.00
503903,101540,P-007,1,7.50
503904,101540,P-031,1,22.00
503905,101541,P-044,1,12.00
503906,101542,P-059,1,5.50
503907,101542,P-013,2,52.00
503908,101542,P-038,2,14.00
503909,101542,P-021,1,6.50
503910,101542,P-054,1,14.00
503911,101542,P-005,2,9.00
503912,101543,P-060,1,18.00
503913,101543,P-054,2,14.00
503914,101544,P-041,1,8.00
503915,101544,P-043,1,15.00
503916,101545,P-035,2,11.00
503917,101545,P-059,1,5.50
503918,101545,P-024,1,16.50
503919,101546,P-021,1,6.50
503920,101546,P-019,2,18.00
503921,101546,P-014,4,24.00
503922,101547,P-051,1,10.00
503923,101547,P-021,2,6.50
503924,101547,P-043,2,15.00
503925,101547,P-053,1,6.00
503926,101548,P-047,1,22.00
503927,101548,P-048,3,9.00
503928,101548,P-004,1,16.50
503929,101549,P-038,1,14.00
503930,101549,P-002,1,34.00
503931,101550,P-006,3,48.00
503932,101551,P-059,2,5.50
503933,101551,P-024,1,16.50
503934,101551,P-053,1,6.00
503935,101552,P-060,1,18.00
503936,101552,P-038,3,14.00
503937,101552,P-050,1,11.50
503938,101553,P-026,1,5.00
503939,101554,P-007,3,7.50
503940,101554,P-033,10,13.50
503941,101554,P-030,5,11.00
503942,101554,P-040,3,8.50
503943,101555,P-040,5,8.50
503944,101556,P-056,2,12.50
503945,101556,P-007,2,7.50
503946,101556,P-023,1,12.00
503947,101557,P-034,1,12.50
503948,101557,P-012,2,29.00
503949,101557,P-010,3,21.00
503950,101557,P-036,2,17.00
503951,101557,P-018,1,21.50
503952,101558,P-012,1,29.00
503953,101558,P-005,1,9.00
503954,101558,P-019,1,18.00
503955,101559,P-020,2,26.00
503956,101559,P-004,3,16.50
503957,101559,P-059,1,5.50
503958,101560,P-005,3,9.00
503959,101560,P-016,1,17.50
503960,101560,P-049,4,27.50
503961,101560,P-047,2,22.00
503962,101561,P-036,1,17.00
503963,101561,P-054,2,14.00
503964,101561,P-057,2,16.00
503965,101562,P-052,2,31.00
503966,101562,P-045,1,10.50
503967,101563,P-008,10,55.00
503968,101563,P-031,3,22.00
503969,101563,P-049,3,27.50
503970,101564,P-022,1,18.00
503971,101564,P-044,1,12.00
503972,101564,P-010,1,21.00
503973,101564,P-056,1,12.50
503974,101564,P-028,1,14.50
503975,101565,P-055,1,19.00
503976,101565,P-019,1,18.00
503977,101566,P-002,2,34.00
503978,101566,P-012,2,29.00
503979,101566,P-005,1,9.00
503980,101567,P-014,2,24.00
503981,101567,P-020,2,26.00
503982,101568,P-007,1,7.50
503983,101568,P-004,3,16.50
503984,101568,P-056,2,12.50
503985,101569,P-044,3,12.00
503986,101569,P-047,10,22.00
503987,101569,P-056,5,12.50
503988,101570,P-008,2,55.00
503989,101571,P-015,1,60.00
503990,101572,P-024,3,16.50
503991,101572,P-040,1,8.50
503992,101572,P-026,1,5.00
503993,101572,P-027,4,24.00
503994,101572,P-003,1,42.00
503995,101572,P-044,1,12.00
503996,101573,P-001,1,19.50
503997,101573,P-051,1,10.00
503998,101573,P-054,2,14.00
503999,101573,P-018,2,21.50
504000,101573,P-006,1,48.00
504001,101573,P-028,2,14.50
504002,101574,P-042,1,26.00
504003,101574,P-039,3,23.50
504004,101574,P-060,1,18.00
504005,101574,P-026,1,5.00
504006,101575,P-057,3,16.00
504007,101575,P-037,1,21.00
504008,101575,P-055,2,19.00
504009,101575,P-028,2,14.50
504010,101576,P-050,1,11.50
504011,101576,P-004,1,16.50
504012,101576,P-021,1,6.50
504013,101577,P-038,1,14.00
504014,101577,P-051,1,10.00
504015,101577,P-056,2,12.50
504016,101578,P-023,2,12.00
504017,101578,P-041,1,8.00
504018,101579,P-042,1,26.00
504019,101579,P-023,1,12.00
504020,101579,P-033,1,13.50
504021,101579,P-034,2,12.50
504022,101580,P-040,1,8.50
504023,101580,P-020,1,26.00
504024,101580,P-042,1,26.00
504025,101580,P-055,1,19.00
504026,101581,P-004,3,16.50
504027,101582,P-005,1,9.00
504028,101583,P-054,1,14.00
504029,101583,P-056,2,12.50
504030,101583,P-040,1,8.50
504031,101583,P-017,2,38.00
504032,101584,P-048,3,9.00
504033,101584,P-056,1,12.50
504034,101585,P-050,1,11.50
504035,101585,P-048,2,9.00
504036,101585,P-022,1,18.00
504037,101585,P-040,1,8.50
504038,101585,P-052,1,31.00
504039,101586,P-033,2,13.50
504040,101587,P-024,2,16.50
504041,101588,P-007,1,7.50
504042,101588,P-026,1,5.00
504043,101589,P-042,3,26.00
504044,101589,P-034,3,12.50
504045,101589,P-043,3,15.00
504046,101589,P-026,3,5.00
504047,101590,P-045,1,10.50
504048,101590,P-014,3,24.00
504049,101590,P-010,2,21.00
504050,101591,P-040,1,8.50
504051,101591,P-047,1,22.00
504052,101591,P-048,1,9.00
504053,101591,P-041,1,8.00
504054,101591,P-042,3,26.00
504055,101592,P-041,1,8.00
504056,101592,P-019,1,18.00
504057,101593,P-035,1,11.00
504058,101594,P-034,3,12.50
504059,101594,P-027,1,24.00
504060,101595,P-016,3,17.50
504061,101595,P-004,3,16.50
504062,101595,P-049,1,27.50
504063,101596,P-034,5,12.50
504064,101597,P-012,10,29.00
504065,101598,P-012,2,29.00
504066,101598,P-008,2,55.00
504067,101599,P-022,1,18.00
504068,101599,P-048,1,9.00
504069,101599,P-041,1,8.00
504070,101599,P-026,1,5.00
504071,101600,P-024,9,16.50
504072,101600,P-040,10,8.50
504073,101601,P-030,2,11.00
504074,101601,P-055,2,19.00
504075,101601,P-042,2,26.00
504076,101601,P-020,1,26.00
504077,101602,P-004,2,16.50
504078,101602,P-041,1,8.00
504079,101603,P-054,10,14.00
504080,101603,P-059,5,5.50
504081,101603,P-044,3,12.00
504082,101604,P-056,2,12.50
504083,101604,P-041,1,8.00
504084,101605,P-015,4,60.00
504085,101606,P-031,6,22.00
504086,101606,P-056,6,12.50
504087,101607,P-051,1,10.00
504088,101608,P-050,2,11.50
504089,101609,P-044,1,12.00
504090,101610,P-023,4,12.00
504091,101610,P-034,1,12.50
504092,101610,P-042,1,26.00
504093,101611,P-010,1,21.00
504094,101611,P-007,1,7.50
504095,101611,P-012,1,29.00
504096,101611,P-041,1,8.00
504097,101611,P-043,2,15.00
504098,101611,P-059,2,5.50
504099,101612,P-048,2,9.00
504100,101612,P-055,1,19.00
504101,101612,P-037,1,21.00
504102,101613,P-053,1,6.00
504103,101613,P-056,1,12.50
504104,101614,P-037,4,21.00
504105,101614,P-021,1,6.50
504106,101614,P-040,1,8.50
504107,101615,P-048,4,9.00
504108,101615,P-044,1,12.00
504109,101615,P-002,1,34.00
504110,101616,P-056,1,12.50
504111,101617,P-039,3,23.50
504112,101618,P-043,1,15.00
504113,101618,P-031,1,22.00
504114,101619,P-027,2,24.00
504115,101619,P-041,2,8.00
504116,101619,P-019,1,18.00
504117,101619,P-010,3,21.00
504118,101619,P-020,1,26.00
504119,101620,P-047,1,22.00
504120,101620,P-035,1,11.00
504121,101621,P-059,2,5.50
504122,101621,P-042,1,26.00
504123,101621,P-026,2,5.00
504124,101621,P-029,2,9.50
504125,101621,P-004,2,16.50
504126,101622,P-043,1,15.00
504127,101623,P-035,9,11.00
504128,101623,P-008,5,55.00
504129,101624,P-038,1,14.00
504130,101624,P-049,1,27.50
504131,101625,P-055,1,19.00
504132,101625,P-019,1,18.00
504133,101626,P-057,1,16.00
504134,101626,P-041,2,8.00
504135,101627,P-036,1,17.00
504136,101627,P-001,2,19.50
504137,101627,P-022,2,18.00
504138,101628,P-018,2,21.50
504139,101628,P-034,2,12.50
504140,101628,P-056,1,12.50
504141,101628,P-024,1,16.50
504142,101628,P-053,1,6.00
504143,101629,P-041,1,8.00
504144,101630,P-018,1,21.50
504145,101630,P-003,1,42.00
504146,101631,P-053,1,6.00
504147,101631,P-024,1,16.50
504148,101632,P-028,1,14.50
504149,101632,P-052,1,31.00
504150,101632,P-033,1,13.50
504151,101633,P-044,1,12.00
504152,101633,P-026,1,5.00
504153,101633,P-013,1,52.00
504154,101634,P-034,1,12.50
504155,101634,P-035,1,11.00
504156,101634,P-044,1,12.00
504157,101635,P-043,1,15.00
504158,101636,P-050,1,11.50
504159,101636,P-033,1,13.50
504160,101636,P-055,1,19.00
504161,101637,P-060,2,18.00
504162,101637,P-027,1,24.00
504163,101638,P-028,1,14.50
504164,101638,P-051,1,10.00
504165,101639,P-040,1,8.50
504166,101639,P-039,1,23.50
504167,101639,P-004,2,16.50
504168,101640,P-013,1,52.00
504169,101640,P-034,2,12.50
504170,101640,P-050,1,11.50
504171,101640,P-060,1,18.00
504172,101640,P-052,1,31.00
504173,101640,P-040,1,8.50
504174,101641,P-035,1,11.00
504175,101641,P-008,1,55.00
504176,101641,P-026,1,5.00
504177,101642,P-042,1,26.00
504178,101642,P-060,1,18.00
504179,101642,P-037,1,21.00
504180,101642,P-032,3,19.00
504181,101643,P-059,2,5.50
504182,101643,P-049,2,27.50
504183,101644,P-012,2,29.00
504184,101644,P-003,2,42.00
504185,101644,P-056,3,12.50
504186,101644,P-006,3,48.00
504187,101645,P-017,1,38.00
504188,101645,P-060,1,18.00
504189,101646,P-040,1,8.50
504190,101647,P-045,1,10.50
504191,101647,P-033,1,13.50
504192,101647,P-014,2,24.00
504193,101647,P-034,1,12.50
504194,101648,P-055,3,19.00
504195,101649,P-002,10,34.00
504196,101649,P-012,3,29.00
504197,101649,P-043,10,15.00
504198,101649,P-028,3,14.50
504199,101650,P-023,2,12.00
504200,101651,P-022,3,18.00
504201,101651,P-048,2,9.00
504202,101651,P-056,2,12.50
504203,101652,P-045,1,10.50
504204,101652,P-004,1,16.50
504205,101652,P-005,1,9.00
504206,101653,P-021,10,6.50
504207,101653,P-026,10,5.00
504208,101653,P-040,3,8.50
504209,101653,P-034,6,12.50
504210,101654,P-017,15,38.00
504211,101655,P-034,1,12.50
504212,101656,P-005,2,9.00
504213,101657,P-045,2,10.50
504214,101657,P-059,1,5.50
504215,101657,P-047,1,22.00
504216,101658,P-019,2,18.00
504217,101658,P-016,1,17.50
504218,101658,P-022,2,18.00
504219,101659,P-023,2,12.00
504220,101659,P-014,1,24.00
504221,101660,P-033,1,13.50
504222,101661,P-035,1,11.00
504223,101662,P-052,1,31.00
504224,101662,P-007,3,7.50
504225,101663,P-001,1,19.50
504226,101664,P-041,10,8.00
504227,101664,P-030,3,11.00
504228,101664,P-053,20,6.00
504229,101664,P-002,20,34.00
504230,101664,P-026,5,5.00
504231,101665,P-041,1,8.00
504232,101665,P-031,1,22.00
504233,101665,P-026,1,5.00
504234,101666,P-045,5,10.50
504235,101666,P-027,10,24.00
504236,101667,P-032,2,19.00
504237,101668,P-027,1,24.00
504238,101668,P-050,1,11.50
504239,101668,P-002,2,34.00
504240,101668,P-010,1,21.00
504241,101669,P-007,1,7.50
504242,101669,P-057,1,16.00
504243,101669,P-043,1,15.00
504244,101670,P-011,3,42.00
504245,101670,P-059,5,5.50
504246,101670,P-023,20,12.00
504247,101670,P-043,12,15.00
504248,101670,P-034,10,12.50
504249,101670,P-060,10,18.00
504250,101671,P-010,2,21.00
504251,101672,P-040,2,8.50
504252,101672,P-005,2,9.00
504253,101673,P-023,1,12.00
504254,101674,P-042,2,26.00
504255,101674,P-053,1,6.00
504256,101674,P-057,1,16.00
504257,101674,P-037,1,21.00
504258,101674,P-032,1,19.00
504259,101675,P-020,1,26.00
504260,101675,P-032,1,19.00
504261,101675,P-041,2,8.00
504262,101676,P-032,1,19.00
504263,101676,P-018,2,21.50
504264,101676,P-023,3,12.00
504265,101677,P-023,3,12.00
504266,101678,P-029,1,9.50
504267,101679,P-048,5,9.00
504268,101679,P-036,10,17.00
504269,101680,P-040,1,8.50
504270,101680,P-045,1,10.50
504271,101680,P-054,1,14.00
504272,101680,P-041,1,8.00
504273,101681,P-033,1,13.50
504274,101682,P-026,4,5.00
504275,101683,P-056,1,12.50
504276,101684,P-035,2,11.00
504277,101684,P-022,2,18.00
504278,101684,P-030,1,11.00
504279,101684,P-019,1,18.00
504280,101685,P-043,2,15.00
504281,101685,P-056,3,12.50
504282,101686,P-041,3,8.00
504283,101686,P-040,4,8.50
504284,101687,P-041,1,8.00
504285,101687,P-047,1,22.00
504286,101687,P-032,1,19.00
504287,101688,P-060,1,18.00
504288,101688,P-033,1,13.50
504289,101689,P-018,1,21.50
504290,101689,P-033,2,13.50
504291,101690,P-020,2,26.00
504292,101690,P-002,2,34.00
504293,101690,P-034,1,12.50
504294,101690,P-039,1,23.50
504295,101691,P-041,1,8.00
504296,101691,P-007,2,7.50
504297,101691,P-004,2,16.50
504298,101692,P-050,1,11.50
504299,101692,P-035,2,11.00
504300,101693,P-019,1,18.00
504301,101693,P-030,2,11.00
504302,101694,P-057,4,16.00
504303,101695,P-038,1,14.00
504304,101695,P-048,1,9.00
504305,101696,P-018,1,21.50
504306,101696,P-015,3,60.00
504307,101696,P-014,1,24.00
504308,101696,P-027,1,24.00
504309,101697,P-041,1,8.00
504310,101698,P-013,1,52.00
504311,101698,P-048,2,9.00
504312,101699,P-040,2,8.50
504313,101699,P-024,4,16.50
504314,101699,P-026,1,5.00
504315,101700,P-041,1,8.00
504316,101700,P-049,1,27.50
504317,101700,P-014,2,24.00
504318,101701,P-032,2,19.00
504319,101701,P-024,1,16.50
504320,101702,P-055,1,19.00
504321,101702,P-004,1,16.50
504322,101703,P-050,1,11.50
504323,101704,P-028,3,14.50
504324,101704,P-053,1,6.00
504325,101704,P-056,3,12.50
504326,101704,P-015,1,60.00
504327,101704,P-026,1,5.00
504328,101705,P-030,1,11.00
504329,101705,P-010,1,21.00
504330,101705,P-018,1,21.50
504331,101706,P-002,1,34.00
504332,101706,P-051,1,10.00
504333,101707,P-021,2,6.50
504334,101707,P-053,4,6.00
504335,101707,P-050,1,11.50
504336,101708,P-011,1,42.00
504337,101709,P-016,4,17.50
504338,101709,P-042,1,26.00
504339,101710,P-034,1,12.50
504340,101710,P-056,2,12.50
504341,101710,P-035,2,11.00
504342,101710,P-059,3,5.50
504343,101711,P-052,1,31.00
504344,101711,P-007,1,7.50
504345,101711,P-054,1,14.00
504346,101711,P-059,2,5.50
504347,101712,P-008,1,55.00
504348,101712,P-021,1,6.50
504349,101712,P-004,1,16.50
504350,101713,P-032,2,19.00
504351,101714,P-004,3,16.50
504352,101715,P-035,3,11.00
504353,101715,P-002,30,34.00
504354,101715,P-034,3,12.50
504355,101716,P-010,2,21.00
504356,101716,P-040,2,8.50
504357,101716,P-049,1,27.50
504358,101716,P-059,1,5.50
504359,101716,P-001,1,19.50
504360,101716,P-048,1,9.00
504361,101717,P-010,3,21.00
504362,101718,P-060,1,18.00
504363,101718,P-055,1,19.00
504364,101718,P-034,1,12.50
504365,101719,P-007,1,7.50
504366,101720,P-024,2,16.50
504367,101720,P-056,1,12.50
504368,101720,P-049,2,27.50
504369,101721,P-060,1,18.00
504370,101721,P-022,3,18.00
504371,101722,P-044,1,12.00
504372,101723,P-011,2,42.00
504373,101723,P-020,1,26.00
504374,101723,P-043,3,15.00
504375,101723,P-004,1,16.50
504376,101724,P-016,2,17.50
504377,101725,P-053,1,6.00
504378,101725,P-055,1,19.00
504379,101725,P-045,4,10.50
504380,101726,P-026,2,5.00
504381,101726,P-040,1,8.50
504382,101726,P-007,1,7.50
504383,101727,P-030,1,11.00
504384,101727,P-006,1,48.00
504385,101728,P-053,1,6.00
504386,101729,P-033,1,13.50
504387,101730,P-050,1,11.50
504388,101730,P-005,1,9.00
504389,101731,P-016,1,17.50
504390,101731,P-044,1,12.00
504391,101731,P-031,2,22.00
504392,101731,P-030,2,11.00
504393,101732,P-029,1,9.50
504394,101732,P-054,2,14.00
504395,101733,P-045,1,10.50
504396,101733,P-059,3,5.50
504397,101734,P-015,1,60.00
504398,101734,P-022,1,18.00
504399,101734,P-044,1,12.00
504400,101735,P-044,1,12.00
504401,101735,P-045,2,10.50
504402,101736,P-019,2,18.00
504403,101737,P-043,2,15.00
504404,101737,P-051,1,10.00
504405,101738,P-004,1,16.50
504406,101738,P-035,1,11.00
504407,101738,P-023,1,12.00
504408,101739,P-032,10,19.00
504409,101739,P-056,10,12.50
504410,101740,P-004,3,16.50
504411,101740,P-019,2,18.00
504412,101741,P-039,2,23.50
504413,101741,P-023,1,12.00
504414,101742,P-041,4,8.00
504415,101742,P-026,2,5.00
504416,101742,P-004,1,16.50
504417,101743,P-018,1,21.50
504418,101743,P-016,3,17.50
504419,101743,P-008,2,55.00
504420,101744,P-002,1,34.00
504421,101745,P-030,6,11.00
504422,101745,P-037,10,21.00
504423,101746,P-039,4,23.50
504424,101746,P-055,2,19.00
504425,101747,P-023,2,12.00
504426,101747,P-047,1,22.00
504427,101748,P-031,3,22.00
504428,101748,P-002,2,34.00
504429,101749,P-043,1,15.00
504430,101749,P-023,1,12.00
504431,101750,P-022,3,18.00
504432,101750,P-043,2,15.00
504433,101751,P-026,20,5.00
504434,101751,P-014,3,24.00
504435,101752,P-018,1,21.50
504436,101752,P-034,2,12.50
504437,101752,P-029,1,9.50
504438,101753,P-040,1,8.50
504439,101753,P-052,3,31.00
504440,101754,P-049,4,27.50
504441,101755,P-038,1,14.00
504442,101755,P-001,1,19.50
504443,101755,P-056,3,12.50
504444,101756,P-030,1,11.00
504445,101757,P-006,1,48.00
504446,101757,P-029,1,9.50
504447,101758,P-001,3,19.50
504448,101759,P-012,2,29.00
504449,101759,P-059,1,5.50
504450,101759,P-006,2,48.00
504451,101759,P-010,1,21.00
504452,101760,P-059,3,5.50
504453,101761,P-038,1,14.00
504454,101762,P-019,1,18.00
504455,101763,P-053,1,6.00
504456,101763,P-021,1,6.50
504457,101763,P-024,1,16.50
504458,101763,P-012,1,29.00
504459,101764,P-022,1,18.00
504460,101764,P-060,1,18.00
504461,101765,P-031,1,22.00
504462,101765,P-054,4,14.00
504463,101766,P-014,1,24.00
504464,101766,P-040,1,8.50
504465,101767,P-010,1,21.00
504466,101767,P-036,1,17.00
504467,101767,P-043,1,15.00
504468,101768,P-019,1,18.00
504469,101768,P-006,1,48.00
504470,101768,P-018,1,21.50
504471,101768,P-022,1,18.00
504472,101768,P-059,2,5.50
504473,101769,P-051,2,10.00
504474,101769,P-043,2,15.00
504475,101770,P-036,1,17.00
504476,101771,P-007,10,7.50
504477,101771,P-004,5,16.50
504478,101771,P-012,5,29.00
504479,101772,P-052,1,31.00
504480,101772,P-002,1,34.00
504481,101772,P-053,3,6.00
504482,101773,P-040,1,8.50
504483,101774,P-027,3,24.00
504484,101774,P-048,1,9.00
504485,101775,P-022,1,18.00
504486,101775,P-007,4,7.50
504487,101775,P-002,1,34.00
504488,101775,P-013,1,52.00
504489,101775,P-045,2,10.50
504490,101776,P-010,1,21.00
504491,101777,P-033,1,13.50
504492,101778,P-033,1,13.50
504493,101778,P-040,1,8.50
504494,101779,P-033,2,13.50
504495,101780,P-042,1,26.00
504496,101780,P-008,3,55.00
504497,101781,P-051,2,10.00
504498,101781,P-047,1,22.00
504499,101781,P-004,1,16.50
504500,101782,P-054,1,14.00
504501,101782,P-026,1,5.00
504502,101783,P-041,1,8.00
504503,101784,P-037,1,21.00
504504,101785,P-049,1,27.50
504505,101785,P-014,2,24.00
504506,101785,P-019,1,18.00
504507,101786,P-014,1,24.00
504508,101786,P-032,1,19.00
504509,101786,P-033,1,13.50
504510,101787,P-016,2,17.50
504511,101787,P-038,1,14.00
504512,101787,P-007,2,7.50
504513,101788,P-040,2,8.50
504514,101788,P-024,1,16.50
504515,101789,P-021,3,6.50
504516,101789,P-035,1,11.00
504517,101789,P-007,1,7.50
504518,101789,P-056,2,12.50
504519,101790,P-004,6,16.50
504520,101790,P-008,10,55.00
504521,101790,P-038,3,14.00
504522,101791,P-021,3,6.50
504523,101791,P-022,1,18.00
504524,101792,P-039,2,23.50
504525,101792,P-055,1,19.00
504526,101793,P-059,4,5.50
504527,101794,P-040,3,8.50
504528,101794,P-050,2,11.50
504529,101795,P-056,2,12.50
504530,101795,P-026,1,5.00
504531,101795,P-019,1,18.00
504532,101796,P-023,1,12.00
504533,101796,P-044,3,12.00
504534,101796,P-043,2,15.00
504535,101797,P-011,1,42.00
504536,101797,P-004,1,16.50
504537,101797,P-006,1,48.00
504538,101798,P-018,2,21.50
504539,101799,P-040,2,8.50
504540,101800,P-015,1,60.00
504541,101801,P-012,10,29.00
504542,101801,P-042,3,26.00
504543,101801,P-026,3,5.00
504544,101802,P-038,1,14.00
504545,101802,P-036,4,17.00
504546,101802,P-010,2,21.00
504547,101802,P-044,2,12.00
504548,101803,P-039,1,23.50
504549,101803,P-005,3,9.00
504550,101803,P-014,1,24.00
504551,101803,P-060,3,18.00
504552,101803,P-041,2,8.00
504553,101803,P-034,1,12.50
504554,101804,P-060,20,18.00
504555,101804,P-053,30,6.00
504556,101805,P-007,1,7.50
504557,101805,P-026,3,5.00
504558,101806,P-013,1,52.00
504559,101806,P-032,2,19.00
504560,101807,P-033,2,13.50
504561,101807,P-056,1,12.50
504562,101807,P-040,2,8.50
504563,101807,P-059,1,5.50
504564,101807,P-032,2,19.00
504565,101808,P-027,1,24.00
504566,101808,P-005,1,9.00
504567,101809,P-033,20,13.50
504568,101809,P-017,20,38.00
504569,101809,P-045,6,10.50
504570,101809,P-032,5,19.00
504571,101810,P-052,1,31.00
504572,101810,P-012,4,29.00
504573,101810,P-060,3,18.00
504574,101810,P-041,1,8.00
504575,101811,P-013,1,52.00
504576,101811,P-053,1,6.00
504577,101812,P-020,1,26.00
504578,101812,P-033,2,13.50
504579,101813,P-045,2,10.50
504580,101813,P-047,1,22.00
504581,101813,P-008,2,55.00
504582,101814,P-055,3,19.00
504583,101814,P-002,1,34.00
504584,101814,P-047,1,22.00
504585,101814,P-003,3,42.00
504586,101815,P-037,1,21.00
504587,101815,P-056,2,12.50
504588,101815,P-049,2,27.50
504589,101815,P-040,3,8.50
504590,101815,P-021,4,6.50
504591,101816,P-048,3,9.00
504592,101817,P-057,2,16.00
504593,101818,P-031,1,22.00
504594,101818,P-059,1,5.50
504595,101819,P-022,1,18.00
504596,101819,P-005,1,9.00
504597,101819,P-055,1,19.00
504598,101820,P-041,1,8.00
504599,101820,P-019,2,18.00
504600,101821,P-034,1,12.50
504601,101822,P-054,2,14.00
504602,101822,P-053,1,6.00
504603,101823,P-036,1,17.00
504604,101823,P-021,1,6.50
504605,101824,P-007,1,7.50
504606,101824,P-033,1,13.50
504607,101824,P-045,1,10.50
504608,101824,P-040,1,8.50
504609,101825,P-056,3,12.50
504610,101825,P-041,1,8.00
504611,101825,P-021,1,6.50
504612,101826,P-024,2,16.50
504613,101826,P-005,3,9.00
504614,101826,P-050,1,11.50
504615,101826,P-038,1,14.00
504616,101827,P-003,15,42.00
504617,101828,P-049,4,27.50
504618,101829,P-035,2,11.00
504619,101830,P-019,3,18.00
504620,101830,P-027,10,24.00
504621,101831,P-032,3,19.00
504622,101831,P-050,5,11.50
504623,101832,P-012,1,29.00
504624,101832,P-044,1,12.00
504625,101833,P-040,1,8.50
504626,101833,P-054,1,14.00
504627,101833,P-060,3,18.00
504628,101833,P-050,1,11.50
504629,101833,P-053,1,6.00
504630,101833,P-031,1,22.00
504631,101834,P-004,1,16.50
504632,101834,P-040,1,8.50
504633,101834,P-028,2,14.50
504634,101834,P-048,2,9.00
504635,101835,P-013,3,52.00
504636,101836,P-024,2,16.50
504637,101836,P-029,1,9.50
504638,101837,P-040,1,8.50
504639,101837,P-048,1,9.00
504640,101838,P-006,2,48.00
504641,101838,P-043,2,15.00
504642,101839,P-006,1,48.00
504643,101839,P-047,2,22.00
504644,101839,P-017,1,38.00
504645,101839,P-035,2,11.00
504646,101840,P-051,1,10.00
504647,101840,P-004,1,16.50
504648,101841,P-033,1,13.50
504649,101841,P-020,1,26.00
504650,101841,P-050,1,11.50
504651,101842,P-055,2,19.00
504652,101842,P-053,1,6.00
504653,101842,P-047,1,22.00
504654,101842,P-012,1,29.00
504655,101843,P-039,1,23.50
504656,101844,P-040,1,8.50
504657,101844,P-016,2,17.50
504658,101844,P-022,1,18.00
504659,101845,P-032,2,19.00
504660,101845,P-043,1,15.00
504661,101845,P-013,2,52.00
504662,101846,P-038,9,14.00
504663,101846,P-034,10,12.50
504664,101846,P-044,3,12.00
504665,101847,P-010,1,21.00
504666,101847,P-018,1,21.50
504667,101848,P-040,1,8.50
504668,101848,P-018,2,21.50
504669,101848,P-033,1,13.50
504670,101848,P-041,2,8.00
504671,101849,P-044,1,12.00
504672,101849,P-056,1,12.50
504673,101849,P-035,1,11.00
504674,101850,P-024,2,16.50
504675,101850,P-055,1,19.00
504676,101851,P-019,1,18.00
504677,101851,P-028,2,14.50
504678,101852,P-021,3,6.50
504679,101852,P-053,1,6.00
504680,101853,P-043,9,15.00
504681,101853,P-056,10,12.50
504682,101854,P-012,1,29.00
504683,101855,P-031,2,22.00
504684,101855,P-040,1,8.50
504685,101855,P-047,1,22.00
504686,101855,P-020,2,26.00
504687,101856,P-032,1,19.00
504688,101856,P-031,4,22.00
504689,101857,P-015,1,60.00
504690,101857,P-040,1,8.50
504691,101857,P-034,2,12.50
504692,101857,P-030,1,11.00
504693,101858,P-004,2,16.50
504694,101859,P-018,1,21.50
504695,101860,P-007,1,7.50
504696,101860,P-049,1,27.50
504697,101861,P-005,3,9.00
504698,101862,P-020,2,26.00
504699,101862,P-007,2,7.50
504700,101863,P-036,2,17.00
504701,101863,P-043,2,15.00
504702,101864,P-043,1,15.00
504703,101864,P-040,1,8.50
504704,101865,P-005,1,9.00
504705,101865,P-045,1,10.50
504706,101865,P-041,2,8.00
504707,101865,P-042,2,26.00
504708,101866,P-005,10,9.00
504709,101867,P-026,10,5.00
504710,101867,P-023,10,12.00
504711,101867,P-041,6,8.00
504712,101868,P-044,1,12.00
504713,101868,P-007,1,7.50
504714,101868,P-004,3,16.50
504715,101869,P-059,1,5.50
504716,101870,P-001,1,19.50
504717,101871,P-057,10,16.00
504718,101871,P-030,5,11.00
504719,101871,P-056,10,12.50
504720,101872,P-039,1,23.50
504721,101872,P-017,2,38.00
504722,101873,P-029,1,9.50
504723,101874,P-029,5,9.50
504724,101874,P-027,5,24.00
504725,101875,P-040,1,8.50
504726,101875,P-022,1,18.00
504727,101876,P-045,3,10.50
504728,101876,P-029,20,9.50
504729,101877,P-027,1,24.00
504730,101877,P-004,2,16.50
504731,101878,P-052,1,31.00
504732,101878,P-037,1,21.00
504733,101879,P-038,2,14.00
504734,101879,P-026,1,5.00
504735,101880,P-039,1,23.50
504736,101880,P-033,2,13.50
504737,101880,P-018,1,21.50
504738,101881,P-010,2,21.00
504739,101881,P-021,2,6.50
504740,101881,P-048,1,9.00
504741,101882,P-027,1,24.00
504742,101882,P-038,2,14.00
504743,101882,P-040,1,8.50
504744,101883,P-013,1,52.00
504745,101883,P-054,1,14.00
504746,101884,P-033,2,13.50
504747,101885,P-024,3,16.50
504748,101885,P-060,1,18.00
504749,101886,P-017,1,38.00
504750,101886,P-040,4,8.50
504751,101886,P-042,2,26.00
504752,101887,P-031,1,22.00
504753,101887,P-034,1,12.50
504754,101888,P-012,1,29.00
504755,101888,P-020,2,26.00
504756,101889,P-001,2,19.50
504757,101890,P-050,1,11.50
504758,101890,P-043,1,15.00
504759,101890,P-005,1,9.00
504760,101891,P-021,1,6.50
504761,101891,P-008,1,55.00
504762,101891,P-049,1,27.50
504763,101892,P-022,1,18.00
504764,101892,P-053,1,6.00
504765,101892,P-011,1,42.00
504766,101893,P-027,1,24.00
504767,101893,P-048,2,9.00
504768,101893,P-016,4,17.50
504769,101894,P-040,2,8.50
504770,101894,P-057,2,16.00
504771,101894,P-055,1,19.00
504772,101895,P-048,1,9.00
504773,101895,P-056,2,12.50
504774,101896,P-033,2,13.50
504775,101896,P-007,1,7.50
504776,101896,P-043,1,15.00
504777,101896,P-006,2,48.00
504778,101896,P-038,1,14.00
504779,101897,P-049,3,27.50
504780,101898,P-052,1,31.00
504781,101898,P-035,3,11.00
504782,101898,P-045,2,10.50
504783,101899,P-034,2,12.50
504784,101900,P-041,1,8.00
504785,101900,P-043,1,15.00
504786,101900,P-056,1,12.50
504787,101901,P-051,2,10.00
504788,101901,P-042,1,26.00
504789,101901,P-053,1,6.00
504790,101901,P-032,2,19.00
504791,101902,P-059,3,5.50
504792,101903,P-050,1,11.50
504793,101904,P-035,3,11.00
504794,101904,P-051,2,10.00
504795,101905,P-052,1,31.00
504796,101905,P-030,2,11.00
504797,101906,P-040,5,8.50
504798,101906,P-004,3,16.50
504799,101907,P-022,1,18.00
504800,101908,P-060,30,18.00
504801,101908,P-014,6,24.00
504802,101908,P-024,10,16.50
504803,101909,P-012,1,29.00
504804,101909,P-026,1,5.00
504805,101909,P-042,1,26.00
504806,101909,P-035,2,11.00
504807,101910,P-034,2,12.50
504808,101910,P-053,1,6.00
504809,101910,P-057,4,16.00
504810,101910,P-012,2,29.00
504811,101911,P-060,1,18.00
504812,101912,P-022,2,18.00
504813,101913,P-013,1,52.00
504814,101914,P-020,30,26.00
504815,101914,P-028,5,14.50
504816,101914,P-004,3,16.50
504817,101914,P-003,3,42.00
504818,101914,P-019,30,18.00
504819,101915,P-059,1,5.50
504820,101915,P-004,1,16.50
504821,101916,P-043,2,15.00
504822,101916,P-020,2,26.00
504823,101917,P-059,2,5.50
504824,101917,P-050,1,11.50
504825,101918,P-012,1,29.00
504826,101919,P-054,1,14.00
504827,101919,P-057,2,16.00
504828,101920,P-047,6,22.00
504829,101920,P-007,3,7.50
504830,101920,P-051,5,10.00
504831,101921,P-010,1,21.00
504832,101921,P-049,1,27.50
504833,101921,P-053,1,6.00
504834,101921,P-042,1,26.00
504835,101922,P-007,3,7.50
504836,101922,P-040,4,8.50
504837,101922,P-048,3,9.00
504838,101922,P-053,1,6.00
504839,101922,P-059,1,5.50
504840,101923,P-008,3,55.00
504841,101924,P-032,1,19.00
504842,101924,P-053,1,6.00
504843,101924,P-011,1,42.00
504844,101925,P-005,2,9.00
504845,101925,P-006,1,48.00
504846,101925,P-044,3,12.00
504847,101926,P-040,1,8.50
504848,101926,P-034,1,12.50
504849,101927,P-043,1,15.00
504850,101927,P-059,1,5.50
504851,101927,P-048,1,9.00
504852,101928,P-049,1,27.50
504853,101928,P-019,1,18.00
504854,101928,P-030,3,11.00
504855,101928,P-056,1,12.50
504856,101929,P-012,2,29.00
504857,101930,P-018,4,21.50
504858,101930,P-028,1,14.50
504859,101931,P-016,2,17.50
504860,101932,P-040,3,8.50
504861,101932,P-042,5,26.00
504862,101932,P-039,5,23.50
504863,101932,P-043,10,15.00
504864,101932,P-037,5,21.00
504865,101933,P-037,2,21.00
504866,101933,P-035,1,11.00
504867,101933,P-010,1,21.00
504868,101934,P-048,2,9.00
504869,101934,P-059,2,5.50
504870,101935,P-019,20,18.00
504871,101935,P-038,10,14.00
504872,101936,P-032,1,19.00
504873,101936,P-033,1,13.50
504874,101936,P-008,1,55.00
504875,101936,P-023,4,12.00
504876,101937,P-040,1,8.50
504877,101937,P-001,1,19.50
504878,101937,P-035,1,11.00
504879,101938,P-026,1,5.00
504880,101938,P-019,1,18.00
504881,101939,P-002,20,34.00
504882,101940,P-024,1,16.50
504883,101940,P-053,2,6.00
504884,101941,P-010,1,21.00
504885,101941,P-029,2,9.50
504886,101942,P-040,1,8.50
504887,101942,P-004,1,16.50
504888,101943,P-003,1,42.00
504889,101943,P-029,3,9.50
504890,101943,P-038,1,14.00
504891,101944,P-028,2,14.50
504892,101944,P-029,1,9.50
504893,101945,P-007,1,7.50
504894,101946,P-056,1,12.50
504895,101946,P-020,1,26.00
504896,101947,P-018,2,21.50
504897,101947,P-049,1,27.50
504898,101947,P-043,1,15.00
504899,101947,P-048,1,9.00
504900,101948,P-029,1,9.50
504901,101949,P-050,1,11.50
504902,101949,P-004,4,16.50
504903,101949,P-026,2,5.00
504904,101949,P-030,1,11.00
504905,101950,P-041,1,8.00
504906,101950,P-011,3,42.00
504907,101951,P-012,1,29.00
504908,101951,P-044,2,12.00
504909,101951,P-029,2,9.50
504910,101952,P-035,1,11.00
504911,101953,P-039,1,23.50
504912,101953,P-043,3,15.00
504913,101953,P-042,1,26.00
504914,101954,P-028,1,14.50
504915,101955,P-057,3,16.00
504916,101955,P-035,1,11.00
504917,101955,P-026,1,5.00
504918,101956,P-040,1,8.50
504919,101956,P-026,2,5.00
504920,101956,P-057,1,16.00
504921,101957,P-060,1,18.00
504922,101957,P-027,3,24.00
504923,101957,P-053,1,6.00
504924,101957,P-038,1,14.00
504925,101957,P-028,1,14.50
504926,101958,P-049,1,27.50
504927,101958,P-008,1,55.00
504928,101958,P-028,2,14.50
504929,101959,P-045,10,10.50
504930,101960,P-032,1,19.00
504931,101960,P-040,1,8.50
504932,101961,P-040,1,8.50
504933,101961,P-036,2,17.00
504934,101962,P-022,1,18.00
504935,101962,P-006,2,48.00
504936,101963,P-027,2,24.00
504937,101963,P-049,1,27.50
504938,101964,P-007,1,7.50
504939,101965,P-059,2,5.50
504940,101965,P-019,1,18.00
504941,101966,P-018,1,21.50
504942,101967,P-055,2,19.00
504943,101967,P-007,2,7.50
504944,101967,P-060,1,18.00
504945,101967,P-034,3,12.50
504946,101967,P-019,1,18.00
504947,101968,P-056,2,12.50
504948,101968,P-001,1,19.50
504949,101969,P-028,1,14.50
504950,101969,P-049,1,27.50
504951,101970,P-048,1,9.00
504952,101971,P-060,10,18.00
504953,101971,P-049,10,27.50
504954,101971,P-035,3,11.00
504955,101972,P-010,1,21.00
504956,101972,P-029,1,9.50
504957,101973,P-026,2,5.00
504958,101973,P-034,1,12.50
504959,101973,P-052,1,31.00
504960,101973,P-051,1,10.00
504961,101974,P-024,5,16.50
504962,101975,P-005,1,9.00
504963,101975,P-041,1,8.00
504964,101976,P-017,3,38.00
504965,101976,P-015,3,60.00
504966,101976,P-060,1,18.00
504967,101977,P-040,1,8.50
504968,101978,P-059,3,5.50
504969,101978,P-038,1,14.00
504970,101979,P-014,2,24.00
504971,101979,P-028,1,14.50
504972,101980,P-022,1,18.00
504973,101980,P-054,1,14.00
504974,101981,P-049,1,27.50
504975,101981,P-053,1,6.00
504976,101982,P-054,10,14.00
504977,101982,P-040,10,8.50
504978,101983,P-048,2,9.00
504979,101983,P-043,1,15.00
504980,101984,P-049,1,27.50
504981,101985,P-053,2,6.00
504982,101985,P-040,1,8.50
504983,101985,P-010,2,21.00
504984,101986,P-059,1,5.50
504985,101986,P-001,2,19.50
504986,101986,P-048,1,9.00
504987,101987,P-044,9,12.00
504988,101987,P-040,10,8.50
504989,101987,P-013,6,52.00
504990,101988,P-048,2,9.00
504991,101988,P-033,2,13.50
504992,101988,P-060,1,18.00
504993,101988,P-055,1,19.00
504994,101989,P-056,1,12.50
504995,101989,P-027,3,24.00
504996,101989,P-018,2,21.50
504997,101990,P-015,3,60.00
504998,101990,P-057,1,16.00
504999,101991,P-032,1,19.00
505000,101991,P-044,2,12.00
505001,101991,P-007,1,7.50
505002,101992,P-057,3,16.00
505003,101993,P-039,1,23.50
505004,101994,P-038,2,14.00
505005,101995,P-060,2,18.00
505006,101995,P-010,1,21.00
505007,101995,P-032,1,19.00
505008,101995,P-003,1,42.00
505009,101995,P-048,2,9.00
505010,101995,P-057,1,16.00
505011,101996,P-056,1,12.50
505012,101997,P-040,9,8.50
505013,101997,P-002,10,34.00
505014,101998,P-041,1,8.00
505015,101999,P-008,3,55.00
505016,101999,P-053,6,6.00
505017,101999,P-022,10,18.00
505018,102000,P-038,20,14.00
505019,102001,P-038,1,14.00
505020,102001,P-040,2,8.50
505021,102001,P-022,1,18.00
505022,102001,P-048,1,9.00
505023,102002,P-005,1,9.00
505024,102002,P-059,2,5.50
505025,102002,P-018,1,21.50
505026,102002,P-057,1,16.00
505027,102002,P-027,1,24.00
505028,102003,P-041,2,8.00
505029,102003,P-057,1,16.00
505030,102003,P-055,2,19.00
505031,102004,P-059,2,5.50
505032,102004,P-048,2,9.00
505033,102004,P-041,2,8.00
505034,102005,P-040,2,8.50
505035,102005,P-002,1,34.00
505036,102005,P-028,2,14.50
505037,102005,P-039,2,23.50
505038,102005,P-005,2,9.00
505039,102006,P-007,1,7.50
505040,102006,P-044,1,12.00
505041,102007,P-027,1,24.00
505042,102007,P-033,1,13.50
505043,102007,P-020,1,26.00
505044,102008,P-045,1,10.50
505045,102008,P-048,2,9.00
505046,102008,P-027,3,24.00
505047,102009,P-033,1,13.50
505048,102009,P-052,3,31.00
505049,102009,P-028,4,14.50
505050,102010,P-035,2,11.00
505051,102010,P-042,1,26.00
505052,102011,P-008,1,55.00
505053,102011,P-027,1,24.00
505054,102012,P-034,2,12.50
505055,102013,P-034,4,12.50
505056,102014,P-014,2,24.00
505057,102014,P-044,1,12.00
505058,102015,P-045,1,10.50
505059,102015,P-008,3,55.00
505060,102016,P-012,6,29.00
505061,102016,P-056,9,12.50
505062,102016,P-022,5,18.00
505063,102016,P-045,3,10.50
505064,102017,P-060,2,18.00
505065,102018,P-010,1,21.00
505066,102018,P-042,1,26.00
505067,102019,P-035,6,11.00
505068,102019,P-049,10,27.50
505069,102019,P-039,10,23.50
505070,102020,P-031,3,22.00
505071,102020,P-042,3,26.00
505072,102020,P-026,6,5.00
505073,102021,P-037,10,21.00
505074,102022,P-051,1,10.00
505075,102023,P-035,2,11.00
505076,102023,P-018,2,21.50
505077,102023,P-045,1,10.50
505078,102024,P-039,2,23.50
505079,102025,P-018,2,21.50
505080,102026,P-033,1,13.50
505081,102026,P-041,1,8.00
505082,102026,P-059,3,5.50
505083,102026,P-044,1,12.00
505084,102027,P-007,3,7.50
505085,102027,P-055,1,19.00
505086,102028,P-002,1,34.00
505087,102028,P-012,2,29.00
505088,102029,P-018,6,21.50
505089,102030,P-004,1,16.50
505090,102030,P-055,2,19.00
505091,102030,P-007,1,7.50
505092,102031,P-057,2,16.00
505093,102032,P-054,2,14.00
505094,102032,P-053,1,6.00
505095,102033,P-004,1,16.50
505096,102033,P-043,1,15.00
505097,102034,P-007,1,7.50
505098,102034,P-039,1,23.50
505099,102035,P-045,1,10.50
505100,102035,P-054,2,14.00
505101,102036,P-040,3,8.50
505102,102037,P-037,1,21.00
505103,102037,P-023,1,12.00
505104,102038,P-039,1,23.50
505105,102039,P-059,3,5.50
505106,102039,P-012,1,29.00
505107,102039,P-011,1,42.00
505108,102040,P-042,1,26.00
505109,102040,P-021,1,6.50
505110,102041,P-030,1,11.00
505111,102041,P-026,1,5.00
505112,102042,P-056,1,12.50
505113,102042,P-040,1,8.50
505114,102042,P-049,1,27.50
505115,102043,P-018,2,21.50
505116,102043,P-026,4,5.00
505117,102044,P-059,10,5.50
505118,102045,P-007,1,7.50
505119,102045,P-052,1,31.00
505120,102045,P-054,1,14.00
505121,102045,P-041,4,8.00
505122,102045,P-012,1,29.00
505123,102046,P-053,1,6.00
505124,102047,P-004,1,16.50
505125,102048,P-048,2,9.00
505126,102049,P-039,1,23.50
505127,102049,P-041,1,8.00
505128,102049,P-045,1,10.50
505129,102050,P-018,9,21.50
505130,102050,P-023,10,12.00
505131,102050,P-057,10,16.00
505132,102051,P-007,2,7.50
505133,102051,P-060,1,18.00
505134,102051,P-024,2,16.50
505135,102052,P-040,1,8.50
505136,102052,P-041,1,8.00
505137,102052,P-035,3,11.00
505138,102053,P-028,1,14.50
505139,102053,P-043,2,15.00
505140,102053,P-055,1,19.00
505141,102054,P-001,1,19.50
505142,102054,P-018,2,21.50
505143,102055,P-002,30,34.00
505144,102056,P-014,1,24.00
505145,102056,P-041,1,8.00
505146,102056,P-036,1,17.00
505147,102056,P-038,1,14.00
505148,102057,P-056,3,12.50
505149,102057,P-010,1,21.00
505150,102057,P-039,2,23.50
505151,102058,P-024,1,16.50
505152,102059,P-020,1,26.00
505153,102059,P-056,1,12.50
505154,102060,P-044,1,12.00
505155,102060,P-048,1,9.00
505156,102061,P-031,1,22.00
505157,102062,P-031,2,22.00
505158,102062,P-038,1,14.00
505159,102062,P-053,4,6.00
505160,102063,P-007,1,7.50
505161,102063,P-024,1,16.50
505162,102064,P-059,2,5.50
505163,102064,P-056,2,12.50
505164,102064,P-002,1,34.00
505165,102064,P-047,2,22.00
505166,102065,P-004,1,16.50
505167,102066,P-036,3,17.00
505168,102066,P-050,10,11.50
505169,102066,P-022,20,18.00
505170,102067,P-036,10,17.00
505171,102067,P-040,10,8.50
505172,102068,P-040,1,8.50
505173,102068,P-035,3,11.00
505174,102069,P-042,1,26.00
505175,102070,P-007,3,7.50
505176,102070,P-023,5,12.00
505177,102070,P-044,3,12.00
505178,102071,P-008,1,55.00
505179,102071,P-019,3,18.00
505180,102071,P-004,1,16.50
505181,102072,P-036,3,17.00
505182,102073,P-026,1,5.00
505183,102073,P-004,1,16.50
505184,102074,P-026,1,5.00
505185,102074,P-038,2,14.00
505186,102074,P-005,1,9.00
505187,102074,P-056,1,12.50
505188,102075,P-010,1,21.00
505189,102075,P-021,1,6.50
505190,102075,P-055,4,19.00
505191,102075,P-006,2,48.00
505192,102075,P-016,1,17.50
505193,102076,P-034,1,12.50
505194,102076,P-059,3,5.50
505195,102077,P-055,1,19.00
505196,102078,P-014,3,24.00
505197,102078,P-002,1,34.00
505198,102079,P-059,1,5.50
505199,102080,P-019,20,18.00
505200,102080,P-059,6,5.50
505201,102080,P-043,10,15.00
505202,102080,P-056,6,12.50
505203,102081,P-034,2,12.50
505204,102081,P-014,1,24.00
505205,102082,P-045,2,10.50
505206,102083,P-032,2,19.00
505207,102084,P-014,1,24.00
505208,102084,P-022,2,18.00
505209,102085,P-031,2,22.00
505210,102085,P-045,4,10.50
505211,102085,P-054,4,14.00
505212,102085,P-018,1,21.50
505213,102086,P-003,1,42.00
505214,102087,P-034,3,12.50
505215,102087,P-045,1,10.50
505216,102088,P-034,1,12.50
505217,102088,P-004,2,16.50
505218,102089,P-006,1,48.00
505219,102090,P-007,1,7.50
505220,102091,P-033,1,13.50
505221,102091,P-041,3,8.00
505222,102091,P-013,3,52.00
505223,102092,P-047,1,22.00
505224,102092,P-028,2,14.50
505225,102092,P-004,1,16.50
505226,102092,P-015,2,60.00
505227,102092,P-031,1,22.00
505228,102093,P-001,2,19.50
505229,102093,P-010,2,21.00
505230,102093,P-033,1,13.50
505231,102094,P-004,3,16.50
505232,102094,P-003,1,42.00
505233,102094,P-019,2,18.00
505234,102095,P-059,2,5.50
505235,102095,P-012,1,29.00
505236,102096,P-019,1,18.00
505237,102096,P-049,1,27.50
505238,102096,P-006,3,48.00
505239,102097,P-018,10,21.50
505240,102097,P-026,20,5.00
505241,102097,P-039,10,23.50
505242,102098,P-028,1,14.50
505243,102098,P-013,1,52.00
505244,102099,P-028,2,14.50
505245,102099,P-005,2,9.00
505246,102100,P-040,1,8.50
505247,102100,P-056,2,12.50
505248,102100,P-019,1,18.00
505249,102101,P-032,1,19.00
505250,102101,P-050,1,11.50
505251,102101,P-039,1,23.50
505252,102101,P-021,1,6.50
505253,102102,P-033,1,13.50
505254,102102,P-004,2,16.50
505255,102103,P-019,2,18.00
505256,102103,P-043,1,15.00
505257,102103,P-048,4,9.00
505258,102104,P-052,2,31.00
505259,102104,P-041,1,8.00
505260,102105,P-045,2,10.50
505261,102105,P-054,1,14.00
505262,102105,P-042,1,26.00
505263,102106,P-004,1,16.50
505264,102107,P-039,2,23.50
505265,102108,P-012,1,29.00
505266,102108,P-029,3,9.50
505267,102109,P-040,1,8.50
505268,102109,P-037,1,21.00
505269,102110,P-047,1,22.00
505270,102110,P-020,2,26.00
505271,102111,P-034,1,12.50
505272,102111,P-035,1,11.00
505273,102111,P-037,2,21.00
505274,102111,P-040,4,8.50
505275,102112,P-016,2,17.50
505276,102112,P-060,1,18.00
505277,102113,P-008,2,55.00
505278,102113,P-039,2,23.50
505279,102114,P-041,4,8.00
505280,102115,P-049,5,27.50
505281,102115,P-026,15,5.00
505282,102116,P-050,1,11.50
505283,102116,P-051,2,10.00
505284,102117,P-032,1,19.00
505285,102117,P-007,1,7.50
505286,102117,P-028,1,14.50
505287,102118,P-019,1,18.00
505288,102119,P-031,2,22.00
505289,102119,P-036,1,17.00
505290,102120,P-001,2,19.50
505291,102120,P-034,1,12.50
505292,102120,P-007,1,7.50
505293,102120,P-031,2,22.00
505294,102121,P-028,4,14.50
505295,102121,P-052,2,31.00
505296,102121,P-019,2,18.00
505297,102122,P-038,3,14.00
505298,102122,P-035,1,11.00
505299,102123,P-036,1,17.00
505300,102123,P-007,1,7.50
505301,102123,P-048,1,9.00
505302,102124,P-032,1,19.00
505303,102125,P-016,1,17.50
505304,102126,P-053,1,6.00
505305,102126,P-015,1,60.00
505306,102127,P-017,3,38.00
505307,102127,P-027,1,24.00
505308,102128,P-020,3,26.00
505309,102129,P-053,1,6.00
505310,102129,P-002,3,34.00
505311,102130,P-056,1,12.50
505312,102130,P-050,3,11.50
505313,102131,P-010,9,21.00
505314,102131,P-051,10,10.00
505315,102131,P-059,10,5.50
505316,102132,P-008,1,55.00
505317,102132,P-040,1,8.50
505318,102132,P-036,1,17.00
505319,102133,P-057,1,16.00
505320,102133,P-006,2,48.00
505321,102133,P-023,1,12.00
505322,102134,P-013,1,52.00
505323,102134,P-030,1,11.00
505324,102135,P-033,1,13.50
505325,102135,P-010,1,21.00
505326,102135,P-027,1,24.00
505327,102136,P-030,1,11.00
505328,102136,P-056,1,12.50
505329,102136,P-051,1,10.00
505330,102136,P-010,1,21.00
505331,102137,P-016,10,17.50
505332,102137,P-010,12,21.00
505333,102137,P-036,10,17.00
505334,102137,P-055,6,19.00
505335,102137,P-005,20,9.00
505336,102138,P-048,10,9.00
505337,102138,P-023,10,12.00
505338,102138,P-007,6,7.50
505339,102138,P-051,5,10.00
505340,102138,P-056,5,12.50
505341,102139,P-007,1,7.50
505342,102140,P-041,3,8.00
505343,102140,P-044,2,12.00
505344,102140,P-034,1,12.50
505345,102141,P-020,3,26.00
505346,102142,P-030,10,11.00
505347,102142,P-057,3,16.00
505348,102142,P-041,20,8.00
505349,102142,P-007,10,7.50
505350,102142,P-019,10,18.00
505351,102143,P-021,2,6.50
505352,102144,P-047,1,22.00
505353,102144,P-045,3,10.50
505354,102144,P-014,1,24.00
505355,102144,P-024,1,16.50
505356,102144,P-004,4,16.50
505357,102144,P-013,1,52.00
505358,102145,P-010,1,21.00
505359,102145,P-007,1,7.50
505360,102146,P-053,2,6.00
505361,102146,P-041,2,8.00
505362,102146,P-051,1,10.00
505363,102146,P-033,2,13.50
505364,102147,P-004,1,16.50
505365,102147,P-026,1,5.00
505366,102147,P-059,1,5.50
505367,102148,P-022,2,18.00
505368,102148,P-010,1,21.00
505369,102148,P-007,1,7.50
505370,102148,P-016,2,17.50
505371,102148,P-039,1,23.50
505372,102149,P-056,10,12.50
505373,102150,P-024,1,16.50
505374,102150,P-041,1,8.00
505375,102150,P-012,1,29.00
505376,102150,P-051,1,10.00
505377,102151,P-054,1,14.00
505378,102151,P-044,4,12.00
505379,102151,P-019,1,18.00
505380,102152,P-014,1,24.00
505381,102152,P-026,2,5.00
505382,102153,P-022,2,18.00
505383,102154,P-060,1,18.00
505384,102154,P-026,1,5.00
505385,102154,P-013,1,52.00
505386,102154,P-022,1,18.00
505387,102155,P-043,2,15.00
505388,102155,P-060,3,18.00
505389,102156,P-043,1,15.00
505390,102156,P-008,3,55.00
505391,102156,P-040,1,8.50
505392,102156,P-034,3,12.50
505393,102157,P-042,3,26.00
505394,102158,P-036,1,17.00
505395,102158,P-018,1,21.50
505396,102158,P-048,1,9.00
505397,102159,P-017,1,38.00
505398,102159,P-028,1,14.50
505399,102159,P-054,2,14.00
505400,102159,P-042,2,26.00
505401,102160,P-020,1,26.00
505402,102161,P-026,2,5.00
505403,102161,P-007,2,7.50
505404,102161,P-035,1,11.00
505405,102162,P-024,1,16.50
505406,102162,P-015,1,60.00
505407,102162,P-004,2,16.50
505408,102162,P-007,1,7.50
505409,102163,P-038,1,14.00
505410,102164,P-057,1,16.00
505411,102164,P-014,1,24.00
505412,102165,P-023,1,12.00
505413,102166,P-048,2,9.00
505414,102166,P-004,1,16.50
505415,102166,P-021,1,6.50
505416,102166,P-013,1,52.00
505417,102166,P-022,2,18.00
505418,102167,P-021,2,6.50
505419,102167,P-004,1,16.50
505420,102167,P-024,1,16.50
505421,102168,P-026,30,5.00
505422,102168,P-007,3,7.50
505423,102168,P-024,15,16.50
505424,102169,P-053,1,6.00
505425,102169,P-039,1,23.50
505426,102169,P-024,1,16.50
505427,102170,P-017,2,38.00
505428,102170,P-024,2,16.50
505429,102171,P-024,6,16.50
505430,102171,P-026,9,5.00
505431,102171,P-018,10,21.50
505432,102172,P-020,1,26.00
505433,102173,P-026,1,5.00
505434,102173,P-034,1,12.50
505435,102173,P-049,2,27.50
505436,102174,P-039,1,23.50
505437,102175,P-056,1,12.50
505438,102175,P-059,4,5.50
505439,102176,P-045,3,10.50
505440,102176,P-036,3,17.00
505441,102176,P-005,1,9.00
505442,102177,P-043,2,15.00
505443,102177,P-042,2,26.00
505444,102177,P-002,1,34.00
505445,102178,P-032,2,19.00
505446,102178,P-026,4,5.00
505447,102178,P-031,2,22.00
505448,102178,P-005,1,9.00
505449,102179,P-019,1,18.00
505450,102179,P-011,1,42.00
505451,102179,P-032,2,19.00
505452,102180,P-018,1,21.50
505453,102180,P-005,1,9.00
505454,102180,P-023,2,12.00
505455,102180,P-012,1,29.00
505456,102181,P-014,2,24.00
505457,102181,P-010,1,21.00
505458,102182,P-044,1,12.00
505459,102182,P-004,1,16.50
505460,102182,P-020,2,26.00
505461,102183,P-011,1,42.00
505462,102183,P-034,1,12.50
505463,102183,P-002,2,34.00
505464,102183,P-056,2,12.50
505465,102184,P-056,1,12.50
505466,102185,P-031,3,22.00
505467,102186,P-020,2,26.00
505468,102187,P-042,2,26.00
505469,102187,P-028,1,14.50
505470,102187,P-024,1,16.50
505471,102188,P-039,3,23.50
505472,102189,P-024,1,16.50
505473,102190,P-056,1,12.50
505474,102191,P-040,1,8.50
505475,102191,P-035,2,11.00
505476,102191,P-059,1,5.50
505477,102192,P-036,1,17.00
505478,102192,P-037,2,21.00
505479,102192,P-027,2,24.00
505480,102193,P-027,1,24.00
505481,102194,P-047,2,22.00
505482,102195,P-002,1,34.00
505483,102195,P-015,1,60.00
505484,102195,P-053,1,6.00
505485,102195,P-021,1,6.50
505486,102195,P-050,1,11.50
505487,102196,P-012,3,29.00
505488,102196,P-059,3,5.50
505489,102197,P-044,1,12.00
505490,102197,P-030,1,11.00
505491,102198,P-031,2,22.00
505492,102199,P-044,2,12.00
505493,102199,P-056,1,12.50
505494,102199,P-017,1,38.00
505495,102199,P-048,1,9.00
505496,102199,P-053,3,6.00
505497,102199,P-007,1,7.50
505498,102200,P-036,2,17.00
505499,102200,P-037,1,21.00
505500,102201,P-032,1,19.00
505501,102201,P-038,1,14.00
505502,102202,P-020,1,26.00
505503,102203,P-031,1,22.00
505504,102203,P-020,1,26.00
505505,102204,P-059,2,5.50
505506,102204,P-053,1,6.00
505507,102204,P-018,3,21.50
505508,102205,P-038,2,14.00
505509,102206,P-056,3,12.50
505510,102207,P-007,1,7.50
505511,102207,P-018,2,21.50
505512,102207,P-040,2,8.50
505513,102208,P-038,30,14.00
505514,102208,P-059,5,5.50
505515,102208,P-005,5,9.00
505516,102209,P-059,1,5.50
505517,102209,P-053,1,6.00
505518,102209,P-007,2,7.50
505519,102210,P-060,2,18.00
505520,102211,P-015,1,60.00
505521,102212,P-016,1,17.50
505522,102212,P-024,1,16.50
505523,102212,P-029,1,9.50
505524,102213,P-020,1,26.00
505525,102214,P-004,10,16.50
505526,102214,P-041,10,8.00
505527,102215,P-039,10,23.50
505528,102215,P-004,5,16.50
505529,102216,P-054,1,14.00
505530,102217,P-038,1,14.00
505531,102217,P-013,1,52.00
505532,102217,P-021,1,6.50
505533,102218,P-057,1,16.00
505534,102218,P-005,3,9.00
505535,102218,P-011,1,42.00
505536,102219,P-049,1,27.50
505537,102219,P-010,1,21.00
505538,102219,P-052,1,31.00
505539,102220,P-007,1,7.50
505540,102221,P-004,1,16.50
505541,102221,P-027,1,24.00
505542,102221,P-047,1,22.00
505543,102222,P-019,1,18.00
505544,102222,P-001,1,19.50
505545,102222,P-005,1,9.00
505546,102223,P-036,3,17.00
505547,102223,P-055,10,19.00
505548,102224,P-012,1,29.00
505549,102225,P-017,1,38.00
505550,102225,P-042,1,26.00
505551,102225,P-034,1,12.50
505552,102225,P-059,1,5.50
505553,102226,P-050,1,11.50
505554,102226,P-038,1,14.00
505555,102226,P-051,1,10.00
505556,102226,P-060,1,18.00
505557,102227,P-042,2,26.00
505558,102227,P-028,1,14.50
505559,102227,P-057,2,16.00
505560,102228,P-059,30,5.50
505561,102228,P-015,5,60.00
505562,102228,P-042,5,26.00
505563,102228,P-022,3,18.00
505564,102229,P-007,1,7.50
505565,102230,P-047,1,22.00
505566,102231,P-047,2,22.00
505567,102231,P-060,2,18.00
505568,102231,P-048,1,9.00
505569,102231,P-004,1,16.50
505570,102232,P-054,1,14.00
505571,102232,P-060,1,18.00
505572,102232,P-041,2,8.00
505573,102232,P-040,2,8.50
505574,102233,P-017,2,38.00
505575,102233,P-059,1,5.50
505576,102234,P-004,20,16.50
505577,102234,P-053,15,6.00
505578,102235,P-031,1,22.00
505579,102235,P-026,1,5.00
505580,102235,P-027,1,24.00
505581,102236,P-055,2,19.00
505582,102236,P-035,1,11.00
505583,102237,P-026,15,5.00
505584,102237,P-040,10,8.50
505585,102237,P-043,5,15.00
505586,102237,P-005,10,9.00
505587,102237,P-010,3,21.00
505588,102238,P-019,1,18.00
505589,102239,P-032,10,19.00
505590,102239,P-021,3,6.50
505591,102239,P-035,6,11.00
505592,102239,P-042,5,26.00
505593,102240,P-002,3,34.00
505594,102240,P-057,5,16.00
505595,102241,P-047,1,22.00
505596,102241,P-040,2,8.50
505597,102242,P-047,2,22.00
505598,102242,P-005,3,9.00
505599,102242,P-028,2,14.50
505600,102243,P-057,2,16.00
505601,102243,P-041,4,8.00
505602,102244,P-032,1,19.00
505603,102244,P-033,1,13.50
505604,102245,P-019,2,18.00
505605,102245,P-016,1,17.50
505606,102245,P-040,1,8.50
505607,102246,P-010,3,21.00
505608,102246,P-019,1,18.00
505609,102247,P-039,2,23.50
505610,102248,P-005,1,9.00
505611,102248,P-051,1,10.00
505612,102248,P-017,2,38.00
505613,102248,P-010,1,21.00
505614,102248,P-014,1,24.00
505615,102249,P-022,2,18.00
505616,102250,P-024,1,16.50
505617,102250,P-027,1,24.00
505618,102251,P-033,1,13.50
505619,102251,P-041,2,8.00
505620,102251,P-039,1,23.50
505621,102251,P-048,4,9.00
505622,102252,P-045,6,10.50
505623,102253,P-043,1,15.00
505624,102253,P-018,2,21.50
505625,102254,P-020,9,26.00
505626,102254,P-035,5,11.00
505627,102255,P-040,2,8.50
505628,102255,P-044,1,12.00
505629,102256,P-024,10,16.50
505630,102256,P-041,15,8.00
505631,102257,P-019,1,18.00
505632,102257,P-035,1,11.00
505633,102257,P-004,3,16.50
505634,102257,P-012,1,29.00
505635,102258,P-012,9,29.00
505636,102258,P-026,5,5.00
505637,102258,P-053,10,6.00
505638,102258,P-045,10,10.50
505639,102259,P-013,1,52.00
505640,102260,P-019,1,18.00
505641,102260,P-018,2,21.50
505642,102260,P-015,1,60.00
505643,102261,P-004,1,16.50
505644,102262,P-049,2,27.50
505645,102262,P-055,2,19.00
505646,102263,P-053,1,6.00
505647,102264,P-059,2,5.50
505648,102264,P-008,1,55.00
505649,102265,P-005,4,9.00
505650,102266,P-019,3,18.00
505651,102267,P-017,1,38.00
505652,102267,P-032,4,19.00
505653,102267,P-059,3,5.50
505654,102268,P-029,1,9.50
505655,102268,P-019,1,18.00
505656,102268,P-004,1,16.50
505657,102269,P-017,3,38.00
505658,102269,P-018,2,21.50
505659,102270,P-059,3,5.50
505660,102270,P-035,1,11.00
505661,102271,P-034,1,12.50
505662,102272,P-041,1,8.00
505663,102273,P-038,1,14.00
505664,102273,P-048,1,9.00
505665,102274,P-055,2,19.00
505666,102274,P-028,3,14.50
505667,102274,P-007,2,7.50
505668,102275,P-059,1,5.50
505669,102275,P-031,1,22.00
505670,102275,P-034,1,12.50
505671,102276,P-048,1,9.00
505672,102276,P-014,2,24.00
505673,102276,P-018,3,21.50
505674,102277,P-042,6,26.00
505675,102278,P-035,1,11.00
505676,102278,P-051,2,10.00
505677,102278,P-005,4,9.00
505678,102278,P-027,1,24.00
505679,102279,P-033,1,13.50
505680,102279,P-010,1,21.00
505681,102279,P-007,3,7.50
505682,102280,P-018,1,21.50
505683,102280,P-026,2,5.00
505684,102281,P-053,1,6.00
505685,102281,P-014,1,24.00
505686,102282,P-049,4,27.50
505687,102282,P-039,3,23.50
505688,102282,P-011,1,42.00
505689,102282,P-038,1,14.00
505690,102283,P-048,1,9.00
505691,102283,P-053,1,6.00
505692,102284,P-012,1,29.00
505693,102284,P-060,1,18.00
505694,102284,P-049,3,27.50
505695,102284,P-057,1,16.00
505696,102285,P-040,2,8.50
505697,102285,P-042,2,26.00
505698,102286,P-026,1,5.00
505699,102287,P-056,2,12.50
505700,102288,P-035,2,11.00
505701,102288,P-059,2,5.50
505702,102288,P-039,2,23.50
505703,102289,P-014,1,24.00
505704,102289,P-029,2,9.50
505705,102290,P-008,1,55.00
505706,102290,P-040,1,8.50
505707,102291,P-019,1,18.00
505708,102291,P-043,1,15.00
505709,102291,P-044,1,12.00
505710,102292,P-040,12,8.50
505711,102292,P-039,12,23.50
505712,102293,P-053,1,6.00
505713,102294,P-002,30,34.00
505714,102294,P-016,10,17.50
505715,102295,P-008,1,55.00
505716,102295,P-004,4,16.50
505717,102295,P-040,1,8.50
505718,102295,P-053,1,6.00
505719,102295,P-056,1,12.50
505720,102296,P-040,1,8.50
505721,102297,P-057,2,16.00
505722,102297,P-015,1,60.00
505723,102298,P-027,2,24.00
505724,102299,P-039,1,23.50
505725,102299,P-045,4,10.50
505726,102299,P-023,2,12.00
505727,102299,P-054,3,14.00
505728,102299,P-056,1,12.50
505729,102299,P-060,1,18.00
505730,102300,P-004,1,16.50
505731,102300,P-041,1,8.00
505732,102301,P-012,2,29.00
505733,102301,P-040,2,8.50
505734,102301,P-005,2,9.00
505735,102302,P-038,2,14.00
505736,102302,P-023,1,12.00
505737,102302,P-001,3,19.50
505738,102303,P-020,1,26.00
505739,102303,P-014,2,24.00
505740,102304,P-026,1,5.00
505741,102304,P-052,1,31.00
505742,102305,P-019,3,18.00
505743,102305,P-014,3,24.00
505744,102305,P-056,10,12.50
505745,102305,P-060,3,18.00
505746,102305,P-035,10,11.00
505747,102306,P-024,2,16.50
505748,102307,P-045,5,10.50
505749,102307,P-023,20,12.00
505750,102307,P-056,3,12.50
505751,102307,P-054,3,14.00
505752,102307,P-040,3,8.50
505753,102307,P-031,5,22.00
505754,102308,P-007,1,7.50
505755,102309,P-060,2,18.00
505756,102309,P-059,3,5.50
505757,102309,P-011,2,42.00
505758,102310,P-026,6,5.00
505759,102310,P-014,6,24.00
505760,102311,P-043,1,15.00
505761,102312,P-005,1,9.00
505762,102312,P-045,1,10.50
505763,102313,P-040,1,8.50
505764,102313,P-039,1,23.50
505765,102314,P-060,1,18.00
505766,102314,P-017,1,38.00
505767,102314,P-006,1,48.00
505768,102315,P-018,1,21.50
505769,102315,P-002,1,34.00
505770,102315,P-031,2,22.00
505771,102315,P-023,1,12.00
505772,102316,P-053,1,6.00
505773,102317,P-048,2,9.00
505774,102317,P-039,2,23.50
505775,102318,P-059,1,5.50
505776,102319,P-021,1,6.50
505777,102319,P-041,3,8.00
505778,102319,P-036,1,17.00
505779,102320,P-042,4,26.00
505780,102320,P-056,1,12.50
505781,102320,P-040,1,8.50
505782,102320,P-007,1,7.50
505783,102320,P-021,1,6.50
505784,102321,P-015,1,60.00
505785,102321,P-028,1,14.50
505786,102322,P-044,2,12.00
505787,102322,P-019,1,18.00
505788,102322,P-041,1,8.00
505789,102323,P-021,1,6.50
505790,102324,P-019,2,18.00
505791,102324,P-056,1,12.50
505792,102324,P-028,1,14.50
505793,102325,P-053,1,6.00
505794,102325,P-028,1,14.50
505795,102326,P-051,1,10.00
505796,102326,P-019,1,18.00
505797,102327,P-014,20,24.00
505798,102327,P-060,10,18.00
505799,102328,P-027,20,24.00
505800,102329,P-056,2,12.50
505801,102329,P-022,1,18.00
505802,102329,P-041,2,8.00
505803,102330,P-023,1,12.00
505804,102330,P-040,1,8.50
505805,102330,P-033,1,13.50
505806,102331,P-019,5,18.00
505807,102331,P-038,20,14.00
505808,102331,P-030,3,11.00
505809,102331,P-017,10,38.00
505810,102332,P-039,5,23.50
505811,102332,P-005,5,9.00
505812,102332,P-060,10,18.00
505813,102333,P-054,1,14.00
505814,102334,P-016,1,17.50
505815,102334,P-020,1,26.00
505816,102334,P-055,1,19.00
505817,102334,P-024,1,16.50
505818,102334,P-041,1,8.00
505819,102334,P-026,1,5.00
505820,102335,P-051,5,10.00
505821,102335,P-048,10,9.00
505822,102335,P-059,5,5.50
505823,102335,P-054,3,14.00
505824,102336,P-022,3,18.00
505825,102336,P-005,1,9.00
505826,102336,P-033,1,13.50
505827,102337,P-054,1,14.00
505828,102337,P-040,2,8.50
505829,102338,P-049,1,27.50
505830,102338,P-057,1,16.00
505831,102338,P-054,1,14.00
505832,102338,P-013,2,52.00
505833,102339,P-008,6,55.00
505834,102339,P-051,20,10.00
505835,102340,P-043,1,15.00
505836,102340,P-010,3,21.00
505837,102340,P-032,2,19.00
505838,102340,P-005,1,9.00
505839,102341,P-059,2,5.50
505840,102341,P-023,2,12.00
505841,102342,P-044,1,12.00
505842,102342,P-008,1,55.00
505843,102342,P-006,2,48.00
505844,102342,P-024,1,16.50
505845,102343,P-021,3,6.50
505846,102343,P-019,1,18.00
505847,102344,P-024,1,16.50
505848,102344,P-007,2,7.50
505849,102345,P-021,2,6.50
505850,102345,P-045,3,10.50
505851,102345,P-053,1,6.00
505852,102345,P-018,1,21.50
505853,102346,P-008,2,55.00
505854,102346,P-007,1,7.50
505855,102346,P-006,1,48.00
505856,102347,P-017,5,38.00
505857,102347,P-027,10,24.00
505858,102347,P-024,30,16.50
505859,102348,P-004,1,16.50
505860,102348,P-022,4,18.00
505861,102349,P-043,2,15.00
505862,102349,P-044,1,12.00
505863,102349,P-049,1,27.50
505864,102350,P-041,3,8.00
505865,102351,P-028,1,14.50
505866,102351,P-056,2,12.50
505867,102351,P-030,1,11.00
505868,102351,P-027,2,24.00
505869,102351,P-038,1,14.00
505870,102352,P-019,1,18.00
505871,102352,P-023,1,12.00
505872,102352,P-010,1,21.00
505873,102353,P-024,1,16.50
505874,102353,P-028,1,14.50
505875,102354,P-007,1,7.50
505876,102354,P-044,2,12.00
505877,102354,P-017,2,38.00
505878,102354,P-001,3,19.50
505879,102354,P-036,1,17.00
505880,102355,P-041,1,8.00
505881,102355,P-059,2,5.50
505882,102355,P-031,2,22.00
505883,102355,P-035,1,11.00
505884,102356,P-053,1,6.00
505885,102356,P-012,1,29.00
505886,102356,P-028,1,14.50
505887,102357,P-014,2,24.00
505888,102357,P-026,2,5.00
505889,102358,P-048,3,9.00
505890,102358,P-034,1,12.50
505891,102358,P-032,1,19.00
505892,102358,P-013,3,52.00
505893,102358,P-007,1,7.50
505894,102358,P-060,1,18.00
505895,102359,P-006,1,48.00
505896,102359,P-001,3,19.50
505897,102360,P-026,1,5.00
505898,102361,P-026,1,5.00
505899,102361,P-048,2,9.00
505900,102361,P-020,1,26.00
505901,102362,P-037,1,21.00
505902,102362,P-059,1,5.50
505903,102363,P-002,3,34.00
505904,102363,P-057,1,16.00
505905,102363,P-041,2,8.00
505906,102363,P-035,2,11.00
505907,102363,P-007,1,7.50
505908,102364,P-018,1,21.50
505909,102364,P-040,2,8.50
505910,102365,P-047,1,22.00
505911,102366,P-013,1,52.00
505912,102366,P-036,1,17.00
505913,102367,P-053,1,6.00
505914,102367,P-012,1,29.00
505915,102367,P-031,4,22.00
505916,102367,P-035,3,11.00
505917,102368,P-044,1,12.00
505918,102369,P-012,2,29.00
505919,102369,P-010,2,21.00
505920,102369,P-042,1,26.00
505921,102370,P-004,1,16.50
505922,102371,P-049,1,27.50
505923,102371,P-045,3,10.50
505924,102372,P-056,1,12.50
505925,102372,P-021,2,6.50
505926,102372,P-007,1,7.50
505927,102372,P-044,1,12.00
505928,102372,P-026,1,5.00
505929,102373,P-013,1,52.00
505930,102373,P-026,1,5.00
505931,102373,P-021,1,6.50
505932,102374,P-010,2,21.00
505933,102375,P-020,2,26.00
505934,102375,P-056,1,12.50
505935,102375,P-044,1,12.00
505936,102375,P-042,2,26.00
505937,102375,P-050,1,11.50
505938,102375,P-005,2,9.00
505939,102376,P-054,2,14.00
505940,102377,P-018,1,21.50
505941,102377,P-006,1,48.00
505942,102377,P-012,1,29.00
505943,102378,P-013,2,52.00
505944,102378,P-048,1,9.00
505945,102378,P-023,2,12.00
505946,102379,P-018,1,21.50
505947,102379,P-033,1,13.50
505948,102380,P-001,1,19.50
505949,102380,P-039,2,23.50
505950,102380,P-011,4,42.00
505951,102380,P-008,1,55.00
505952,102381,P-045,2,10.50
505953,102381,P-056,2,12.50
505954,102382,P-056,1,12.50
505955,102383,P-031,1,22.00
505956,102383,P-059,2,5.50
505957,102384,P-039,2,23.50
505958,102385,P-022,3,18.00
505959,102385,P-048,1,9.00
505960,102385,P-035,2,11.00
505961,102385,P-013,4,52.00
505962,102385,P-004,1,16.50
505963,102386,P-057,1,16.00
505964,102386,P-041,3,8.00
505965,102386,P-034,1,12.50
505966,102386,P-022,2,18.00
505967,102386,P-019,1,18.00
505968,102386,P-030,1,11.00
505969,102387,P-041,5,8.00
505970,102387,P-055,10,19.00
505971,102388,P-038,2,14.00
505972,102389,P-036,1,17.00
505973,102389,P-027,3,24.00
505974,102390,P-027,2,24.00
505975,102390,P-018,2,21.50
505976,102391,P-038,1,14.00
505977,102391,P-050,2,11.50
505978,102391,P-036,1,17.00
505979,102392,P-055,1,19.00
505980,102392,P-056,1,12.50
505981,102393,P-042,1,26.00
505982,102394,P-054,3,14.00
505983,102394,P-004,1,16.50
505984,102395,P-014,1,24.00
505985,102396,P-052,1,31.00
505986,102396,P-053,1,6.00
505987,102397,P-032,1,19.00
505988,102397,P-050,2,11.50
505989,102397,P-013,1,52.00
505990,102398,P-026,1,5.00
505991,102398,P-021,1,6.50
505992,102398,P-039,1,23.50
505993,102398,P-051,2,10.00
505994,102398,P-032,2,19.00
505995,102399,P-044,6,12.00
505996,102399,P-023,15,12.00
505997,102399,P-037,9,21.00
505998,102399,P-020,15,26.00
505999,102400,P-022,1,18.00
506000,102400,P-026,2,5.00
506001,102401,P-007,3,7.50
506002,102401,P-051,1,10.00
506003,102401,P-059,2,5.50
506004,102401,P-002,4,34.00
506005,102401,P-042,3,26.00
506006,102401,P-035,1,11.00
506007,102402,P-019,1,18.00
506008,102402,P-004,2,16.50
506009,102403,P-048,1,9.00
506010,102403,P-010,1,21.00
506011,102403,P-045,2,10.50
506012,102404,P-033,2,13.50
506013,102405,P-059,1,5.50
506014,102405,P-035,1,11.00
506015,102406,P-006,1,48.00
506016,102406,P-044,1,12.00
506017,102406,P-056,1,12.50
506018,102407,P-015,1,60.00
506019,102407,P-035,1,11.00
506020,102408,P-029,1,9.50
506021,102408,P-013,1,52.00
506022,102409,P-040,3,8.50
506023,102409,P-027,2,24.00
506024,102410,P-019,20,18.00
506025,102410,P-008,20,55.00
506026,102410,P-026,3,5.00
506027,102411,P-059,4,5.50
506028,102411,P-024,1,16.50
506029,102411,P-029,1,9.50
506030,102412,P-059,1,5.50
506031,102412,P-052,1,31.00
506032,102412,P-004,1,16.50
506033,102412,P-045,2,10.50
506034,102413,P-022,1,18.00
506035,102413,P-004,3,16.50
506036,102413,P-045,2,10.50
506037,102413,P-059,1,5.50
506038,102413,P-017,1,38.00
506039,102414,P-041,1,8.00
506040,102414,P-052,1,31.00
506041,102415,P-040,1,8.50
506042,102415,P-042,3,26.00
506043,102415,P-019,1,18.00
506044,102416,P-035,1,11.00
506045,102416,P-028,1,14.50
506046,102416,P-014,2,24.00
506047,102416,P-022,1,18.00
506048,102417,P-034,2,12.50
506049,102418,P-038,2,14.00
506050,102419,P-040,2,8.50
506051,102419,P-060,4,18.00
506052,102420,P-052,2,31.00
506053,102421,P-040,1,8.50
506054,102421,P-010,1,21.00
506055,102422,P-032,3,19.00
506056,102422,P-050,5,11.50
506057,102422,P-052,10,31.00
506058,102423,P-019,1,18.00
506059,102424,P-031,10,22.00
506060,102424,P-011,5,42.00
506061,102424,P-051,5,10.00
506062,102424,P-040,10,8.50
506063,102424,P-042,3,26.00
506064,102425,P-034,1,12.50
506065,102425,P-048,4,9.00
506066,102425,P-056,2,12.50
506067,102426,P-027,1,24.00
506068,102426,P-041,1,8.00
506069,102427,P-040,1,8.50
506070,102427,P-059,1,5.50
506071,102427,P-038,1,14.00
506072,102428,P-022,5,18.00
506073,102428,P-039,10,23.50
506074,102428,P-048,30,9.00
506075,102428,P-027,10,24.00
506076,102429,P-012,2,29.00
506077,102429,P-021,1,6.50
506078,102429,P-010,3,21.00
506079,102429,P-004,1,16.50
506080,102429,P-029,1,9.50
506081,102430,P-019,20,18.00
506082,102430,P-054,10,14.00
506083,102430,P-042,30,26.00
506084,102431,P-044,2,12.00
506085,102431,P-029,1,9.50
506086,102432,P-022,1,18.00
506087,102432,P-045,1,10.50
506088,102432,P-007,2,7.50
506089,102433,P-027,1,24.00
506090,102434,P-038,10,14.00
506091,102434,P-040,10,8.50
506092,102434,P-018,6,21.50
506093,102434,P-006,10,48.00
506094,102434,P-042,15,26.00
506095,102435,P-038,1,14.00
506096,102435,P-037,2,21.00
506097,102435,P-006,1,48.00
506098,102436,P-026,4,5.00
506099,102436,P-002,1,34.00
506100,102436,P-032,1,19.00
506101,102436,P-011,1,42.00
506102,102437,P-010,1,21.00
506103,102437,P-032,2,19.00
506104,102438,P-051,1,10.00
506105,102438,P-039,1,23.50
506106,102438,P-031,2,22.00
506107,102439,P-032,1,19.00
506108,102440,P-059,1,5.50
506109,102440,P-007,1,7.50
506110,102441,P-005,1,9.00
506111,102441,P-054,1,14.00
506112,102442,P-038,2,14.00
506113,102443,P-041,1,8.00
506114,102443,P-056,3,12.50
506115,102443,P-006,1,48.00
506116,102443,P-038,1,14.00
506117,102444,P-035,1,11.00
506118,102444,P-059,1,5.50
506119,102444,P-004,3,16.50
506120,102445,P-037,3,21.00
506121,102445,P-013,3,52.00
506122,102445,P-031,3,22.00
506123,102446,P-056,3,12.50
506124,102446,P-040,20,8.50
506125,102446,P-022,10,18.00
506126,102446,P-049,3,27.50
506127,102447,P-027,1,24.00
506128,102447,P-007,1,7.50
506129,102447,P-019,1,18.00
506130,102447,P-021,1,6.50
506131,102448,P-026,1,5.00
506132,102448,P-049,3,27.50
506133,102448,P-028,1,14.50
506134,102449,P-006,2,48.00
506135,102450,P-024,1,16.50
506136,102450,P-018,3,21.50
506137,102451,P-049,1,27.50
506138,102451,P-039,1,23.50
506139,102452,P-048,2,9.00
506140,102452,P-054,3,14.00
506141,102453,P-005,1,9.00
506142,102454,P-053,1,6.00
506143,102454,P-023,1,12.00
506144,102455,P-050,2,11.50
506145,102456,P-047,1,22.00
506146,102456,P-053,3,6.00
506147,102457,P-022,1,18.00
506148,102457,P-015,2,60.00
506149,102458,P-056,1,12.50
506150,102458,P-026,1,5.00
506151,102458,P-049,1,27.50
506152,102459,P-057,1,16.00
506153,102460,P-020,1,26.00
506154,102460,P-033,2,13.50
506155,102461,P-023,20,12.00
506156,102461,P-027,9,24.00
506157,102461,P-037,5,21.00
506158,102462,P-043,1,15.00
506159,102462,P-059,1,5.50
506160,102462,P-018,1,21.50
506161,102462,P-006,4,48.00
506162,102463,P-034,3,12.50
506163,102463,P-043,2,15.00
506164,102463,P-016,2,17.50
506165,102464,P-044,1,12.00
506166,102464,P-041,2,8.00
506167,102465,P-024,1,16.50
506168,102465,P-049,1,27.50
506169,102466,P-047,2,22.00
506170,102466,P-002,1,34.00
506171,102466,P-049,3,27.50
506172,102466,P-018,1,21.50
506173,102467,P-043,1,15.00
506174,102467,P-013,1,52.00
506175,102468,P-059,2,5.50
506176,102468,P-056,2,12.50
506177,102469,P-019,2,18.00
506178,102469,P-028,2,14.50
506179,102470,P-039,2,23.50
506180,102470,P-019,1,18.00
506181,102471,P-053,1,6.00
506182,102471,P-019,2,18.00
506183,102471,P-059,1,5.50
506184,102472,P-012,1,29.00
506185,102473,P-001,3,19.50
506186,102473,P-052,1,31.00
506187,102473,P-041,2,8.00
506188,102474,P-022,1,18.00
506189,102474,P-030,3,11.00
506190,102475,P-026,1,5.00
506191,102476,P-026,1,5.00
506192,102476,P-027,1,24.00
506193,102477,P-019,5,18.00
506194,102477,P-037,20,21.00
506195,102477,P-039,20,23.50
506196,102477,P-018,10,21.50
506197,102478,P-004,10,16.50
506198,102478,P-037,5,21.00
506199,102479,P-041,1,8.00
506200,102479,P-026,1,5.00
506201,102479,P-020,2,26.00
506202,102480,P-054,2,14.00
506203,102480,P-006,1,48.00
506204,102481,P-034,1,12.50
506205,102481,P-004,2,16.50
506206,102482,P-002,5,34.00
506207,102482,P-040,3,8.50
506208,102482,P-035,10,11.00
506209,102482,P-053,10,6.00
506210,102483,P-013,1,52.00
506211,102483,P-032,1,19.00
506212,102484,P-004,2,16.50
506213,102484,P-013,1,52.00
506214,102484,P-020,1,26.00
506215,102485,P-027,2,24.00
506216,102485,P-013,2,52.00
506217,102485,P-018,1,21.50
506218,102486,P-015,1,60.00
506219,102486,P-037,1,21.00
506220,102486,P-011,1,42.00
506221,102486,P-059,1,5.50
506222,102487,P-004,1,16.50
506223,102487,P-027,1,24.00
506224,102488,P-043,2,15.00
506225,102488,P-014,2,24.00
506226,102489,P-057,4,16.00
506227,102490,P-048,3,9.00
506228,102490,P-029,1,9.50
506229,102491,P-028,1,14.50
506230,102492,P-050,2,11.50
506231,102492,P-048,2,9.00
506232,102492,P-059,2,5.50
506233,102493,P-060,2,18.00
506234,102493,P-055,2,19.00
506235,102494,P-026,5,5.00
506236,102495,P-027,3,24.00
506237,102495,P-026,2,5.00
506238,102496,P-020,2,26.00
506239,102497,P-001,1,19.50
506240,102497,P-011,1,42.00
506241,102497,P-053,2,6.00
506242,102498,P-014,3,24.00
506243,102498,P-003,1,42.00
506244,102498,P-021,1,6.50
506245,102498,P-055,1,19.00
506246,102499,P-054,1,14.00
506247,102499,P-004,1,16.50
506248,102499,P-024,2,16.50
506249,102499,P-040,1,8.50
506250,102499,P-041,1,8.00
506251,102500,P-029,1,9.50
506252,102500,P-012,1,29.00
506253,102500,P-036,2,17.00
506254,102501,P-043,10,15.00
506255,102501,P-022,20,18.00
506256,102502,P-010,4,21.00
506257,102502,P-060,1,18.00
506258,102503,P-014,1,24.00
506259,102503,P-055,1,19.00
506260,102504,P-055,2,19.00
506261,102504,P-048,1,9.00
506262,102504,P-023,3,12.00
506263,102504,P-054,1,14.00
506264,102504,P-059,1,5.50
506265,102505,P-024,1,16.50
506266,102505,P-016,2,17.50
506267,102505,P-055,2,19.00
506268,102505,P-048,1,9.00
506269,102506,P-032,1,19.00
506270,102506,P-044,2,12.00
506271,102507,P-035,2,11.00
506272,102507,P-048,2,9.00
506273,102507,P-015,1,60.00
506274,102507,P-011,1,42.00
506275,102508,P-060,1,18.00
506276,102509,P-048,1,9.00
506277,102509,P-050,4,11.50
506278,102510,P-035,3,11.00
506279,102510,P-007,1,7.50
506280,102510,P-019,1,18.00
506281,102511,P-032,1,19.00
506282,102511,P-042,2,26.00
506283,102512,P-050,2,11.50
506284,102512,P-035,1,11.00
506285,102512,P-020,1,26.00
506286,102513,P-034,1,12.50
506287,102514,P-059,15,5.50
506288,102514,P-060,3,18.00
506289,102514,P-035,10,11.00
506290,102514,P-022,9,18.00
506291,102514,P-019,3,18.00
506292,102514,P-030,10,11.00
506293,102515,P-047,4,22.00
506294,102515,P-051,1,10.00
506295,102515,P-054,1,14.00
506296,102515,P-060,2,18.00
506297,102516,P-021,1,6.50
506298,102516,P-012,3,29.00
506299,102516,P-057,1,16.00
506300,102516,P-006,1,48.00
506301,102517,P-011,1,42.00
506302,102518,P-035,3,11.00
506303,102518,P-033,3,13.50
506304,102518,P-021,5,6.50
506305,102518,P-053,5,6.00
506306,102518,P-041,20,8.00
506307,102519,P-042,3,26.00
506308,102519,P-039,1,23.50
506309,102520,P-040,1,8.50
506310,102521,P-049,1,27.50
506311,102521,P-056,1,12.50
506312,102521,P-041,1,8.00
506313,102522,P-027,2,24.00
506314,102522,P-002,1,34.00
506315,102522,P-034,1,12.50
506316,102522,P-029,2,9.50
506317,102522,P-018,1,21.50
506318,102523,P-056,1,12.50
506319,102523,P-010,1,21.00
506320,102523,P-027,3,24.00
506321,102524,P-057,15,16.00
506322,102524,P-048,5,9.00
506323,102525,P-011,1,42.00
506324,102525,P-005,1,9.00
506325,102526,P-021,30,6.50
506326,102526,P-041,9,8.00
506327,102526,P-029,3,9.50
506328,102527,P-031,2,22.00
506329,102527,P-022,1,18.00
506330,102527,P-041,1,8.00
506331,102527,P-033,1,13.50
506332,102527,P-018,1,21.50
506333,102527,P-051,1,10.00
506334,102528,P-007,1,7.50
506335,102528,P-039,1,23.50
506336,102528,P-052,1,31.00
506337,102528,P-019,1,18.00
506338,102529,P-048,2,9.00
506339,102530,P-053,6,6.00
506340,102530,P-007,10,7.50
506341,102530,P-036,15,17.00
506342,102531,P-002,1,34.00
506343,102531,P-040,1,8.50
506344,102531,P-026,1,5.00
506345,102532,P-012,2,29.00
506346,102532,P-005,1,9.00
506347,102533,P-040,3,8.50
506348,102534,P-037,1,21.00
506349,102534,P-029,3,9.50
506350,102535,P-040,15,8.50
506351,102535,P-056,10,12.50
506352,102536,P-060,2,18.00
506353,102536,P-022,2,18.00
506354,102537,P-022,2,18.00
506355,102538,P-012,1,29.00
506356,102538,P-021,1,6.50
506357,102538,P-048,2,9.00
506358,102538,P-033,1,13.50
506359,102538,P-007,2,7.50
506360,102539,P-040,1,8.50
506361,102539,P-056,2,12.50
506362,102540,P-026,2,5.00
506363,102540,P-031,1,22.00
506364,102541,P-021,1,6.50
506365,102541,P-045,1,10.50
506366,102541,P-018,1,21.50
506367,102542,P-043,1,15.00
506368,102543,P-056,1,12.50
506369,102543,P-024,1,16.50
506370,102543,P-007,1,7.50
506371,102544,P-031,1,22.00
506372,102544,P-020,3,26.00
506373,102544,P-019,1,18.00
506374,102544,P-032,1,19.00
506375,102545,P-053,3,6.00
506376,102546,P-010,3,21.00
506377,102546,P-060,1,18.00
506378,102546,P-045,1,10.50
506379,102547,P-026,3,5.00
506380,102548,P-056,1,12.50
506381,102549,P-027,20,24.00
506382,102550,P-031,10,22.00
506383,102550,P-034,10,12.50
506384,102551,P-006,1,48.00
506385,102551,P-051,1,10.00
506386,102551,P-037,1,21.00
506387,102552,P-054,1,14.00
506388,102552,P-035,1,11.00
506389,102553,P-053,1,6.00
506390,102554,P-027,2,24.00
506391,102554,P-034,1,12.50
506392,102554,P-007,1,7.50
506393,102555,P-003,1,42.00
506394,102556,P-060,2,18.00
506395,102556,P-007,1,7.50
506396,102557,P-024,1,16.50
506397,102558,P-012,2,29.00
506398,102559,P-026,2,5.00
506399,102560,P-027,2,24.00
506400,102560,P-041,1,8.00
506401,102561,P-053,1,6.00
506402,102562,P-050,1,11.50
506403,102563,P-042,4,26.00
506404,102564,P-052,1,31.00
506405,102564,P-026,1,5.00
506406,102564,P-023,2,12.00
506407,102564,P-014,1,24.00
506408,102565,P-028,1,14.50
506409,102565,P-005,2,9.00
506410,102565,P-026,1,5.00
506411,102565,P-022,2,18.00
506412,102566,P-031,3,22.00
506413,102566,P-006,3,48.00
506414,102566,P-028,6,14.50
506415,102566,P-048,10,9.00
506416,102567,P-054,2,14.00
506417,102567,P-051,2,10.00
506418,102568,P-014,2,24.00
506419,102569,P-039,1,23.50
506420,102569,P-044,1,12.00
506421,102569,P-036,1,17.00
506422,102570,P-018,2,21.50
506423,102570,P-023,1,12.00
506424,102571,P-037,40,21.00
506425,102571,P-047,5,22.00
506426,102571,P-006,10,48.00
506427,102572,P-051,1,10.00
506428,102572,P-021,2,6.50
506429,102572,P-057,1,16.00
506430,102573,P-004,15,16.50
506431,102573,P-056,10,12.50
506432,102573,P-048,6,9.00
506433,102574,P-030,1,11.00
506434,102574,P-017,1,38.00
506435,102574,P-056,2,12.50
506436,102575,P-053,2,6.00
506437,102575,P-003,1,42.00
506438,102575,P-027,3,24.00
506439,102575,P-032,3,19.00
506440,102576,P-047,9,22.00
506441,102576,P-004,3,16.50
506442,102576,P-038,30,14.00
506443,102576,P-012,30,29.00
506444,102577,P-020,3,26.00
506445,102577,P-007,10,7.50
506446,102577,P-055,3,19.00
506447,102577,P-024,9,16.50
506448,102577,P-040,5,8.50
506449,102578,P-022,1,18.00
506450,102579,P-004,2,16.50
506451,102579,P-048,1,9.00
506452,102579,P-033,1,13.50
506453,102579,P-022,1,18.00
506454,102580,P-019,1,18.00
506455,102580,P-006,2,48.00
506456,102580,P-010,1,21.00
506457,102581,P-048,1,9.00
506458,102581,P-059,1,5.50
506459,102581,P-027,1,24.00
506460,102581,P-055,1,19.00
506461,102581,P-019,2,18.00
506462,102582,P-019,9,18.00
506463,102582,P-024,30,16.50
506464,102582,P-047,10,22.00
506465,102582,P-053,5,6.00
506466,102583,P-053,2,6.00
506467,102583,P-037,1,21.00
506468,102583,P-004,1,16.50
506469,102583,P-047,1,22.00
506470,102584,P-012,10,29.00
506471,102584,P-032,6,19.00
506472,102584,P-006,5,48.00
506473,102585,P-047,3,22.00
506474,102585,P-024,1,16.50
506475,102585,P-040,2,8.50
506476,102585,P-037,3,21.00
506477,102586,P-001,2,19.50
506478,102586,P-027,2,24.00
506479,102586,P-020,1,26.00
506480,102586,P-041,1,8.00
506481,102587,P-026,1,5.00
506482,102587,P-049,1,27.50
506483,102588,P-054,1,14.00
506484,102588,P-024,3,16.50
506485,102588,P-047,4,22.00
506486,102589,P-016,1,17.50
506487,102589,P-053,1,6.00
506488,102590,P-024,1,16.50
506489,102590,P-034,2,12.50
506490,102591,P-004,2,16.50
506491,102591,P-048,1,9.00
506492,102591,P-038,2,14.00
506493,102592,P-050,1,11.50
506494,102592,P-037,1,21.00
506495,102592,P-020,4,26.00
506496,102593,P-038,10,14.00
506497,102593,P-048,3,9.00
506498,102593,P-054,3,14.00
506499,102594,P-010,1,21.00
506500,102594,P-022,1,18.00
506501,102594,P-004,2,16.50
506502,102594,P-013,1,52.00
506503,102595,P-007,1,7.50
506504,102596,P-041,4,8.00
506505,102596,P-033,2,13.50
506506,102597,P-055,1,19.00
506507,102597,P-012,3,29.00
506508,102597,P-007,1,7.50
506509,102597,P-050,2,11.50
506510,102598,P-003,2,42.00
506511,102599,P-014,6,24.00
506512,102599,P-053,10,6.00
506513,102599,P-028,5,14.50
506514,102600,P-003,2,42.00
506515,102601,P-037,1,21.00
506516,102601,P-040,1,8.50
506517,102601,P-032,1,19.00
506518,102602,P-020,1,26.00
506519,102603,P-019,2,18.00
506520,102604,P-001,3,19.50
506521,102604,P-011,3,42.00
506522,102604,P-034,1,12.50
506523,102604,P-008,1,55.00
506524,102604,P-037,2,21.00
506525,102604,P-023,2,12.00
506526,102605,P-028,5,14.50
506527,102606,P-059,2,5.50
506528,102606,P-036,3,17.00
506529,102606,P-026,1,5.00
506530,102606,P-041,2,8.00
506531,102607,P-048,2,9.00
506532,102607,P-013,1,52.00
506533,102607,P-019,1,18.00
506534,102608,P-007,1,7.50
506535,102608,P-053,2,6.00
506536,102609,P-024,1,16.50
506537,102609,P-007,1,7.50
506538,102610,P-030,1,11.00
506539,102611,P-033,1,13.50
506540,102612,P-060,1,18.00
506541,102612,P-029,1,9.50
506542,102613,P-004,1,16.50
506543,102613,P-057,3,16.00
506544,102614,P-013,1,52.00
506545,102614,P-050,1,11.50
506546,102615,P-056,1,12.50
506547,102615,P-050,2,11.50
506548,102616,P-012,2,29.00
506549,102616,P-056,1,12.50
506550,102617,P-059,2,5.50
506551,102617,P-011,2,42.00
506552,102617,P-022,1,18.00
506553,102618,P-057,1,16.00
506554,102618,P-035,1,11.00
506555,102619,P-020,1,26.00
506556,102620,P-031,3,22.00
506557,102621,P-040,1,8.50
506558,102621,P-004,3,16.50
506559,102622,P-019,1,18.00
506560,102622,P-044,4,12.00
506561,102623,P-040,1,8.50
506562,102624,P-010,1,21.00
506563,102624,P-021,2,6.50
506564,102625,P-035,1,11.00
506565,102625,P-040,1,8.50
506566,102626,P-059,2,5.50
506567,102626,P-026,1,5.00
506568,102627,P-007,1,7.50
506569,102627,P-036,2,17.00
506570,102627,P-033,2,13.50
506571,102627,P-039,2,23.50
506572,102628,P-048,1,9.00
506573,102628,P-040,2,8.50
506574,102628,P-020,1,26.00
506575,102629,P-035,2,11.00
506576,102629,P-049,4,27.50
506577,102630,P-041,2,8.00
506578,102631,P-027,20,24.00
506579,102631,P-031,3,22.00
506580,102631,P-002,40,34.00
506581,102632,P-031,2,22.00
506582,102632,P-014,1,24.00
506583,102632,P-060,1,18.00
506584,102633,P-048,3,9.00
506585,102633,P-020,1,26.00
506586,102633,P-007,2,7.50
506587,102633,P-040,3,8.50
506588,102634,P-002,2,34.00
506589,102634,P-019,1,18.00
506590,102634,P-027,3,24.00
506591,102635,P-059,1,5.50
506592,102635,P-021,2,6.50
506593,102635,P-038,1,14.00
506594,102636,P-010,1,21.00
506595,102636,P-039,1,23.50
506596,102636,P-038,1,14.00
506597,102636,P-017,3,38.00
506598,102636,P-040,2,8.50
506599,102637,P-015,2,60.00
506600,102637,P-011,2,42.00
506601,102637,P-033,1,13.50
506602,102637,P-049,1,27.50
506603,102638,P-002,4,34.00
506604,102638,P-028,1,14.50
506605,102638,P-026,1,5.00
506606,102639,P-059,3,5.50
506607,102639,P-018,1,21.50
506608,102640,P-022,1,18.00
506609,102640,P-056,4,12.50
506610,102641,P-044,1,12.00
506611,102641,P-037,1,21.00
506612,102642,P-044,1,12.00
506613,102643,P-017,3,38.00
506614,102644,P-024,20,16.50
506615,102644,P-023,10,12.00
506616,102645,P-035,1,11.00
506617,102645,P-024,1,16.50
506618,102645,P-017,3,38.00
506619,102645,P-042,1,26.00
506620,102645,P-021,2,6.50
506621,102645,P-036,1,17.00
506622,102646,P-047,1,22.00
506623,102646,P-019,1,18.00
506624,102647,P-037,1,21.00
506625,102647,P-029,1,9.50
506626,102647,P-045,1,10.50
506627,102648,P-057,1,16.00
506628,102648,P-035,1,11.00
506629,102649,P-040,3,8.50
506630,102649,P-023,1,12.00
506631,102649,P-007,1,7.50
506632,102649,P-021,2,6.50
506633,102650,P-031,3,22.00
506634,102651,P-052,1,31.00
506635,102651,P-059,3,5.50
506636,102651,P-042,1,26.00
506637,102652,P-045,3,10.50
506638,102652,P-005,1,9.00
506639,102652,P-012,1,29.00
506640,102652,P-004,1,16.50
506641,102652,P-035,1,11.00
506642,102652,P-024,2,16.50
506643,102653,P-059,1,5.50
506644,102653,P-019,2,18.00
506645,102653,P-038,1,14.00
506646,102653,P-037,4,21.00
506647,102654,P-018,1,21.50
506648,102654,P-013,3,52.00
506649,102654,P-037,2,21.00
506650,102655,P-060,2,18.00
506651,102655,P-007,1,7.50
506652,102655,P-053,2,6.00
506653,102655,P-033,2,13.50
506654,102656,P-015,2,60.00
506655,102656,P-014,2,24.00
506656,102656,P-043,1,15.00
506657,102657,P-022,1,18.00
506658,102657,P-014,1,24.00
506659,102657,P-026,1,5.00
506660,102658,P-018,20,21.50
506661,102658,P-029,15,9.50
506662,102659,P-038,1,14.00
506663,102659,P-018,1,21.50
506664,102659,P-032,1,19.00
506665,102659,P-050,3,11.50
506666,102659,P-017,1,38.00
506667,102660,P-011,1,42.00
506668,102660,P-043,2,15.00
506669,102661,P-020,10,26.00
506670,102661,P-045,10,10.50
506671,102662,P-053,1,6.00
506672,102662,P-036,1,17.00
506673,102662,P-023,1,12.00
506674,102663,P-030,1,11.00
506675,102663,P-002,1,34.00
506676,102663,P-005,1,9.00
506677,102664,P-042,20,26.00
506678,102664,P-010,15,21.00
506679,102665,P-012,2,29.00
506680,102665,P-042,2,26.00
506681,102666,P-060,1,18.00
506682,102666,P-032,1,19.00
506683,102667,P-012,1,29.00
506684,102668,P-004,2,16.50
506685,102669,P-043,1,15.00
506686,102669,P-036,1,17.00
506687,102669,P-053,3,6.00
506688,102669,P-048,3,9.00
506689,102669,P-034,2,12.50
506690,102670,P-021,1,6.50
506691,102671,P-031,2,22.00
506692,102671,P-054,1,14.00
506693,102672,P-034,2,12.50
506694,102672,P-020,1,26.00
506695,102673,P-056,2,12.50
506696,102673,P-035,2,11.00
506697,102673,P-001,3,19.50
506698,102674,P-031,1,22.00
506699,102675,P-038,1,14.00
506700,102675,P-048,1,9.00
506701,102676,P-005,30,9.00
506702,102676,P-004,20,16.50
506703,102677,P-053,1,6.00
506704,102678,P-027,1,24.00
506705,102678,P-003,1,42.00
506706,102678,P-055,1,19.00
506707,102678,P-051,3,10.00
506708,102679,P-059,1,5.50
506709,102679,P-047,2,22.00
506710,102680,P-014,1,24.00
506711,102680,P-036,1,17.00
506712,102681,P-043,2,15.00
506713,102681,P-039,2,23.50
506714,102682,P-050,3,11.50
506715,102683,P-019,1,18.00
506716,102683,P-035,1,11.00
506717,102683,P-007,1,7.50
506718,102684,P-052,2,31.00
506719,102684,P-047,1,22.00
506720,102684,P-030,3,11.00
506721,102684,P-006,1,48.00
506722,102684,P-019,1,18.00
506723,102685,P-018,2,21.50
506724,102686,P-049,1,27.50
506725,102686,P-056,1,12.50
506726,102686,P-013,1,52.00
506727,102686,P-031,1,22.00
506728,102687,P-033,3,13.50
506729,102688,P-041,3,8.00
506730,102688,P-024,1,16.50
506731,102689,P-042,1,26.00
506732,102690,P-006,2,48.00
506733,102690,P-042,2,26.00
506734,102691,P-012,3,29.00
506735,102692,P-039,1,23.50
506736,102692,P-041,1,8.00
506737,102692,P-022,1,18.00
506738,102692,P-033,1,13.50
506739,102693,P-006,3,48.00
506740,102693,P-027,5,24.00
506741,102693,P-030,3,11.00
506742,102693,P-022,3,18.00
506743,102693,P-024,30,16.50
506744,102694,P-001,1,19.50
506745,102694,P-039,1,23.50
506746,102694,P-007,3,7.50
506747,102694,P-060,1,18.00
506748,102695,P-028,1,14.50
506749,102696,P-018,20,21.50
506750,102696,P-053,10,6.00
506751,102697,P-006,10,48.00
506752,102698,P-027,3,24.00
506753,102698,P-059,1,5.50
506754,102699,P-045,4,10.50
506755,102699,P-001,1,19.50
506756,102699,P-020,2,26.00
506757,102700,P-053,3,6.00
506758,102700,P-059,3,5.50
506759,102700,P-026,10,5.00
506760,102700,P-007,20,7.50
506761,102701,P-020,1,26.00
506762,102701,P-042,1,26.00
506763,102701,P-033,1,13.50
506764,102701,P-012,1,29.00
506765,102702,P-015,1,60.00
506766,102702,P-019,2,18.00
506767,102702,P-039,1,23.50
506768,102702,P-051,1,10.00
506769,102702,P-031,1,22.00
506770,102703,P-040,3,8.50
506771,102703,P-019,2,18.00
506772,102704,P-056,3,12.50
506773,102704,P-031,1,22.00
506774,102704,P-059,1,5.50
506775,102705,P-044,10,12.00
506776,102706,P-054,1,14.00
506777,102707,P-045,1,10.50
506778,102707,P-047,1,22.00
506779,102707,P-060,3,18.00
506780,102707,P-012,2,29.00
506781,102708,P-026,1,5.00
506782,102708,P-047,1,22.00
506783,102708,P-023,1,12.00
506784,102709,P-019,1,18.00
506785,102709,P-017,1,38.00
506786,102710,P-019,1,18.00
506787,102710,P-006,2,48.00
506788,102710,P-005,1,9.00
506789,102711,P-035,1,11.00
506790,102712,P-002,3,34.00
506791,102712,P-020,1,26.00
506792,102712,P-040,2,8.50
506793,102712,P-017,1,38.00
506794,102712,P-048,1,9.00
506795,102713,P-053,1,6.00
506796,102713,P-048,2,9.00
506797,102713,P-021,1,6.50
506798,102714,P-056,5,12.50
506799,102714,P-005,10,9.00
506800,102714,P-039,9,23.50
506801,102715,P-047,10,22.00
506802,102715,P-049,10,27.50
506803,102715,P-054,20,14.00
506804,102716,P-006,30,48.00
506805,102717,P-045,1,10.50
506806,102718,P-027,3,24.00
506807,102718,P-048,3,9.00
506808,102718,P-042,30,26.00
506809,102718,P-056,5,12.50
506810,102718,P-055,3,19.00
506811,102719,P-060,5,18.00
506812,102719,P-042,5,26.00
506813,102719,P-026,15,5.00
506814,102720,P-054,1,14.00
506815,102720,P-060,2,18.00
506816,102721,P-041,2,8.00
506817,102721,P-056,1,12.50
506818,102721,P-027,1,24.00
506819,102722,P-026,10,5.00
506820,102722,P-052,10,31.00
506821,102723,P-057,1,16.00
506822,102723,P-020,1,26.00
506823,102723,P-031,1,22.00
506824,102723,P-013,1,52.00
506825,102724,P-043,1,15.00
506826,102724,P-030,1,11.00
506827,102724,P-004,1,16.50
506828,102725,P-006,2,48.00
506829,102725,P-022,1,18.00
506830,102725,P-019,1,18.00
506831,102725,P-048,2,9.00
506832,102726,P-050,2,11.50
506833,102726,P-030,1,11.00
506834,102726,P-060,1,18.00
506835,102727,P-039,5,23.50
506836,102727,P-059,10,5.50
506837,102727,P-033,3,13.50
506838,102727,P-027,10,24.00
506839,102728,P-017,1,38.00
506840,102728,P-048,2,9.00
506841,102728,P-029,2,9.50
506842,102728,P-041,3,8.00
506843,102729,P-039,1,23.50
506844,102730,P-019,10,18.00
506845,102731,P-010,1,21.00
506846,102731,P-043,1,15.00
506847,102731,P-022,1,18.00
506848,102732,P-057,1,16.00
506849,102732,P-060,2,18.00
506850,102733,P-011,1,42.00
506851,102734,P-007,2,7.50
506852,102735,P-057,1,16.00
506853,102735,P-055,1,19.00
506854,102735,P-052,1,31.00
506855,102735,P-012,1,29.00
506856,102735,P-023,2,12.00
506857,102736,P-036,1,17.00
506858,102737,P-032,1,19.00
506859,102737,P-044,2,12.00
506860,102737,P-060,2,18.00
506861,102737,P-041,3,8.00
506862,102738,P-013,2,52.00
506863,102738,P-010,2,21.00
506864,102738,P-050,1,11.50
506865,102739,P-034,2,12.50
506866,102739,P-016,1,17.50
506867,102740,P-041,1,8.00
506868,102741,P-012,2,29.00
506869,102741,P-031,2,22.00
506870,102742,P-020,20,26.00
506871,102742,P-053,5,6.00
506872,102743,P-012,3,29.00
506873,102743,P-022,2,18.00
506874,102743,P-035,1,11.00
506875,102743,P-010,2,21.00
506876,102744,P-056,1,12.50
506877,102744,P-028,1,14.50
506878,102745,P-026,2,5.00
506879,102746,P-012,2,29.00
506880,102746,P-024,1,16.50
506881,102747,P-008,1,55.00
506882,102748,P-051,1,10.00
506883,102748,P-048,1,9.00
506884,102748,P-030,1,11.00
506885,102748,P-053,1,6.00
506886,102748,P-012,1,29.00
506887,102748,P-029,2,9.50
506888,102749,P-053,2,6.00
506889,102749,P-010,2,21.00
506890,102750,P-060,1,18.00
506891,102750,P-021,1,6.50
506892,102750,P-029,2,9.50
506893,102751,P-045,1,10.50
506894,102751,P-016,4,17.50
506895,102751,P-007,1,7.50
506896,102752,P-048,2,9.00
506897,102752,P-056,2,12.50
506898,102753,P-038,3,14.00
506899,102753,P-059,2,5.50
506900,102754,P-059,6,5.50
506901,102755,P-035,1,11.00
506902,102755,P-039,1,23.50
506903,102756,P-028,1,14.50
506904,102756,P-048,2,9.00
506905,102756,P-047,3,22.00
506906,102756,P-035,1,11.00
506907,102756,P-043,1,15.00
506908,102757,P-014,3,24.00
506909,102757,P-039,1,23.50
506910,102758,P-035,1,11.00
506911,102758,P-038,1,14.00
506912,102758,P-001,1,19.50
506913,102759,P-042,1,26.00
506914,102759,P-054,1,14.00
506915,102760,P-020,1,26.00
506916,102760,P-012,1,29.00
506917,102761,P-045,1,10.50
506918,102761,P-017,1,38.00
506919,102761,P-043,1,15.00
506920,102762,P-012,1,29.00
506921,102762,P-060,1,18.00
506922,102763,P-054,3,14.00
506923,102763,P-022,1,18.00
506924,102763,P-008,1,55.00
506925,102764,P-037,1,21.00
506926,102764,P-040,1,8.50
506927,102765,P-024,3,16.50
506928,102765,P-053,3,6.00
506929,102765,P-019,3,18.00
506930,102766,P-038,2,14.00
506931,102766,P-029,1,9.50
506932,102767,P-038,1,14.00
506933,102768,P-045,1,10.50
506934,102768,P-027,2,24.00
506935,102768,P-047,1,22.00
506936,102769,P-007,1,7.50
506937,102769,P-014,2,24.00
506938,102769,P-004,1,16.50
506939,102769,P-026,1,5.00
506940,102770,P-038,2,14.00
506941,102770,P-014,3,24.00
506942,102770,P-016,1,17.50
506943,102770,P-047,3,22.00
506944,102771,P-056,1,12.50
506945,102771,P-040,1,8.50
506946,102771,P-017,2,38.00
506947,102771,P-028,1,14.50
506948,102771,P-001,1,19.50
506949,102772,P-056,2,12.50
506950,102772,P-022,2,18.00
506951,102772,P-016,2,17.50
506952,102773,P-016,2,17.50
506953,102774,P-053,1,6.00
506954,102775,P-053,1,6.00
506955,102775,P-035,1,11.00
506956,102775,P-005,1,9.00
506957,102776,P-041,2,8.00
506958,102777,P-014,10,24.00
506959,102777,P-020,3,26.00
506960,102778,P-018,1,21.50
506961,102778,P-033,1,13.50
506962,102778,P-005,3,9.00
506963,102779,P-017,1,38.00
506964,102779,P-052,1,31.00
506965,102779,P-054,2,14.00
506966,102780,P-035,2,11.00
506967,102780,P-019,1,18.00
506968,102781,P-019,1,18.00
506969,102781,P-056,2,12.50
506970,102782,P-020,2,26.00
506971,102782,P-047,2,22.00
506972,102783,P-044,1,12.00
506973,102783,P-012,1,29.00
506974,102783,P-051,2,10.00
506975,102784,P-048,3,9.00
506976,102784,P-054,1,14.00
506977,102785,P-041,2,8.00
506978,102785,P-047,2,22.00
506979,102785,P-040,1,8.50
506980,102786,P-034,1,12.50
506981,102786,P-059,1,5.50
506982,102786,P-035,2,11.00
506983,102786,P-030,1,11.00
506984,102787,P-017,1,38.00
506985,102788,P-007,1,7.50
506986,102788,P-040,1,8.50
506987,102788,P-016,1,17.50
506988,102789,P-018,1,21.50
506989,102790,P-018,1,21.50
506990,102790,P-021,2,6.50
506991,102791,P-042,1,26.00
506992,102791,P-053,1,6.00
506993,102791,P-007,1,7.50
506994,102791,P-028,2,14.50
506995,102792,P-035,1,11.00
506996,102792,P-029,1,9.50
506997,102793,P-001,1,19.50
506998,102793,P-057,2,16.00
506999,102794,P-056,1,12.50
507000,102794,P-034,2,12.50
507001,102794,P-053,2,6.00
507002,102794,P-040,1,8.50
507003,102794,P-010,3,21.00
507004,102795,P-029,5,9.50
507005,102795,P-045,6,10.50
507006,102796,P-032,3,19.00
507007,102796,P-022,1,18.00
507008,102796,P-036,2,17.00
507009,102797,P-048,1,9.00
507010,102797,P-027,1,24.00
507011,102798,P-021,1,6.50
507012,102798,P-048,1,9.00
507013,102798,P-018,4,21.50
507014,102798,P-024,1,16.50
507015,102799,P-005,2,9.00
507016,102800,P-015,1,60.00
507017,102800,P-035,1,11.00
507018,102800,P-044,2,12.00
507019,102800,P-050,3,11.50
507020,102801,P-057,1,16.00
507021,102801,P-055,3,19.00
507022,102801,P-007,2,7.50
507023,102802,P-050,1,11.50
507024,102803,P-033,1,13.50
507025,102803,P-047,1,22.00
507026,102803,P-054,1,14.00
507027,102804,P-051,2,10.00
507028,102804,P-060,1,18.00
507029,102804,P-012,1,29.00
507030,102804,P-010,1,21.00
507031,102805,P-048,1,9.00
507032,102805,P-005,1,9.00
507033,102805,P-057,1,16.00
507034,102806,P-034,1,12.50
507035,102806,P-037,3,21.00
507036,102806,P-039,1,23.50
507037,102807,P-036,10,17.00
507038,102808,P-010,1,21.00
507039,102808,P-028,1,14.50
507040,102808,P-014,2,24.00
507041,102808,P-022,1,18.00
507042,102809,P-053,2,6.00
507043,102809,P-005,1,9.00
507044,102809,P-035,1,11.00
507045,102810,P-057,1,16.00
507046,102810,P-022,1,18.00
507047,102810,P-048,1,9.00
507048,102811,P-044,2,12.00
507049,102811,P-059,1,5.50
507050,102811,P-007,3,7.50
507051,102811,P-021,2,6.50
507052,102812,P-018,1,21.50
507053,102812,P-047,1,22.00
507054,102812,P-005,2,9.00
507055,102812,P-020,2,26.00
507056,102813,P-026,1,5.00
507057,102814,P-035,1,11.00
507058,102815,P-004,1,16.50
507059,102816,P-052,2,31.00
507060,102816,P-054,1,14.00
507061,102816,P-037,1,21.00
507062,102817,P-023,3,12.00
507063,102817,P-057,4,16.00
507064,102818,P-019,1,18.00
507065,102819,P-056,2,12.50
507066,102819,P-004,1,16.50
507067,102819,P-021,4,6.50
507068,102819,P-022,2,18.00
507069,102819,P-059,1,5.50
507070,102819,P-053,1,6.00
507071,102820,P-060,1,18.00
507072,102820,P-021,1,6.50
507073,102820,P-039,2,23.50
507074,102821,P-048,15,9.00
507075,102821,P-060,3,18.00
507076,102822,P-032,1,19.00
507077,102822,P-060,3,18.00
507078,102822,P-036,1,17.00
507079,102822,P-041,1,8.00
507080,102822,P-034,2,12.50
507081,102822,P-054,3,14.00
507082,102823,P-044,1,12.00
507083,102823,P-021,2,6.50
507084,102824,P-029,1,9.50
507085,102824,P-048,1,9.00
507086,102824,P-047,1,22.00
507087,102825,P-042,2,26.00
507088,102825,P-047,2,22.00
507089,102825,P-060,2,18.00
507090,102826,P-014,1,24.00
507091,102826,P-027,1,24.00
507092,102827,P-047,2,22.00
507093,102827,P-052,1,31.00
507094,102827,P-021,1,6.50
507095,102827,P-028,1,14.50
507096,102827,P-022,2,18.00
507097,102828,P-030,1,11.00
507098,102828,P-051,2,10.00
507099,102828,P-022,3,18.00
507100,102829,P-028,1,14.50
507101,102829,P-007,2,7.50
507102,102830,P-033,1,13.50
507103,102831,P-024,2,16.50
507104,102832,P-056,1,12.50
507105,102832,P-052,1,31.00
507106,102832,P-043,1,15.00
507107,102832,P-004,1,16.50
507108,102833,P-044,3,12.00
507109,102833,P-014,1,24.00
507110,102834,P-017,20,38.00
507111,102834,P-039,6,23.50
507112,102834,P-030,9,11.00
507113,102835,P-041,3,8.00
507114,102835,P-043,1,15.00
507115,102835,P-047,4,22.00
507116,102835,P-037,1,21.00
507117,102835,P-053,2,6.00
507118,102836,P-040,4,8.50
507119,102836,P-015,1,60.00
507120,102837,P-006,1,48.00
507121,102837,P-007,1,7.50
507122,102838,P-040,1,8.50
507123,102838,P-037,1,21.00
507124,102838,P-060,1,18.00
507125,102839,P-053,1,6.00
507126,102839,P-052,1,31.00
507127,102840,P-010,2,21.00
507128,102841,P-027,1,24.00
507129,102841,P-056,4,12.50
507130,102841,P-013,1,52.00
507131,102841,P-043,1,15.00
507132,102841,P-049,2,27.50
507133,102842,P-020,2,26.00
507134,102842,P-049,2,27.50
507135,102843,P-036,4,17.00
507136,102844,P-001,1,19.50
507137,102844,P-042,2,26.00
507138,102844,P-044,1,12.00
507139,102844,P-017,1,38.00
507140,102844,P-033,1,13.50
507141,102845,P-011,2,42.00
507142,102846,P-053,1,6.00
507143,102846,P-016,2,17.50
507144,102846,P-056,1,12.50
507145,102846,P-014,1,24.00
507146,102847,P-032,2,19.00
507147,102847,P-054,2,14.00
507148,102848,P-030,2,11.00
507149,102848,P-043,2,15.00
507150,102849,P-026,3,5.00
507151,102849,P-035,2,11.00
507152,102849,P-017,1,38.00
507153,102850,P-033,10,13.50
507154,102851,P-024,2,16.50
507155,102851,P-005,1,9.00
507156,102852,P-054,2,14.00
507157,102852,P-048,2,9.00
507158,102852,P-018,1,21.50
507159,102852,P-028,1,14.50
507160,102853,P-014,10,24.00
507161,102853,P-045,5,10.50
507162,102854,P-028,10,14.50
507163,102854,P-007,6,7.50
507164,102854,P-059,5,5.50
507165,102854,P-021,10,6.50
507166,102855,P-002,2,34.00
507167,102855,P-054,2,14.00
507168,102856,P-007,3,7.50
507169,102857,P-041,1,8.00
507170,102858,P-032,4,19.00
507171,102858,P-005,1,9.00
507172,102859,P-013,2,52.00
507173,102860,P-026,1,5.00
507174,102860,P-038,2,14.00
507175,102861,P-044,10,12.00
507176,102861,P-014,30,24.00
507177,102861,P-048,5,9.00
507178,102861,P-012,3,29.00
507179,102861,P-001,9,19.50
507180,102862,P-034,15,12.50
507181,102862,P-051,5,10.00
507182,102862,P-010,20,21.00
507183,102863,P-010,2,21.00
507184,102864,P-040,1,8.50
507185,102865,P-033,1,13.50
507186,102865,P-044,1,12.00
507187,102865,P-026,1,5.00
507188,102866,P-053,1,6.00
507189,102866,P-039,3,23.50
507190,102866,P-007,2,7.50
507191,102866,P-042,1,26.00
507192,102866,P-014,2,24.00
507193,102867,P-047,1,22.00
507194,102868,P-035,10,11.00
507195,102868,P-037,10,21.00
507196,102868,P-048,9,9.00
507197,102868,P-039,3,23.50
507198,102869,P-053,1,6.00
507199,102869,P-006,1,48.00
507200,102869,P-023,1,12.00
507201,102869,P-049,1,27.50
507202,102870,P-048,1,9.00
507203,102871,P-033,2,13.50
507204,102871,P-040,1,8.50
507205,102872,P-031,1,22.00
507206,102873,P-033,1,13.50
507207,102873,P-018,1,21.50
507208,102874,P-059,2,5.50
507209,102874,P-003,2,42.00
507210,102874,P-006,3,48.00
507211,102874,P-005,1,9.00
507212,102875,P-005,2,9.00
507213,102875,P-032,2,19.00
507214,102876,P-054,5,14.00
507215,102877,P-045,4,10.50
507216,102877,P-035,1,11.00
507217,102877,P-007,1,7.50
507218,102878,P-042,1,26.00
507219,102879,P-008,1,55.00
507220,102879,P-048,2,9.00
507221,102879,P-012,2,29.00
507222,102880,P-051,1,10.00
507223,102881,P-041,1,8.00
507224,102882,P-043,1,15.00
507225,102882,P-053,1,6.00
507226,102882,P-004,3,16.50
507227,102883,P-010,2,21.00
507228,102884,P-033,1,13.50
507229,102885,P-055,2,19.00
507230,102886,P-059,2,5.50
507231,102886,P-041,1,8.00
507232,102887,P-048,1,9.00
507233,102888,P-043,3,15.00
507234,102888,P-021,1,6.50
507235,102888,P-026,1,5.00
507236,102889,P-040,10,8.50
507237,102889,P-016,3,17.50
507238,102889,P-008,5,55.00
507239,102890,P-060,2,18.00
507240,102890,P-004,1,16.50
507241,102890,P-056,2,12.50
507242,102891,P-034,1,12.50
507243,102891,P-021,2,6.50
507244,102892,P-018,1,21.50
507245,102892,P-040,2,8.50
507246,102893,P-021,1,6.50
507247,102893,P-052,1,31.00
507248,102893,P-048,1,9.00
507249,102894,P-028,1,14.50
507250,102894,P-031,1,22.00
507251,102894,P-044,3,12.00
507252,102895,P-001,10,19.50
507253,102896,P-031,3,22.00
507254,102896,P-060,1,18.00
507255,102896,P-036,1,17.00
507256,102897,P-026,10,5.00
507257,102897,P-007,9,7.50
507258,102897,P-041,3,8.00
507259,102897,P-052,3,31.00
507260,102898,P-030,2,11.00
507261,102899,P-018,2,21.50
507262,102900,P-040,10,8.50
507263,102901,P-013,1,52.00
507264,102901,P-016,1,17.50
507265,102901,P-026,1,5.00
507266,102901,P-014,1,24.00
507267,102901,P-029,2,9.50
507268,102902,P-036,3,17.00
507269,102902,P-021,2,6.50
507270,102902,P-028,1,14.50
507271,102902,P-004,1,16.50
507272,102902,P-040,4,8.50
507273,102903,P-032,1,19.00
507274,102903,P-057,1,16.00
507275,102903,P-022,3,18.00
507276,102904,P-027,1,24.00
507277,102904,P-059,1,5.50
507278,102905,P-013,1,52.00
507279,102905,P-048,1,9.00
507280,102906,P-035,1,11.00
507281,102906,P-036,1,17.00
507282,102907,P-034,1,12.50
507283,102907,P-038,2,14.00
507284,102908,P-012,2,29.00
507285,102908,P-054,1,14.00
507286,102908,P-056,2,12.50
507287,102908,P-044,1,12.00
507288,102909,P-048,4,9.00
507289,102910,P-040,3,8.50
507290,102911,P-040,1,8.50
507291,102911,P-057,1,16.00
507292,102911,P-018,1,21.50
507293,102911,P-017,1,38.00
507294,102912,P-028,2,14.50
507295,102912,P-038,1,14.00
507296,102912,P-002,1,34.00
507297,102912,P-040,2,8.50
507298,102912,P-012,2,29.00
507299,102913,P-007,2,7.50
507300,102913,P-045,2,10.50
507301,102913,P-015,1,60.00
507302,102914,P-016,1,17.50
507303,102914,P-032,3,19.00
507304,102915,P-024,1,16.50
507305,102915,P-008,1,55.00
507306,102915,P-043,1,15.00
507307,102915,P-059,1,5.50
507308,102916,P-029,3,9.50
507309,102916,P-048,1,9.00
507310,102917,P-041,1,8.00
507311,102917,P-038,1,14.00
507312,102917,P-060,1,18.00
507313,102918,P-019,3,18.00
507314,102918,P-038,2,14.00
507315,102918,P-034,2,12.50
507316,102919,P-037,1,21.00
507317,102920,P-054,2,14.00
507318,102921,P-004,1,16.50
507319,102921,P-060,1,18.00
507320,102921,P-010,1,21.00
507321,102921,P-040,2,8.50
507322,102922,P-029,2,9.50
507323,102923,P-034,6,12.50
507324,102924,P-052,1,31.00
507325,102924,P-015,2,60.00
507326,102924,P-040,1,8.50
507327,102924,P-044,4,12.00
507328,102924,P-027,2,24.00
507329,102925,P-014,1,24.00
507330,102925,P-057,2,16.00
507331,102925,P-060,1,18.00
507332,102925,P-052,2,31.00
507333,102925,P-054,3,14.00
507334,102926,P-041,5,8.00
507335,102927,P-011,4,42.00
507336,102927,P-059,2,5.50
507337,102927,P-017,3,38.00
507338,102928,P-006,2,48.00
507339,102928,P-022,1,18.00
507340,102928,P-026,1,5.00
507341,102929,P-014,1,24.00
507342,102930,P-027,1,24.00
507343,102931,P-007,10,7.50
507344,102931,P-044,6,12.00
507345,102931,P-020,10,26.00
507346,102931,P-040,5,8.50
507347,102932,P-013,1,52.00
507348,102933,P-034,2,12.50
507349,102934,P-016,1,17.50
507350,102934,P-057,2,16.00
507351,102934,P-026,1,5.00
507352,102934,P-027,1,24.00
507353,102935,P-053,10,6.00
507354,102936,P-013,3,52.00
507355,102937,P-027,2,24.00
507356,102937,P-050,1,11.50
507357,102938,P-004,1,16.50
507358,102939,P-028,2,14.50
507359,102939,P-007,2,7.50
507360,102939,P-032,3,19.00
507361,102939,P-049,2,27.50
507362,102939,P-054,1,14.00
507363,102939,P-043,1,15.00
507364,102940,P-013,1,52.00
507365,102940,P-039,1,23.50
507366,102940,P-057,3,16.00
507367,102941,P-003,2,42.00
507368,102942,P-059,3,5.50
507369,102943,P-047,2,22.00
507370,102943,P-041,3,8.00
507371,102943,P-055,2,19.00
507372,102943,P-044,2,12.00
507373,102943,P-048,2,9.00
507374,102944,P-048,1,9.00
507375,102944,P-014,2,24.00
507376,102944,P-033,1,13.50
507377,102945,P-006,3,48.00
507378,102945,P-023,1,12.00
507379,102945,P-050,2,11.50
507380,102946,P-045,1,10.50
507381,102946,P-032,1,19.00
507382,102947,P-032,2,19.00
507383,102947,P-004,1,16.50
507384,102947,P-018,1,21.50
507385,102948,P-023,6,12.00
507386,102949,P-029,2,9.50
507387,102949,P-005,1,9.00
507388,102949,P-021,2,6.50
507389,102949,P-024,2,16.50
507390,102950,P-023,1,12.00
507391,102950,P-045,1,10.50
507392,102951,P-034,1,12.50
507393,102951,P-023,1,12.00
507394,102952,P-010,10,21.00
507395,102952,P-033,15,13.50
507396,102953,P-038,1,14.00
507397,102953,P-059,1,5.50
507398,102954,P-021,1,6.50
507399,102954,P-022,4,18.00
507400,102954,P-020,1,26.00
507401,102954,P-017,1,38.00
507402,102954,P-054,1,14.00
507403,102955,P-028,1,14.50
507404,102955,P-059,1,5.50
507405,102956,P-022,3,18.00
507406,102956,P-060,1,18.00
507407,102957,P-023,1,12.00
507408,102958,P-029,1,9.50
507409,102958,P-042,1,26.00
507410,102958,P-033,1,13.50
507411,102958,P-031,1,22.00
507412,102959,P-019,1,18.00
507413,102959,P-040,2,8.50
507414,102959,P-036,2,17.00
507415,102959,P-056,1,12.50
507416,102959,P-038,1,14.00
507417,102960,P-020,2,26.00
507418,102961,P-054,1,14.00
507419,102962,P-002,2,34.00
507420,102963,P-026,1,5.00
507421,102963,P-006,1,48.00
507422,102963,P-014,1,24.00
507423,102964,P-014,1,24.00
507424,102964,P-054,2,14.00
507425,102964,P-026,2,5.00
507426,102965,P-051,1,10.00
507427,102965,P-029,1,9.50
507428,102966,P-015,2,60.00
507429,102967,P-011,1,42.00
507430,102967,P-054,3,14.00
507431,102968,P-045,3,10.50
507432,102968,P-004,2,16.50
507433,102968,P-033,1,13.50
507434,102969,P-056,1,12.50
507435,102970,P-040,2,8.50
507436,102970,P-027,1,24.00
507437,102971,P-036,1,17.00
507438,102971,P-045,1,10.50
507439,102972,P-056,4,12.50
507440,102972,P-019,1,18.00
507441,102973,P-026,3,5.00
507442,102973,P-050,2,11.50
507443,102973,P-028,3,14.50
507444,102973,P-060,1,18.00
507445,102974,P-003,4,42.00
507446,102974,P-037,1,21.00
507447,102974,P-031,3,22.00
507448,102974,P-056,1,12.50
507449,102974,P-040,2,8.50
507450,102975,P-022,3,18.00
507451,102975,P-006,1,48.00
507452,102975,P-048,2,9.00
507453,102976,P-048,1,9.00
507454,102977,P-037,2,21.00
507455,102977,P-040,1,8.50
507456,102977,P-036,2,17.00
507457,102978,P-029,1,9.50
507458,102978,P-034,2,12.50
507459,102979,P-035,12,11.00
507460,102979,P-005,5,9.00
507461,102980,P-037,1,21.00
507462,102980,P-047,3,22.00
507463,102981,P-045,1,10.50
507464,102981,P-003,2,42.00
507465,102982,P-022,9,18.00
507466,102982,P-054,3,14.00
507467,102982,P-028,3,14.50
507468,102983,P-024,2,16.50
507469,102983,P-041,1,8.00
507470,102983,P-001,1,19.50
507471,102983,P-007,1,7.50
507472,102983,P-033,1,13.50
507473,102983,P-044,2,12.00
507474,102984,P-052,1,31.00
507475,102984,P-048,1,9.00
507476,102985,P-040,30,8.50
507477,102986,P-030,1,11.00
507478,102986,P-004,1,16.50
507479,102986,P-054,2,14.00
507480,102986,P-057,1,16.00
507481,102987,P-011,2,42.00
507482,102987,P-023,1,12.00
507483,102988,P-053,10,6.00
507484,102989,P-006,2,48.00
507485,102989,P-040,1,8.50
507486,102990,P-036,2,17.00
507487,102990,P-023,1,12.00
507488,102990,P-047,1,22.00
507489,102990,P-012,3,29.00
507490,102991,P-041,1,8.00
507491,102992,P-047,6,22.00
507492,102993,P-006,5,48.00
507493,102993,P-027,12,24.00
507494,102993,P-022,5,18.00
507495,102993,P-007,10,7.50
507496,102993,P-035,5,11.00
507497,102994,P-043,2,15.00
507498,102994,P-007,1,7.50
507499,102995,P-008,1,55.00
507500,102996,P-030,1,11.00
507501,102996,P-017,2,38.00
507502,102996,P-053,2,6.00
507503,102997,P-044,2,12.00
507504,102997,P-054,1,14.00
507505,102997,P-017,1,38.00
507506,102997,P-021,2,6.50
507507,102998,P-015,1,60.00
507508,102998,P-040,1,8.50
507509,102998,P-053,3,6.00
507510,102999,P-042,1,26.00
507511,102999,P-026,1,5.00
507512,103000,P-049,2,27.50
507513,103000,P-041,2,8.00
507514,103000,P-020,1,26.00
507515,103000,P-012,1,29.00
507516,103000,P-021,2,6.50
