order_id,customer_id,order_date,order_ts,channel,status,order_total,shipping_fee,delivered_date
100001,C-1267,2024-09-01,2024-09-01 19:44:59,store,completed,22.50,0.00,2024-09-01
100002,C-1348,2024-09-02,2024-09-02 20:45:17,online,completed,43.50,2.50,2024-09-03
100003,C-1357,2024-09-03,2024-09-03 20:35:38,store,completed,47.00,0.00,2024-09-03
100004,C-1335,2024-09-03,2024-09-03 16:07:34,store,completed,120.00,0.00,2024-09-03
100005,C-1292,2024-09-03,2024-09-03 09:45:53,store,completed,106.50,0.00,2024-09-03
100006,C-1237,2024-09-03,2024-09-03 12:22:48,store,completed,78.50,0.00,2024-09-03
100007,C-1073,2024-09-03,2024-09-03 15:31:24,store,cancelled,35.00,0.00,
100008,C-1135,2024-09-03,2024-09-03 17:26:00,store,completed,79.00,0.00,2024-09-03
100009,C-1153,2024-09-04,2024-09-04 19:38:11,online,completed,45.50,2.50,2024-09-08
100010,C-1009,2024-09-04,2024-09-04 12:42:01,online,completed,100.50,0.00,2024-09-07
100011,C-1200,2024-09-05,2024-09-05 12:55:21,store,completed,31.00,0.00,2024-09-05
100012,C-1105,2024-09-05,2024-09-05 15:54:14,store,completed,7.50,0.00,2024-09-05
100013,C-1016,2024-09-06,2024-09-06 10:40:30,online,completed,184.50,0.00,2024-09-08
100014,C-1380,2024-09-06,2024-09-06 20:03:03,store,completed,542.50,0.00,2024-09-06
100015,C-1103,2024-09-06,2024-09-06 15:25:34,online,completed,69.50,0.00,2024-09-08
100016,C-1148,2024-09-07,2024-09-07 10:39:37,store,completed,80.00,0.00,2024-09-07
100017,C-1335,2024-09-07,2024-09-07 21:46:49,store,cancelled,34.00,0.00,
100018,C-1068,2024-09-07,2024-09-07 22:02:06,store,completed,88.00,0.00,2024-09-07
100019,C-1267,2024-09-07,2024-09-07 14:59:43,online,completed,12.50,2.50,2024-09-09
100020,C-1132,2024-09-07,2024-09-07 12:17:39,store,cancelled,10.50,0.00,
100021,C-1336,2024-09-07,2024-09-07 16:31:04,store,completed,35.00,0.00,2024-09-07
100022,C-1389,2024-09-08,2024-09-08 19:05:24,store,completed,34.50,0.00,2024-09-08
100023,C-1118,2024-09-08,2024-09-08 18:58:50,store,cancelled,12.50,0.00,
100024,C-1004,2024-09-09,2024-09-09 18:30:35,online,completed,12.50,2.50,2024-09-12
100025,C-1400,2024-09-09,2024-09-09 10:34:24,store,completed,35.00,0.00,2024-09-09
100026,C-1441,2024-09-09,2024-09-09 19:59:25,online,completed,51.50,0.00,2024-09-11
100027,C-1242,2024-09-09,2024-09-09 19:07:16,store,completed,444.00,0.00,2024-09-09
100028,C-1412,2024-09-09,2024-09-09 11:22:29,online,completed,31.50,2.50,2024-09-13
100029,C-1491,2024-09-09,2024-09-09 18:47:09,store,completed,70.00,0.00,2024-09-09
100030,C-1322,2024-09-10,2024-09-10 23:32:13,store,completed,106.50,0.00,2024-09-10
100031,C-1055,2024-09-10,2024-09-10 13:04:01,store,completed,22.50,0.00,2024-09-10
100032,C-1346,2024-09-10,2024-09-10 20:13:24,online,completed,64.50,0.00,2024-09-14
100033,C-1198,2024-09-10,2024-09-10 17:31:25,store,cancelled,32.50,0.00,
100034,C-1380,2024-09-10,2024-09-10 17:49:02,store,completed,840.00,0.00,2024-09-10
100035,C-1185,2024-09-11,2024-09-11 14:07:50,store,completed,71.50,0.00,2024-09-11
100036,C-1419,2024-09-11,2024-09-11 16:10:45,store,completed,22.00,0.00,2024-09-11
100037,C-1335,2024-09-12,2024-09-12 13:16:21,store,completed,48.50,0.00,2024-09-12
100038,C-1335,2024-09-12,2024-09-12 17:56:28,store,completed,25.00,0.00,2024-09-12
100039,C-1034,2024-09-12,2024-09-12 09:58:34,store,completed,12.00,0.00,2024-09-12
100040,C-1375,2024-09-12,2024-09-12 18:37:22,store,completed,46.00,0.00,2024-09-12
100041,C-1270,2024-09-12,2024-09-12 16:41:17,store,completed,36.00,0.00,2024-09-12
100042,C-1085,2024-09-12,2024-09-12 19:33:13,store,completed,175.00,0.00,2024-09-12
100043,C-1073,2024-09-12,2024-09-12 10:04:23,store,completed,18.00,0.00,2024-09-12
100044,C-1330,2024-09-14,2024-09-14 16:14:29,store,completed,74.50,0.00,2024-09-14
100045,C-1030,2024-09-14,2024-09-14 14:06:33,store,completed,109.50,0.00,2024-09-14
100046,C-1266,2024-09-14,2024-09-14 16:26:34,store,completed,49.00,0.00,2024-09-14
100047,C-1380,2024-09-14,2024-09-14 19:17:12,online,completed,218.00,0.00,2024-09-17
100048,C-1365,2024-09-15,2024-09-15 17:51:26,store,completed,78.00,0.00,2024-09-15
100049,C-1284,2024-09-15,2024-09-15 15:23:46,online,completed,184.50,0.00,2024-09-19
100050,C-1073,2024-09-15,2024-09-15 17:59:54,online,completed,38.00,2.50,2024-09-16
100051,C-1032,2024-09-15,2024-09-15 10:56:36,store,cancelled,53.50,0.00,
100052,C-1470,2024-09-16,2024-09-16 15:57:55,store,completed,136.00,0.00,2024-09-16
100053,C-1160,2024-09-16,2024-09-16 13:22:32,store,completed,64.50,0.00,2024-09-16
100054,C-1045,2024-09-16,2024-09-16 12:31:29,store,completed,146.00,0.00,2024-09-16
100055,C-1446,2024-09-16,2024-09-16 10:13:32,online,completed,10.50,2.50,2024-09-17
100056,C-1105,2024-09-16,2024-09-16 09:24:13,store,completed,36.00,0.00,2024-09-16
100057,C-1335,2024-09-16,2024-09-16 10:35:48,store,completed,84.00,0.00,2024-09-16
100058,C-1295,2024-09-16,2024-09-16 16:15:05,online,completed,45.00,2.50,2024-09-17
100059,C-1359,2024-09-18,2024-09-18 10:24:52,store,completed,32.50,0.00,2024-09-18
100060,C-1015,2024-09-18,2024-09-18 12:34:01,store,cancelled,47.50,0.00,
100061,C-1135,2024-09-18,2024-09-18 13:37:53,online,completed,22.50,2.50,2024-09-21
100062,C-1491,2024-09-18,2024-09-18 12:02:47,store,completed,5.00,0.00,2024-09-18
100063,C-1091,2024-09-18,2024-09-18 18:21:54,store,completed,66.00,0.00,2024-09-18
100064,C-1198,2024-09-18,2024-09-18 20:02:21,store,cancelled,50.50,0.00,
100065,C-1270,2024-09-18,2024-09-18 16:36:15,store,completed,132.50,0.00,2024-09-18
100066,C-1160,2024-09-18,2024-09-18 13:35:54,online,completed,60.50,0.00,2024-09-22
100067,C-1228,2024-09-18,2024-09-18 12:01:11,store,completed,42.00,0.00,2024-09-18
100068,C-1324,2024-09-19,2024-09-19 12:59:51,store,completed,16.50,0.00,2024-09-19
100069,C-1335,2024-09-19,2024-09-19 20:57:43,store,completed,201.00,0.00,2024-09-19
100070,C-1359,2024-09-19,2024-09-19 17:27:27,store,completed,134.00,0.00,2024-09-19
100071,C-1272,2024-09-20,2024-09-20 23:29:40,store,completed,72.00,0.00,2024-09-20
100072,C-1335,2024-09-20,2024-09-20 21:44:02,store,completed,8.00,0.00,2024-09-20
100073,C-1160,2024-09-20,2024-09-20 09:35:44,store,completed,170.00,0.00,2024-09-20
100074,C-1379,2024-09-21,2024-09-21 22:12:50,store,completed,43.00,0.00,2024-09-21
100075,C-1379,2024-09-21,2024-09-21 16:08:30,online,cancelled,130.00,0.00,
100076,C-1324,2024-09-21,2024-09-21 21:47:01,store,completed,286.00,0.00,2024-09-21
100077,C-1222,2024-09-21,2024-09-21 17:54:42,store,completed,37.00,0.00,2024-09-21
100078,C-1162,2024-09-21,2024-09-21 09:16:54,store,completed,34.50,0.00,2024-09-21
100079,C-1292,2024-09-22,2024-09-22 11:32:42,store,completed,55.50,0.00,2024-09-22
100080,C-1432,2024-09-22,2024-09-22 10:19:06,online,completed,66.00,0.00,2024-09-24
100081,C-1007,2024-09-22,2024-09-22 15:37:44,store,completed,71.50,0.00,2024-09-22
100082,C-1460,2024-09-23,2024-09-23 16:17:39,online,completed,77.00,0.00,2024-09-26
100083,C-1016,2024-09-23,2024-09-23 20:45:58,store,completed,113.50,0.00,2024-09-23
100084,C-1270,2024-09-23,2024-09-23 19:19:16,store,completed,109.00,0.00,2024-09-23
100085,C-1160,2024-09-23,2024-09-23 18:24:50,store,completed,150.00,0.00,2024-09-23
100086,C-1003,2024-09-23,2024-09-23 15:57:20,store,completed,145.00,0.00,2024-09-23
100087,C-1193,2024-09-23,2024-09-23 12:08:07,online,completed,67.00,0.00,2024-09-26
100088,C-1380,2024-09-23,2024-09-23 10:20:14,store,completed,603.50,0.00,2024-09-23
100089,C-1385,2024-09-23,2024-09-23 15:41:07,store,completed,468.50,0.00,2024-09-23
100090,C-1183,2024-09-24,2024-09-24 09:08:12,store,completed,16.50,0.00,2024-09-24
100091,C-1190,2024-09-25,2024-09-25 18:15:44,store,completed,21.00,0.00,2024-09-25
100092,C-1334,2024-09-25,2024-09-25 11:27:13,store,completed,115.00,0.00,2024-09-25
100093,C-1148,2024-09-25,2024-09-25 12:24:04,online,completed,42.00,2.50,2024-09-29
100094,C-1158,2024-09-25,2024-09-25 19:41:45,store,completed,35.00,0.00,2024-09-25
100095,C-1007,2024-09-25,2024-09-25 20:29:04,store,completed,197.50,0.00,2024-09-25
100096,C-1380,2024-09-25,2024-09-25 12:51:27,online,completed,367.50,0.00,2024-09-27
100097,C-1356,2024-09-25,2024-09-25 20:25:22,store,completed,37.50,0.00,2024-09-25
100098,C-1041,2024-09-26,2024-09-26 23:47:33,store,completed,184.00,0.00,2024-09-26
100099,C-1035,2024-09-26,2024-09-26 14:51:39,online,completed,93.00,0.00,2024-09-30
100100,C-1078,2024-09-26,2024-09-26 14:28:06,store,completed,62.00,0.00,2024-09-26
100101,C-1446,2024-09-26,2024-09-26 16:57:22,store,completed,16.50,0.00,2024-09-26
100102,C-1334,2024-09-26,2024-09-26 19:29:50,online,completed,145.00,0.00,2024-09-28
100103,C-1355,2024-09-26,2024-09-26 13:48:16,online,completed,41.00,2.50,2024-09-30
100104,C-1425,2024-09-27,2024-09-27 22:08:15,store,completed,20.00,0.00,2024-09-27
100105,C-1135,2024-09-27,2024-09-27 13:50:39,online,completed,92.00,0.00,2024-10-01
100106,C-1270,2024-09-28,2024-09-28 16:29:44,store,completed,109.50,0.00,2024-09-28
100107,C-1122,2024-09-28,2024-09-28 10:33:48,online,completed,81.00,0.00,2024-10-01
100108,C-1270,2024-09-28,2024-09-28 11:22:36,online,cancelled,112.00,0.00,
100109,C-1287,2024-09-29,2024-09-29 14:44:42,online,completed,139.00,0.00,2024-10-03
100110,C-1102,2024-09-29,2024-09-29 19:50:35,store,completed,93.00,0.00,2024-09-29
100111,C-1331,2024-09-29,2024-09-29 20:58:04,online,completed,57.00,0.00,2024-10-01
100112,C-1437,2024-09-29,2024-09-29 17:52:27,store,completed,38.00,0.00,2024-09-29
100113,C-1111,2024-09-29,2024-09-29 13:01:00,store,completed,165.00,0.00,2024-09-29
100114,C-1435,2024-09-29,2024-09-29 15:09:48,store,completed,38.00,0.00,2024-09-29
100115,C-1380,2024-09-29,2024-09-29 14:44:40,store,completed,49.50,0.00,2024-09-29
100116,C-1270,2024-09-29,2024-09-29 12:56:29,store,completed,87.50,0.00,2024-09-29
100117,C-1025,2024-09-29,2024-09-29 09:20:05,online,completed,31.00,2.50,2024-09-30
100118,C-1335,2024-09-29,2024-09-29 19:32:29,store,completed,67.50,0.00,2024-09-29
100119,C-1474,2024-09-29,2024-09-29 21:25:08,store,completed,43.50,0.00,2024-09-29
100120,C-1050,2024-09-30,2024-09-30 19:28:50,store,completed,79.00,0.00,2024-09-30
100121,C-1371,2024-09-30,2024-09-30 12:22:53,online,completed,17.00,2.50,2024-10-01
100122,C-1200,2024-09-30,2024-09-30 11:21:22,store,cancelled,18.00,0.00,
100123,C-1190,2024-09-30,2024-09-30 10:26:43,store,completed,264.00,0.00,2024-09-30
100124,C-1073,2024-10-01,2024-10-01 13:23:47,store,completed,197.50,0.00,2024-10-01
100125,C-1253,2024-10-01,2024-10-01 15:21:34,store,completed,85.50,0.00,2024-10-01
100126,C-1419,2024-10-01,2024-10-01 23:45:03,store,completed,19.00,0.00,2024-10-01
100127,C-1267,2024-10-01,2024-10-01 13:16:25,online,completed,74.50,0.00,2024-10-03
100128,C-1210,2024-10-01,2024-10-01 16:17:28,online,completed,16.00,2.50,2024-10-03
100129,C-1267,2024-10-02,2024-10-02 09:45:56,store,completed,34.00,0.00,2024-10-02
100130,C-1225,2024-10-02,2024-10-02 10:33:10,store,completed,194.00,0.00,2024-10-02
100131,C-1392,2024-10-02,2024-10-02 14:12:35,online,completed,412.00,0.00,2024-10-05
100132,C-1059,2024-10-03,2024-10-03 17:38:23,online,completed,167.50,0.00,2024-10-05
100133,C-1160,2024-10-03,2024-10-03 16:43:42,online,cancelled,62.00,0.00,
100134,C-1045,2024-10-03,2024-10-03 10:21:13,online,completed,139.50,0.00,2024-10-06
100135,C-1160,2024-10-03,2024-10-03 17:43:58,store,completed,23.50,0.00,2024-10-03
100136,C-1171,2024-10-05,2024-10-05 17:01:39,store,completed,18.00,0.00,2024-10-05
100137,C-1167,2024-10-05,2024-10-05 15:44:07,store,completed,92.00,0.00,2024-10-05
100138,C-1008,2024-10-05,2024-10-05 09:39:17,store,completed,433.00,0.00,2024-10-05
100139,C-1267,2024-10-05,2024-10-05 15:08:59,online,completed,36.00,2.50,2024-10-08
100140,C-1068,2024-10-06,2024-10-06 21:01:36,store,completed,312.50,0.00,2024-10-06
100141,C-1177,2024-10-06,2024-10-06 14:08:31,store,completed,106.00,0.00,2024-10-06
100142,C-1270,2024-10-06,2024-10-06 10:03:23,store,completed,94.00,0.00,2024-10-06
100143,C-1270,2024-10-07,2024-10-07 16:29:07,store,completed,27.50,0.00,2024-10-07
100144,C-1270,2024-10-08,2024-10-08 17:09:52,online,completed,123.00,0.00,2024-10-10
100145,C-1411,2024-10-08,2024-10-08 11:19:14,store,completed,659.50,0.00,2024-10-08
100146,C-1455,2024-10-09,2024-10-09 16:24:31,store,completed,52.00,0.00,2024-10-09
100147,C-1310,2024-10-09,2024-10-09 20:49:17,store,completed,63.00,0.00,2024-10-09
100148,C-1335,2024-10-09,2024-10-09 17:40:17,online,completed,55.50,0.00,2024-10-10
100149,C-1380,2024-10-09,2024-10-09 11:02:15,online,completed,484.00,0.00,2024-10-12
100150,C-1027,2024-10-09,2024-10-09 15:01:36,online,completed,59.00,0.00,2024-10-13
100151,C-1335,2024-10-10,2024-10-10 23:00:27,online,completed,26.50,2.50,2024-10-14
100152,C-1068,2024-10-10,2024-10-10 09:34:47,online,completed,80.00,0.00,2024-10-11
100153,C-1022,2024-10-10,2024-10-10 12:21:07,store,completed,12.50,0.00,2024-10-10
100154,C-1270,2024-10-12,2024-10-12 12:14:11,store,completed,55.50,0.00,2024-10-12
100155,C-1357,2024-10-12,2024-10-12 15:32:05,store,completed,12.50,0.00,2024-10-12
100156,C-1227,2024-10-13,2024-10-13 12:49:38,store,completed,6.50,0.00,2024-10-13
100157,C-1379,2024-10-14,2024-10-14 16:29:32,online,completed,67.50,0.00,2024-10-17
100158,C-1160,2024-10-14,2024-10-14 18:29:11,online,cancelled,8.00,2.50,
100159,C-1404,2024-10-14,2024-10-14 12:50:27,store,completed,49.00,0.00,2024-10-14
100160,C-1419,2024-10-14,2024-10-14 12:27:12,store,completed,71.00,0.00,2024-10-14
100161,C-1103,2024-10-14,2024-10-14 15:11:45,store,cancelled,119.00,0.00,
100162,C-1320,2024-10-14,2024-10-14 10:29:56,store,completed,26.00,0.00,2024-10-14
100163,C-1382,2024-10-14,2024-10-14 18:40:37,store,completed,48.00,0.00,2024-10-14
100164,C-1088,2024-10-15,2024-10-15 19:03:21,store,completed,59.50,0.00,2024-10-15
100165,C-1222,2024-10-17,2024-10-17 12:52:15,store,completed,81.00,0.00,2024-10-17
100166,C-1218,2024-10-17,2024-10-17 18:15:59,store,completed,33.00,0.00,2024-10-17
100167,C-1080,2024-10-17,2024-10-17 16:45:55,store,completed,37.00,0.00,2024-10-17
100168,C-1419,2024-10-17,2024-10-17 21:08:01,store,completed,42.50,0.00,2024-10-17
100169,C-1358,2024-10-17,2024-10-17 20:28:16,store,completed,33.50,0.00,2024-10-17
100170,C-1096,2024-10-18,2024-10-18 21:40:34,store,completed,65.50,0.00,2024-10-18
100171,C-1270,2024-10-18,2024-10-18 21:03:37,store,completed,103.00,0.00,2024-10-18
100172,C-1132,2024-10-19,2024-10-19 12:40:49,store,completed,149.50,0.00,2024-10-19
100173,C-1181,2024-10-19,2024-10-19 14:51:21,store,completed,93.00,0.00,2024-10-19
100174,C-1274,2024-10-19,2024-10-19 17:38:51,store,cancelled,98.00,0.00,
100175,C-1485,2024-10-20,2024-10-20 10:52:12,online,completed,52.00,0.00,2024-10-24
100176,C-1458,2024-10-20,2024-10-20 17:56:51,store,completed,132.50,0.00,2024-10-20
100177,C-1188,2024-10-20,2024-10-20 14:00:36,online,completed,12.50,2.50,2024-10-21
100178,C-1111,2024-10-20,2024-10-20 17:26:56,store,completed,213.00,0.00,2024-10-20
100179,C-1091,2024-10-21,2024-10-21 20:11:13,online,completed,56.00,0.00,2024-10-24
100180,C-1085,2024-10-22,2024-10-22 17:43:42,store,completed,198.00,0.00,2024-10-22
100181,C-1303,2024-10-22,2024-10-22 09:50:15,online,completed,680.00,0.00,2024-10-23
100182,C-1016,2024-10-22,2024-10-22 20:27:29,store,cancelled,26.00,0.00,
100183,C-1335,2024-10-22,2024-10-22 20:36:15,online,completed,179.00,0.00,2024-10-26
100184,C-1335,2024-10-22,2024-10-22 21:38:59,store,completed,52.00,0.00,2024-10-22
100185,C-1267,2024-10-22,2024-10-22 22:28:14,store,completed,14.50,0.00,2024-10-22
100186,C-1077,2024-10-23,2024-10-23 14:03:06,store,completed,48.50,0.00,2024-10-23
100187,C-1267,2024-10-23,2024-10-23 09:57:09,store,completed,117.50,0.00,2024-10-23
100188,C-1114,2024-10-23,2024-10-23 12:59:38,online,completed,131.50,0.00,2024-10-24
100189,C-1203,2024-10-24,2024-10-24 18:40:39,store,completed,21.50,0.00,2024-10-24
100190,C-1207,2024-10-24,2024-10-24 23:31:01,online,completed,81.50,0.00,2024-10-26
100191,C-1184,2024-10-24,2024-10-24 12:05:06,online,completed,64.00,0.00,2024-10-27
100192,C-1466,2024-10-24,2024-10-24 13:26:09,online,completed,52.00,0.00,2024-10-26
100193,C-1267,2024-10-24,2024-10-24 11:40:35,store,cancelled,7.50,0.00,
100194,C-1380,2024-10-25,2024-10-25 19:54:55,store,completed,169.50,0.00,2024-10-25
100195,C-1167,2024-10-25,2024-10-25 18:55:10,store,completed,81.00,0.00,2024-10-25
100196,C-1188,2024-10-25,2024-10-25 09:05:35,store,completed,31.00,0.00,2024-10-25
100197,C-1090,2024-10-25,2024-10-25 16:08:58,store,cancelled,686.00,0.00,
100198,C-1167,2024-10-26,2024-10-26 10:09:04,store,completed,85.00,0.00,2024-10-26
100199,C-1175,2024-10-26,2024-10-26 22:48:10,online,completed,45.00,2.50,2024-10-28
100200,C-1335,2024-10-26,2024-10-26 22:52:09,store,completed,33.00,0.00,2024-10-26
100201,C-1209,2024-10-27,2024-10-27 13:43:36,store,completed,31.00,0.00,2024-10-27
100202,C-1206,2024-10-27,2024-10-27 15:28:34,online,completed,25.00,2.50,2024-10-29
100203,C-1293,2024-10-27,2024-10-27 17:42:05,store,completed,53.50,0.00,2024-10-27
100204,C-1383,2024-10-27,2024-10-27 16:56:35,online,completed,24.00,2.50,2024-10-30
100205,C-1382,2024-10-28,2024-10-28 12:24:18,online,completed,43.00,2.50,2024-10-30
100206,C-1010,2024-10-28,2024-10-28 16:50:33,store,completed,208.00,0.00,2024-10-28
100207,C-1383,2024-10-28,2024-10-28 11:08:06,store,completed,19.00,0.00,2024-10-28
100208,C-1383,2024-10-28,2024-10-28 09:07:33,store,completed,8.00,0.00,2024-10-28
100209,C-1469,2024-10-28,2024-10-28 16:27:43,store,completed,390.00,0.00,2024-10-28
100210,C-1061,2024-10-29,2024-10-29 18:32:21,store,completed,88.00,0.00,2024-10-29
100211,C-1160,2024-10-29,2024-10-29 12:42:14,store,completed,33.00,0.00,2024-10-29
100212,C-1080,2024-10-30,2024-10-30 17:43:58,store,completed,50.00,0.00,2024-10-30
100213,C-1167,2024-10-30,2024-10-30 11:13:37,store,completed,78.00,0.00,2024-10-30
100214,C-1471,2024-10-30,2024-10-30 19:59:08,store,completed,57.00,0.00,2024-10-30
100215,C-1205,2024-10-31,2024-10-31 14:30:58,store,completed,12.00,0.00,2024-10-31
100216,C-1297,2024-10-31,2024-10-31 19:46:55,store,completed,68.00,0.00,2024-10-31
100217,C-1078,2024-10-31,2024-10-31 13:49:00,online,completed,40.00,2.50,2024-11-02
100218,C-1380,2024-10-31,2024-10-31 15:54:35,online,completed,604.00,0.00,2024-11-03
100219,C-1425,2024-10-31,2024-10-31 14:51:45,online,completed,161.50,0.00,2024-11-03
100220,C-1441,2024-10-31,2024-10-31 17:36:11,store,completed,83.00,0.00,2024-10-31
100221,C-1242,2024-10-31,2024-10-31 20:04:09,store,completed,1428.00,0.00,2024-10-31
100222,C-1165,2024-10-31,2024-10-31 17:55:13,store,completed,330.00,0.00,2024-10-31
100223,C-1335,2024-10-31,2024-10-31 11:26:17,online,completed,67.00,0.00,2024-11-02
100224,C-1100,2024-11-01,2024-11-01 20:32:05,store,completed,38.00,0.00,2024-11-01
100225,C-1335,2024-11-01,2024-11-01 13:28:09,online,completed,11.00,2.50,2024-11-02
100226,C-1473,2024-11-01,2024-11-01 16:44:16,store,completed,13.00,0.00,2024-11-01
100227,C-1263,2024-11-02,2024-11-02 17:23:05,store,completed,110.50,0.00,2024-11-02
100228,C-1266,2024-11-02,2024-11-02 17:36:25,store,completed,11.00,0.00,2024-11-02
100229,C-1270,2024-11-02,2024-11-02 17:05:43,store,completed,23.00,0.00,2024-11-02
100230,C-1236,2024-11-02,2024-11-02 22:35:54,store,completed,62.50,0.00,2024-11-02
100231,C-1030,2024-11-03,2024-11-03 18:32:33,online,completed,60.00,0.00,2024-11-07
100232,C-1131,2024-11-04,2024-11-04 17:47:08,store,cancelled,19.50,0.00,
100233,C-1142,2024-11-04,2024-11-04 16:13:48,store,completed,52.00,0.00,2024-11-04
100234,C-1459,2024-11-04,2024-11-04 18:26:35,store,completed,20.50,0.00,2024-11-04
100235,C-1335,2024-11-04,2024-11-04 09:30:31,store,completed,11.00,0.00,2024-11-04
100236,C-1200,2024-11-05,2024-11-05 10:12:26,store,completed,65.50,0.00,2024-11-05
100237,C-1472,2024-11-05,2024-11-05 12:55:42,online,completed,60.00,0.00,2024-11-06
100238,C-1472,2024-11-05,2024-11-05 18:15:04,store,completed,121.50,0.00,2024-11-05
100239,C-1246,2024-11-05,2024-11-05 19:01:45,store,completed,57.00,0.00,2024-11-05
100240,C-1425,2024-11-06,2024-11-06 13:46:51,store,completed,27.00,0.00,2024-11-06
100241,C-1153,2024-11-06,2024-11-06 20:23:13,store,cancelled,15.00,0.00,
100242,C-1435,2024-11-06,2024-11-06 16:21:23,store,completed,64.00,0.00,2024-11-06
100243,C-1302,2024-11-07,2024-11-07 11:42:55,online,completed,73.00,0.00,2024-11-09
100244,C-1318,2024-11-07,2024-11-07 16:22:16,store,completed,124.00,0.00,2024-11-07
100245,C-1335,2024-11-08,2024-11-08 17:17:09,store,completed,48.00,0.00,2024-11-08
100246,C-1016,2024-11-08,2024-11-08 18:10:55,store,completed,69.50,0.00,2024-11-08
100247,C-1231,2024-11-09,2024-11-09 13:17:31,store,completed,47.00,0.00,2024-11-09
100248,C-1168,2024-11-09,2024-11-09 11:29:10,store,completed,143.50,0.00,2024-11-09
100249,C-1435,2024-11-09,2024-11-09 17:43:01,store,completed,128.50,0.00,2024-11-09
100250,C-1335,2024-11-10,2024-11-10 16:32:31,store,completed,44.00,0.00,2024-11-10
100251,C-1443,2024-11-10,2024-11-10 17:20:46,store,completed,57.50,0.00,2024-11-10
100252,C-1307,2024-11-11,2024-11-11 15:36:17,store,completed,704.00,0.00,2024-11-11
100253,C-1379,2024-11-11,2024-11-11 13:15:57,store,completed,56.50,0.00,2024-11-11
100254,C-1431,2024-11-11,2024-11-11 15:00:24,store,completed,131.00,0.00,2024-11-11
100255,C-1335,2024-11-12,2024-11-12 14:36:33,online,completed,22.00,2.50,2024-11-15
100256,C-1242,2024-11-12,2024-11-12 11:45:18,store,completed,103.50,0.00,2024-11-12
100257,C-1270,2024-11-12,2024-11-12 18:03:20,store,completed,126.00,0.00,2024-11-12
100258,C-1044,2024-11-12,2024-11-12 14:18:51,store,completed,87.00,0.00,2024-11-12
100259,C-1419,2024-11-12,2024-11-12 19:01:28,store,completed,90.00,0.00,2024-11-12
100260,C-1411,2024-11-13,2024-11-13 17:46:40,store,completed,87.50,0.00,2024-11-13
100261,C-1168,2024-11-13,2024-11-13 17:47:57,online,completed,23.00,2.50,2024-11-16
100262,C-1212,2024-11-13,2024-11-13 17:02:40,store,completed,64.50,0.00,2024-11-13
100263,C-1091,2024-11-14,2024-11-14 17:12:32,store,completed,38.00,0.00,2024-11-14
100264,C-1399,2024-11-14,2024-11-14 15:43:32,online,completed,91.00,0.00,2024-11-18
100265,C-1267,2024-11-14,2024-11-14 15:16:41,online,completed,42.00,2.50,2024-11-16
100266,C-1041,2024-11-15,2024-11-15 23:34:49,online,completed,18.50,2.50,2024-11-18
100267,C-1203,2024-11-15,2024-11-15 16:03:17,online,completed,101.00,0.00,2024-11-19
100268,C-1390,2024-11-15,2024-11-15 15:14:54,store,completed,56.50,0.00,2024-11-15
100269,C-1160,2024-11-15,2024-11-15 15:30:37,store,completed,126.50,0.00,2024-11-15
100270,C-1266,2024-11-16,2024-11-16 16:44:08,online,completed,27.50,2.50,2024-11-18
100271,C-1065,2024-11-16,2024-11-16 18:48:53,store,completed,56.00,0.00,2024-11-16
100272,C-1270,2024-11-16,2024-11-16 11:58:00,store,completed,208.50,0.00,2024-11-16
100273,C-1454,2024-11-16,2024-11-16 18:25:27,store,completed,152.50,0.00,2024-11-16
100274,C-1459,2024-11-16,2024-11-16 09:28:55,online,completed,57.50,0.00,2024-11-19
100275,C-1160,2024-11-16,2024-11-16 19:41:02,store,completed,5.50,0.00,2024-11-16
100276,C-1419,2024-11-16,2024-11-16 19:29:11,store,completed,53.50,0.00,2024-11-16
100277,C-1382,2024-11-17,2024-11-17 09:30:40,store,completed,16.00,0.00,2024-11-17
100278,C-1267,2024-11-17,2024-11-17 15:30:39,store,completed,15.00,0.00,2024-11-17
100279,C-1050,2024-11-18,2024-11-18 16:08:41,online,completed,29.00,2.50,2024-11-22
100280,C-1136,2024-11-18,2024-11-18 19:36:48,online,completed,572.50,0.00,2024-11-19
100281,C-1437,2024-11-19,2024-11-19 14:24:09,online,completed,71.00,0.00,2024-11-20
100282,C-1347,2024-11-19,2024-11-19 17:04:41,online,completed,297.50,0.00,2024-11-23
100283,C-1231,2024-11-19,2024-11-19 19:23:30,store,completed,93.00,0.00,2024-11-19
100284,C-1447,2024-11-20,2024-11-20 18:30:02,store,completed,582.00,0.00,2024-11-20
100285,C-1335,2024-11-20,2024-11-20 16:04:02,store,completed,50.50,0.00,2024-11-20
100286,C-1208,2024-11-20,2024-11-20 13:47:59,store,completed,50.00,0.00,2024-11-20
100287,C-1325,2024-11-20,2024-11-20 10:48:56,store,completed,460.00,0.00,2024-11-20
100288,C-1041,2024-11-20,2024-11-20 17:49:53,store,completed,207.00,0.00,2024-11-20
100289,C-1296,2024-11-21,2024-11-21 11:54:27,store,cancelled,32.00,0.00,
100290,C-1324,2024-11-21,2024-11-21 13:16:56,store,completed,324.50,0.00,2024-11-21
100291,C-1068,2024-11-21,2024-11-21 10:34:18,store,completed,80.00,0.00,2024-11-21
100292,C-1470,2024-11-21,2024-11-21 20:50:30,store,completed,58.50,0.00,2024-11-21
100293,C-1289,2024-11-22,2024-11-22 14:20:39,store,completed,145.00,0.00,2024-11-22
100294,C-1142,2024-11-22,2024-11-22 15:39:42,store,completed,110.50,0.00,2024-11-22
100295,C-1267,2024-11-22,2024-11-22 10:37:48,store,completed,62.00,0.00,2024-11-22
100296,C-1180,2024-11-22,2024-11-22 12:28:25,store,completed,27.00,0.00,2024-11-22
100297,C-1380,2024-11-23,2024-11-23 21:28:34,store,completed,346.50,0.00,2024-11-23
100298,C-1135,2024-11-23,2024-11-23 18:51:42,store,completed,8.50,0.00,2024-11-23
100299,C-1045,2024-11-23,2024-11-23 17:39:39,store,completed,45.50,0.00,2024-11-23
100300,C-1050,2024-11-23,2024-11-23 13:26:15,online,completed,44.00,2.50,2024-11-26
100301,C-1380,2024-11-24,2024-11-24 19:29:21,online,completed,268.00,0.00,2024-11-27
100302,C-1341,2024-11-24,2024-11-24 15:02:34,store,completed,180.00,0.00,2024-11-24
100303,C-1145,2024-11-25,2024-11-25 12:50:50,store,completed,503.50,0.00,2024-11-25
100304,C-1209,2024-11-25,2024-11-25 21:38:00,store,completed,9.50,0.00,2024-11-25
100305,C-1380,2024-11-26,2024-11-26 21:48:51,online,completed,310.00,0.00,2024-11-30
100306,C-1204,2024-11-26,2024-11-26 12:32:35,store,completed,68.50,0.00,2024-11-26
100307,C-1167,2024-11-26,2024-11-26 17:50:27,online,completed,58.50,0.00,2024-11-29
100308,C-1294,2024-11-27,2024-11-27 15:52:31,online,completed,54.00,0.00,2024-11-28
100309,C-1207,2024-11-27,2024-11-27 12:08:45,online,completed,99.50,0.00,2024-11-29
100310,C-1128,2024-11-27,2024-11-27 14:31:48,store,completed,68.50,0.00,2024-11-27
100311,C-1032,2024-11-28,2024-11-28 20:36:04,store,completed,15.00,0.00,2024-11-28
100312,C-1212,2024-11-28,2024-11-28 10:49:08,store,completed,14.50,0.00,2024-11-28
100313,C-1411,2024-11-29,2024-11-29 11:49:14,online,completed,117.50,0.00,2024-12-02
100314,C-1160,2024-11-29,2024-11-29 14:59:09,store,cancelled,130.50,0.00,
100315,C-1267,2024-11-30,2024-11-30 13:56:56,store,completed,30.00,0.00,2024-11-30
100316,C-1030,2024-11-30,2024-11-30 14:15:48,store,completed,10.50,0.00,2024-11-30
100317,C-1237,2024-11-30,2024-11-30 19:13:35,store,completed,55.00,0.00,2024-11-30
100318,C-1426,2024-11-30,2024-11-30 09:48:00,store,completed,380.50,0.00,2024-11-30
100319,C-1168,2024-11-30,2024-11-30 11:14:28,store,completed,18.00,0.00,2024-11-30
100320,C-1217,2024-11-30,2024-11-30 16:21:39,store,completed,26.00,0.00,2024-11-30
100321,C-1242,2024-12-01,2024-12-01 12:08:38,store,completed,315.50,0.00,2024-12-01
100322,C-1364,2024-12-01,2024-12-01 10:44:07,store,completed,71.00,0.00,2024-12-01
100323,C-1267,2024-12-02,2024-12-02 20:58:21,online,completed,17.50,2.50,2024-12-05
100324,C-1164,2024-12-02,2024-12-02 14:11:25,store,completed,25.00,0.00,2024-12-02
100325,C-1335,2024-12-02,2024-12-02 09:14:27,store,completed,45.00,0.00,2024-12-02
100326,C-1197,2024-12-02,2024-12-02 23:40:15,online,completed,5.50,2.50,2024-12-04
100327,C-1022,2024-12-03,2024-12-03 23:45:11,store,completed,103.00,0.00,2024-12-03
100328,C-1470,2024-12-04,2024-12-04 20:41:05,store,completed,20.50,0.00,2024-12-04
100329,C-1332,2024-12-04,2024-12-04 09:09:18,store,completed,42.00,0.00,2024-12-04
100330,C-1419,2024-12-04,2024-12-04 18:21:38,online,completed,56.00,0.00,2024-12-08
100331,C-1474,2024-12-04,2024-12-04 16:14:01,store,completed,44.50,0.00,2024-12-04
100332,C-1167,2024-12-04,2024-12-04 10:28:51,store,completed,21.00,0.00,2024-12-04
100333,C-1380,2024-12-04,2024-12-04 12:13:45,store,completed,214.50,0.00,2024-12-04
100334,C-1243,2024-12-04,2024-12-04 10:51:32,store,completed,36.00,0.00,2024-12-04
100335,C-1237,2024-12-05,2024-12-05 19:02:24,store,completed,172.00,0.00,2024-12-05
100336,C-1016,2024-12-05,2024-12-05 20:22:01,store,completed,41.50,0.00,2024-12-05
100337,C-1469,2024-12-05,2024-12-05 13:22:37,online,completed,1190.00,0.00,2024-12-08
100338,C-1419,2024-12-05,2024-12-05 10:20:28,store,completed,23.00,0.00,2024-12-05
100339,C-1033,2024-12-06,2024-12-06 13:19:51,store,completed,120.00,0.00,2024-12-06
100340,C-1167,2024-12-06,2024-12-06 19:11:06,store,completed,19.50,0.00,2024-12-06
100341,C-1190,2024-12-07,2024-12-07 17:09:12,store,completed,26.50,0.00,2024-12-07
100342,C-1007,2024-12-07,2024-12-07 14:33:54,store,cancelled,60.00,0.00,
100343,C-1380,2024-12-07,2024-12-07 14:13:22,store,completed,1410.50,0.00,2024-12-07
100344,C-1380,2024-12-07,2024-12-07 11:28:00,store,completed,49.50,0.00,2024-12-07
100345,C-1122,2024-12-07,2024-12-07 14:21:18,store,completed,93.50,0.00,2024-12-07
100346,C-1132,2024-12-07,2024-12-07 15:16:08,store,completed,305.50,0.00,2024-12-07
100347,C-1402,2024-12-07,2024-12-07 10:41:52,store,cancelled,38.00,0.00,
100348,C-1394,2024-12-07,2024-12-07 16:11:02,online,completed,13.00,2.50,2024-12-10
100349,C-1194,2024-12-08,2024-12-08 18:33:46,store,completed,156.50,0.00,2024-12-08
100350,C-1428,2024-12-08,2024-12-08 11:18:29,store,completed,143.50,0.00,2024-12-08
100351,C-1003,2024-12-08,2024-12-08 13:13:59,online,completed,237.00,0.00,2024-12-11
100352,C-1091,2024-12-09,2024-12-09 15:32:17,online,completed,97.00,0.00,2024-12-13
100353,C-1106,2024-12-09,2024-12-09 20:00:53,online,completed,13.50,2.50,2024-12-10
100354,C-1345,2024-12-09,2024-12-09 19:06:17,online,completed,24.00,2.50,2024-12-10
100355,C-1153,2024-12-09,2024-12-09 16:25:37,store,completed,8.00,0.00,2024-12-09
100356,C-1193,2024-12-09,2024-12-09 10:35:51,online,cancelled,106.50,0.00,
100357,C-1223,2024-12-09,2024-12-09 12:00:54,store,completed,154.00,0.00,2024-12-09
100358,C-1090,2024-12-10,2024-12-10 17:08:09,store,completed,421.00,0.00,2024-12-10
100359,C-1428,2024-12-10,2024-12-10 16:25:24,online,completed,14.50,2.50,2024-12-14
100360,C-1270,2024-12-10,2024-12-10 17:25:47,store,completed,26.50,0.00,2024-12-10
100361,C-1471,2024-12-10,2024-12-10 19:26:44,online,completed,114.00,0.00,2024-12-14
100362,C-1229,2024-12-10,2024-12-10 12:13:50,store,completed,52.50,0.00,2024-12-10
100363,C-1056,2024-12-10,2024-12-10 09:48:38,store,completed,70.00,0.00,2024-12-10
100364,C-1160,2024-12-10,2024-12-10 19:56:57,store,completed,31.00,0.00,2024-12-10
100365,C-1380,2024-12-10,2024-12-10 14:19:50,store,completed,444.50,0.00,2024-12-10
100366,C-1469,2024-12-10,2024-12-10 16:43:54,online,completed,290.00,0.00,2024-12-12
100367,C-1356,2024-12-11,2024-12-11 23:20:56,store,completed,141.00,0.00,2024-12-11
100368,C-1135,2024-12-11,2024-12-11 21:00:21,online,completed,61.50,0.00,2024-12-13
100369,C-1333,2024-12-11,2024-12-11 18:52:20,online,completed,95.00,0.00,2024-12-15
100370,C-1431,2024-12-11,2024-12-11 18:29:17,online,completed,128.00,0.00,2024-12-15
100371,C-1267,2024-12-11,2024-12-11 17:51:16,store,completed,12.50,0.00,2024-12-11
100372,C-1401,2024-12-12,2024-12-12 20:08:10,store,completed,183.00,0.00,2024-12-12
100373,C-1404,2024-12-12,2024-12-12 20:18:25,online,completed,166.50,0.00,2024-12-13
100374,C-1335,2024-12-12,2024-12-12 16:32:32,store,completed,38.00,0.00,2024-12-12
100375,C-1267,2024-12-12,2024-12-12 12:31:46,store,cancelled,26.00,0.00,
100376,C-1075,2024-12-13,2024-12-13 17:59:35,store,completed,114.00,0.00,2024-12-13
100377,C-1041,2024-12-13,2024-12-13 13:59:41,online,cancelled,100.00,0.00,
100378,C-1289,2024-12-13,2024-12-13 21:59:26,store,completed,37.00,0.00,2024-12-13
100379,C-1380,2024-12-14,2024-12-14 20:52:10,store,completed,490.00,0.00,2024-12-14
100380,C-1287,2024-12-14,2024-12-14 20:44:34,online,completed,32.00,2.50,2024-12-16
100381,C-1338,2024-12-15,2024-12-15 12:35:05,store,completed,69.00,0.00,2024-12-15
100382,C-1221,2024-12-15,2024-12-15 10:40:30,store,completed,176.00,0.00,2024-12-15
100383,C-1402,2024-12-16,2024-12-16 13:14:55,online,completed,147.00,0.00,2024-12-17
100384,C-1084,2024-12-16,2024-12-16 15:34:13,store,completed,39.00,0.00,2024-12-16
100385,C-1085,2024-12-16,2024-12-16 14:56:56,store,completed,187.50,0.00,2024-12-16
100386,C-1348,2024-12-17,2024-12-17 17:41:43,store,completed,168.50,0.00,2024-12-17
100387,C-1380,2024-12-17,2024-12-17 13:50:33,store,completed,922.00,0.00,2024-12-17
100388,C-1409,2024-12-18,2024-12-18 16:08:12,store,completed,78.00,0.00,2024-12-18
100389,C-1335,2024-12-18,2024-12-18 14:33:01,online,completed,54.00,0.00,2024-12-22
100390,C-1270,2024-12-19,2024-12-19 12:02:16,store,cancelled,7.50,0.00,
100391,C-1214,2024-12-19,2024-12-19 18:09:48,store,completed,95.00,0.00,2024-12-19
100392,C-1142,2024-12-20,2024-12-20 13:21:40,online,cancelled,42.50,2.50,
100393,C-1203,2024-12-20,2024-12-20 14:23:33,online,completed,108.00,0.00,2024-12-22
100394,C-1200,2024-12-20,2024-12-20 12:49:32,store,completed,19.00,0.00,2024-12-20
100395,C-1255,2024-12-20,2024-12-20 20:25:53,store,completed,126.00,0.00,2024-12-20
100396,C-1267,2024-12-21,2024-12-21 13:58:22,online,completed,106.00,0.00,2024-12-22
100397,C-1270,2024-12-22,2024-12-22 19:57:45,store,completed,38.00,0.00,2024-12-22
100398,C-1379,2024-12-22,2024-12-22 16:28:13,store,completed,7.50,0.00,2024-12-22
100399,C-1263,2024-12-22,2024-12-22 15:34:17,store,completed,19.50,0.00,2024-12-22
100400,C-1135,2024-12-22,2024-12-22 18:00:06,store,completed,38.00,0.00,2024-12-22
100401,C-1340,2024-12-22,2024-12-22 15:56:54,online,completed,16.50,2.50,2024-12-25
100402,C-1213,2024-12-23,2024-12-23 10:43:45,store,completed,94.00,0.00,2024-12-23
100403,C-1224,2024-12-24,2024-12-24 17:34:16,store,completed,39.00,0.00,2024-12-24
100404,C-1062,2024-12-24,2024-12-24 15:15:35,store,completed,126.00,0.00,2024-12-24
100405,C-1269,2024-12-24,2024-12-24 20:49:36,store,completed,22.00,0.00,2024-12-24
100406,C-1494,2024-12-25,2024-12-25 12:58:05,store,completed,151.00,0.00,2024-12-25
100407,C-1335,2024-12-25,2024-12-25 16:44:10,online,completed,50.00,0.00,2024-12-26
100408,C-1224,2024-12-26,2024-12-26 20:35:17,online,completed,17.50,2.50,2024-12-29
100409,C-1380,2024-12-26,2024-12-26 20:34:41,store,completed,600.00,0.00,2024-12-26
100410,C-1016,2024-12-26,2024-12-26 20:33:11,store,completed,16.50,0.00,2024-12-26
100411,C-1236,2024-12-27,2024-12-27 18:19:39,online,completed,62.00,0.00,2024-12-29
100412,C-1064,2024-12-27,2024-12-27 12:04:18,store,cancelled,66.00,0.00,
100413,C-1380,2024-12-27,2024-12-27 11:49:58,online,completed,371.50,0.00,2024-12-28
100414,C-1270,2024-12-27,2024-12-27 14:55:07,store,completed,37.00,0.00,2024-12-27
100415,C-1270,2024-12-28,2024-12-28 12:03:24,store,completed,207.00,0.00,2024-12-28
100416,C-1428,2024-12-28,2024-12-28 18:19:34,store,completed,20.00,0.00,2024-12-28
100417,C-1270,2024-12-28,2024-12-28 17:03:19,store,completed,51.00,0.00,2024-12-28
100418,C-1419,2024-12-28,2024-12-28 11:00:40,store,completed,56.50,0.00,2024-12-28
100419,C-1464,2024-12-29,2024-12-29 11:48:04,store,completed,24.00,0.00,2024-12-29
100420,C-1270,2024-12-30,2024-12-30 12:23:42,online,completed,39.00,2.50,2025-01-01
100421,C-1402,2024-12-30,2024-12-30 22:28:57,store,completed,12.50,0.00,2024-12-30
100422,C-1142,2024-12-30,2024-12-30 11:29:11,online,completed,91.00,0.00,2025-01-02
100423,C-1203,2024-12-31,2024-12-31 10:25:47,online,completed,9.50,2.50,2025-01-01
100424,C-1127,2024-12-31,2024-12-31 18:58:19,store,completed,76.00,0.00,2024-12-31
100425,C-1175,2024-12-31,2024-12-31 14:59:31,online,completed,82.00,0.00,2025-01-01
100426,C-1270,2025-01-01,2025-01-01 18:00:38,online,completed,80.00,0.00,2025-01-03
100427,C-1388,2025-01-02,2025-01-02 15:33:48,online,completed,30.00,2.50,2025-01-06
100428,C-1380,2025-01-03,2025-01-03 16:56:07,store,completed,120.00,0.00,2025-01-03
100429,C-1388,2025-01-03,2025-01-03 12:59:23,store,completed,90.00,0.00,2025-01-03
100430,C-1218,2025-01-03,2025-01-03 20:17:17,store,completed,145.50,0.00,2025-01-03
100431,C-1444,2025-01-03,2025-01-03 15:25:34,store,completed,74.50,0.00,2025-01-03
100432,C-1444,2025-01-03,2025-01-03 13:00:11,online,completed,75.50,0.00,2025-01-05
100433,C-1270,2025-01-04,2025-01-04 11:23:19,store,completed,30.00,0.00,2025-01-04
100434,C-1160,2025-01-04,2025-01-04 20:03:43,store,completed,89.00,0.00,2025-01-04
100435,C-1203,2025-01-04,2025-01-04 15:42:27,store,completed,127.00,0.00,2025-01-04
100436,C-1270,2025-01-04,2025-01-04 17:35:54,store,completed,38.50,0.00,2025-01-04
100437,C-1003,2025-01-05,2025-01-05 17:26:35,online,completed,1034.00,0.00,2025-01-06
100438,C-1270,2025-01-05,2025-01-05 16:06:45,store,completed,56.50,0.00,2025-01-05
100439,C-1419,2025-01-05,2025-01-05 17:21:19,store,completed,44.00,0.00,2025-01-05
100440,C-1441,2025-01-05,2025-01-05 16:11:26,online,completed,49.00,2.50,2025-01-09
100441,C-1434,2025-01-05,2025-01-05 09:44:24,online,completed,6.50,2.50,2025-01-07
100442,C-1335,2025-01-06,2025-01-06 20:22:48,online,completed,31.50,2.50,2025-01-08
100443,C-1008,2025-01-06,2025-01-06 10:14:10,store,completed,713.50,0.00,2025-01-06
100444,C-1380,2025-01-07,2025-01-07 20:04:17,store,completed,1365.00,0.00,2025-01-07
100445,C-1244,2025-01-07,2025-01-07 23:27:37,online,completed,142.50,0.00,2025-01-08
100446,C-1258,2025-01-08,2025-01-08 12:52:50,store,completed,314.00,0.00,2025-01-08
100447,C-1126,2025-01-09,2025-01-09 19:40:49,store,completed,140.00,0.00,2025-01-09
100448,C-1196,2025-01-09,2025-01-09 11:23:45,store,cancelled,245.00,0.00,
100449,C-1438,2025-01-09,2025-01-09 23:24:04,store,completed,97.00,0.00,2025-01-09
100450,C-1395,2025-01-09,2025-01-09 23:40:10,store,completed,48.00,0.00,2025-01-09
100451,C-1167,2025-01-09,2025-01-09 10:11:37,store,completed,31.50,0.00,2025-01-09
100452,C-1265,2025-01-10,2025-01-10 20:09:04,online,completed,93.00,0.00,2025-01-13
100453,C-1444,2025-01-10,2025-01-10 20:07:16,online,completed,68.00,0.00,2025-01-12
100454,C-1231,2025-01-10,2025-01-10 11:45:57,store,completed,87.50,0.00,2025-01-10
100455,C-1393,2025-01-11,2025-01-11 16:12:07,store,completed,154.50,0.00,2025-01-11
100456,C-1194,2025-01-11,2025-01-11 09:04:07,store,completed,81.00,0.00,2025-01-11
100457,C-1380,2025-01-11,2025-01-11 19:09:44,store,cancelled,235.00,0.00,
100458,C-1383,2025-01-11,2025-01-11 18:13:44,store,completed,42.00,0.00,2025-01-11
100459,C-1382,2025-01-11,2025-01-11 18:48:23,store,completed,93.00,0.00,2025-01-11
100460,C-1324,2025-01-12,2025-01-12 17:53:31,store,completed,350.00,0.00,2025-01-12
100461,C-1267,2025-01-12,2025-01-12 17:22:34,store,completed,55.00,0.00,2025-01-12
100462,C-1469,2025-01-12,2025-01-12 17:39:25,store,completed,500.00,0.00,2025-01-12
100463,C-1380,2025-01-12,2025-01-12 12:57:52,store,completed,395.50,0.00,2025-01-12
100464,C-1270,2025-01-12,2025-01-12 20:24:22,online,completed,49.50,2.50,2025-01-16
100465,C-1353,2025-01-12,2025-01-12 11:33:09,store,completed,31.50,0.00,2025-01-12
100466,C-1008,2025-01-13,2025-01-13 19:42:24,store,completed,1307.00,0.00,2025-01-13
100467,C-1388,2025-01-13,2025-01-13 13:55:41,store,completed,18.00,0.00,2025-01-13
100468,C-1474,2025-01-14,2025-01-14 19:15:30,store,completed,33.00,0.00,2025-01-14
100469,C-1160,2025-01-14,2025-01-14 17:03:06,online,completed,78.00,0.00,2025-01-16
100470,C-1312,2025-01-14,2025-01-14 19:52:07,store,completed,65.00,0.00,2025-01-14
100471,C-1114,2025-01-15,2025-01-15 20:42:34,store,completed,80.00,0.00,2025-01-15
100472,C-1003,2025-01-15,2025-01-15 15:35:52,store,completed,177.50,0.00,2025-01-15
100473,C-1132,2025-01-16,2025-01-16 10:24:45,online,completed,16.50,2.50,2025-01-18
100474,C-1136,2025-01-16,2025-01-16 13:39:34,online,completed,289.00,0.00,2025-01-17
100475,C-1242,2025-01-16,2025-01-16 19:54:38,online,cancelled,255.00,0.00,
100476,C-1265,2025-01-17,2025-01-17 12:10:16,online,completed,20.50,2.50,2025-01-21
100477,C-1315,2025-01-17,2025-01-17 20:54:12,store,completed,22.50,0.00,2025-01-17
100478,C-1265,2025-01-17,2025-01-17 18:42:58,store,completed,57.50,0.00,2025-01-17
100479,C-1270,2025-01-17,2025-01-17 15:46:56,online,completed,81.00,0.00,2025-01-19
100480,C-1180,2025-01-18,2025-01-18 19:25:35,store,completed,22.00,0.00,2025-01-18
100481,C-1481,2025-01-18,2025-01-18 12:28:22,online,completed,129.00,0.00,2025-01-20
100482,C-1444,2025-01-18,2025-01-18 16:16:36,store,completed,56.50,0.00,2025-01-18
100483,C-1473,2025-01-18,2025-01-18 16:41:09,online,completed,117.00,0.00,2025-01-20
100484,C-1454,2025-01-18,2025-01-18 11:59:52,store,completed,33.00,0.00,2025-01-18
100485,C-1418,2025-01-18,2025-01-18 16:47:46,store,completed,17.50,0.00,2025-01-18
100486,C-1200,2025-01-18,2025-01-18 17:12:49,online,completed,52.50,0.00,2025-01-20
100487,C-1008,2025-01-18,2025-01-18 18:26:46,store,cancelled,666.00,0.00,
100488,C-1382,2025-01-18,2025-01-18 16:04:59,store,cancelled,5.50,0.00,
100489,C-1036,2025-01-19,2025-01-19 17:31:30,online,completed,29.00,2.50,2025-01-21
100490,C-1267,2025-01-19,2025-01-19 19:55:48,store,completed,23.00,0.00,2025-01-19
100491,C-1356,2025-01-19,2025-01-19 14:14:07,store,completed,15.00,0.00,2025-01-19
100492,C-1267,2025-01-19,2025-01-19 12:42:01,online,completed,55.00,0.00,2025-01-20
100493,C-1096,2025-01-20,2025-01-20 12:54:55,store,completed,97.50,0.00,2025-01-20
100494,C-1064,2025-01-20,2025-01-20 16:17:10,online,completed,22.00,2.50,2025-01-24
100495,C-1160,2025-01-20,2025-01-20 17:02:22,store,cancelled,52.00,0.00,
100496,C-1016,2025-01-20,2025-01-20 12:32:51,online,completed,81.00,0.00,2025-01-24
100497,C-1267,2025-01-20,2025-01-20 17:05:17,store,cancelled,67.50,0.00,
100498,C-1073,2025-01-20,2025-01-20 10:10:18,online,completed,19.00,2.50,2025-01-22
100499,C-1237,2025-01-20,2025-01-20 14:57:10,online,completed,211.00,0.00,2025-01-24
100500,C-1431,2025-01-21,2025-01-21 18:43:41,store,completed,33.00,0.00,2025-01-21
100501,C-1257,2025-01-21,2025-01-21 12:44:23,store,completed,61.00,0.00,2025-01-21
100502,C-1025,2025-01-21,2025-01-21 17:10:52,store,completed,57.50,0.00,2025-01-21
100503,C-1335,2025-01-21,2025-01-21 14:27:47,store,completed,84.00,0.00,2025-01-21
100504,C-1352,2025-01-21,2025-01-21 21:25:28,store,completed,214.00,0.00,2025-01-21
100505,C-1267,2025-01-21,2025-01-21 23:46:19,store,cancelled,41.00,0.00,
100506,C-1240,2025-01-22,2025-01-22 09:59:05,online,completed,19.50,2.50,2025-01-23
100507,C-1022,2025-01-22,2025-01-22 20:51:47,store,completed,211.00,0.00,2025-01-22
100508,C-1444,2025-01-22,2025-01-22 14:24:39,online,completed,26.00,2.50,2025-01-26
100509,C-1159,2025-01-22,2025-01-22 16:15:08,store,completed,78.00,0.00,2025-01-22
100510,C-1043,2025-01-23,2025-01-23 19:37:46,store,completed,69.00,0.00,2025-01-23
100511,C-1073,2025-01-23,2025-01-23 15:17:45,online,completed,56.00,0.00,2025-01-24
100512,C-1267,2025-01-24,2025-01-24 10:42:22,store,completed,111.00,0.00,2025-01-24
100513,C-1335,2025-01-24,2025-01-24 15:45:10,store,completed,87.50,0.00,2025-01-24
100514,C-1267,2025-01-24,2025-01-24 20:44:54,online,cancelled,74.50,0.00,
100515,C-1265,2025-01-25,2025-01-25 17:41:56,online,completed,96.00,0.00,2025-01-27
100516,C-1379,2025-01-25,2025-01-25 13:17:37,store,completed,121.50,0.00,2025-01-25
100517,C-1044,2025-01-25,2025-01-25 17:32:06,store,completed,30.00,0.00,2025-01-25
100518,C-1167,2025-01-25,2025-01-25 23:33:37,store,cancelled,89.00,0.00,
100519,C-1073,2025-01-25,2025-01-25 16:06:21,store,completed,52.00,0.00,2025-01-25
100520,C-1033,2025-01-25,2025-01-25 15:18:17,store,completed,26.00,0.00,2025-01-25
100521,C-1276,2025-01-25,2025-01-25 16:02:29,store,completed,43.50,0.00,2025-01-25
100522,C-1200,2025-01-26,2025-01-26 13:29:54,store,completed,69.00,0.00,2025-01-26
100523,C-1396,2025-01-26,2025-01-26 15:29:13,store,completed,64.00,0.00,2025-01-26
100524,C-1267,2025-01-26,2025-01-26 18:08:25,store,completed,80.00,0.00,2025-01-26
100525,C-1189,2025-01-26,2025-01-26 15:59:57,online,completed,38.00,2.50,2025-01-29
100526,C-1429,2025-01-26,2025-01-26 13:35:37,store,completed,72.00,0.00,2025-01-26
100527,C-1267,2025-01-26,2025-01-26 13:56:22,store,completed,74.00,0.00,2025-01-26
100528,C-1068,2025-01-27,2025-01-27 11:07:27,store,completed,87.50,0.00,2025-01-27
100529,C-1200,2025-01-27,2025-01-27 18:02:36,store,completed,14.50,0.00,2025-01-27
100530,C-1335,2025-01-27,2025-01-27 11:30:26,online,completed,58.00,0.00,2025-01-31
100531,C-1242,2025-01-28,2025-01-28 12:10:32,store,completed,165.00,0.00,2025-01-28
100532,C-1475,2025-01-28,2025-01-28 15:34:32,store,completed,58.50,0.00,2025-01-28
100533,C-1102,2025-01-29,2025-01-29 11:59:50,store,cancelled,56.50,0.00,
100534,C-1073,2025-01-29,2025-01-29 10:39:57,store,completed,96.50,0.00,2025-01-29
100535,C-1471,2025-01-29,2025-01-29 19:12:57,store,completed,276.50,0.00,2025-01-29
100536,C-1135,2025-01-30,2025-01-30 20:18:18,online,completed,28.50,2.50,2025-02-02
100537,C-1267,2025-01-30,2025-01-30 10:18:21,store,completed,36.00,0.00,2025-01-30
100538,C-1122,2025-01-30,2025-01-30 14:28:50,store,completed,59.00,0.00,2025-01-30
100539,C-1268,2025-01-30,2025-01-30 21:27:51,store,completed,47.00,0.00,2025-01-30
100540,C-1270,2025-01-31,2025-01-31 17:32:43,online,cancelled,46.00,2.50,
100541,C-1193,2025-01-31,2025-01-31 19:41:43,store,completed,97.00,0.00,2025-01-31
100542,C-1383,2025-02-01,2025-02-01 11:31:11,online,completed,93.00,0.00,2025-02-04
100543,C-1232,2025-02-01,2025-02-01 17:19:09,store,completed,38.00,0.00,2025-02-01
100544,C-1250,2025-02-02,2025-02-02 11:57:47,online,completed,128.50,0.00,2025-02-03
100545,C-1327,2025-02-02,2025-02-02 11:08:47,store,completed,141.00,0.00,2025-02-02
100546,C-1160,2025-02-02,2025-02-02 20:52:41,online,completed,51.00,0.00,2025-02-04
100547,C-1267,2025-02-02,2025-02-02 13:18:30,store,completed,80.00,0.00,2025-02-02
100548,C-1059,2025-02-03,2025-02-03 16:13:40,online,completed,431.00,0.00,2025-02-05
100549,C-1188,2025-02-03,2025-02-03 18:40:57,store,completed,30.00,0.00,2025-02-03
100550,C-1375,2025-02-03,2025-02-03 20:40:37,store,completed,130.00,0.00,2025-02-03
100551,C-1435,2025-02-03,2025-02-03 19:00:49,online,completed,38.50,2.50,2025-02-06
100552,C-1167,2025-02-03,2025-02-03 10:44:30,online,completed,53.00,0.00,2025-02-07
100553,C-1068,2025-02-03,2025-02-03 19:03:01,store,completed,158.00,0.00,2025-02-03
100554,C-1335,2025-02-03,2025-02-03 17:46:47,online,completed,97.00,0.00,2025-02-04
100555,C-1091,2025-02-04,2025-02-04 19:00:46,online,completed,8.50,2.50,2025-02-07
100556,C-1130,2025-02-04,2025-02-04 12:18:24,store,completed,66.50,0.00,2025-02-04
100557,C-1015,2025-02-04,2025-02-04 18:59:53,store,completed,96.00,0.00,2025-02-04
100558,C-1276,2025-02-04,2025-02-04 23:05:00,online,completed,97.50,0.00,2025-02-06
100559,C-1335,2025-02-04,2025-02-04 12:30:52,store,completed,44.00,0.00,2025-02-04
100560,C-1090,2025-02-04,2025-02-04 17:44:24,store,completed,255.00,0.00,2025-02-04
100561,C-1436,2025-02-05,2025-02-05 22:21:23,store,completed,82.00,0.00,2025-02-05
100562,C-1016,2025-02-05,2025-02-05 14:22:16,online,completed,51.50,0.00,2025-02-07
100563,C-1068,2025-02-05,2025-02-05 20:42:12,store,completed,245.00,0.00,2025-02-05
100564,C-1322,2025-02-06,2025-02-06 19:56:38,store,completed,42.50,0.00,2025-02-06
100565,C-1242,2025-02-06,2025-02-06 21:46:14,store,completed,1390.00,0.00,2025-02-06
100566,C-1265,2025-02-06,2025-02-06 20:37:49,store,completed,103.00,0.00,2025-02-06
100567,C-1075,2025-02-07,2025-02-07 17:00:47,store,completed,121.00,0.00,2025-02-07
100568,C-1107,2025-02-07,2025-02-07 10:22:58,store,completed,31.50,0.00,2025-02-07
100569,C-1189,2025-02-08,2025-02-08 15:33:21,online,completed,16.50,2.50,2025-02-10
100570,C-1267,2025-02-09,2025-02-09 15:58:29,store,completed,62.50,0.00,2025-02-09
100571,C-1017,2025-02-09,2025-02-09 19:48:36,store,completed,49.50,0.00,2025-02-09
100572,C-1156,2025-02-09,2025-02-09 20:51:01,online,completed,25.00,2.50,2025-02-11
100573,C-1360,2025-02-10,2025-02-10 20:34:06,store,completed,103.00,0.00,2025-02-10
100574,C-1435,2025-02-10,2025-02-10 13:50:16,online,completed,104.50,0.00,2025-02-11
100575,C-1124,2025-02-10,2025-02-10 23:45:09,store,completed,70.50,0.00,2025-02-10
100576,C-1032,2025-02-10,2025-02-10 16:34:22,store,completed,49.00,0.00,2025-02-10
100577,C-1031,2025-02-10,2025-02-10 21:28:36,store,completed,48.00,0.00,2025-02-10
100578,C-1242,2025-02-11,2025-02-11 16:25:19,online,completed,470.50,0.00,2025-02-15
100579,C-1379,2025-02-12,2025-02-12 23:24:03,store,completed,6.00,0.00,2025-02-12
100580,C-1444,2025-02-12,2025-02-12 17:24:52,store,completed,105.00,0.00,2025-02-12
100581,C-1194,2025-02-13,2025-02-13 21:19:40,online,completed,26.00,2.50,2025-02-16
100582,C-1492,2025-02-13,2025-02-13 17:20:58,store,completed,206.50,0.00,2025-02-13
100583,C-1120,2025-02-13,2025-02-13 20:22:39,store,completed,25.00,0.00,2025-02-13
100584,C-1177,2025-02-13,2025-02-13 20:55:45,store,completed,23.00,0.00,2025-02-13
100585,C-1487,2025-02-14,2025-02-14 11:39:39,online,completed,77.00,0.00,2025-02-16
100586,C-1269,2025-02-14,2025-02-14 13:46:36,online,cancelled,33.00,2.50,
100587,C-1383,2025-02-15,2025-02-15 21:18:33,store,completed,6.00,0.00,2025-02-15
100588,C-1032,2025-02-15,2025-02-15 20:20:20,store,completed,100.00,0.00,2025-02-15
100589,C-1192,2025-02-16,2025-02-16 18:12:32,online,completed,119.50,0.00,2025-02-18
100590,C-1335,2025-02-16,2025-02-16 20:43:24,store,completed,36.00,0.00,2025-02-16
100591,C-1058,2025-02-16,2025-02-16 21:41:03,store,completed,105.50,0.00,2025-02-16
100592,C-1267,2025-02-17,2025-02-17 10:27:41,store,completed,26.00,0.00,2025-02-17
100593,C-1116,2025-02-17,2025-02-17 16:26:02,store,completed,30.50,0.00,2025-02-17
100594,C-1160,2025-02-17,2025-02-17 13:05:10,online,completed,8.50,2.50,2025-02-21
100595,C-1044,2025-02-17,2025-02-17 12:54:00,store,completed,119.50,0.00,2025-02-17
100596,C-1436,2025-02-18,2025-02-18 15:03:27,store,completed,37.00,0.00,2025-02-18
100597,C-1470,2025-02-18,2025-02-18 13:55:21,store,completed,76.00,0.00,2025-02-18
100598,C-1267,2025-02-18,2025-02-18 17:40:54,online,completed,87.00,0.00,2025-02-22
100599,C-1379,2025-02-19,2025-02-19 11:39:28,store,completed,66.00,0.00,2025-02-19
100600,C-1009,2025-02-19,2025-02-19 19:18:26,online,completed,11.50,2.50,2025-02-21
100601,C-1380,2025-02-20,2025-02-20 13:14:54,store,completed,162.00,0.00,2025-02-20
100602,C-1197,2025-02-20,2025-02-20 12:38:36,online,completed,66.00,0.00,2025-02-22
100603,C-1091,2025-02-20,2025-02-20 18:09:10,online,completed,45.00,2.50,2025-02-21
100604,C-1012,2025-02-20,2025-02-20 12:59:47,store,completed,863.00,0.00,2025-02-20
100605,C-1091,2025-02-21,2025-02-21 17:03:38,store,completed,50.00,0.00,2025-02-21
100606,C-1386,2025-02-21,2025-02-21 22:07:54,store,completed,55.50,0.00,2025-02-21
100607,C-1419,2025-02-22,2025-02-22 18:08:49,store,completed,17.50,0.00,2025-02-22
100608,C-1132,2025-02-22,2025-02-22 14:25:35,online,completed,80.00,0.00,2025-02-25
100609,C-1090,2025-02-22,2025-02-22 17:13:48,online,completed,57.00,0.00,2025-02-23
100610,C-1091,2025-02-22,2025-02-22 09:49:18,store,cancelled,27.50,0.00,
100611,C-1305,2025-02-22,2025-02-22 18:32:00,store,completed,10.00,0.00,2025-02-22
100612,C-1030,2025-02-22,2025-02-22 14:04:25,store,completed,87.50,0.00,2025-02-22
100613,C-1394,2025-02-23,2025-02-23 21:53:58,online,completed,41.00,2.50,2025-02-24
100614,C-1267,2025-02-23,2025-02-23 21:07:08,store,completed,21.00,0.00,2025-02-23
100615,C-1339,2025-02-23,2025-02-23 14:20:40,online,completed,16.50,2.50,2025-02-27
100616,C-1380,2025-02-23,2025-02-23 19:23:03,store,completed,258.00,0.00,2025-02-23
100617,C-1114,2025-02-25,2025-02-25 20:30:16,online,completed,137.00,0.00,2025-02-26
100618,C-1175,2025-02-25,2025-02-25 17:41:14,store,completed,22.00,0.00,2025-02-25
100619,C-1486,2025-02-26,2025-02-26 11:22:31,online,completed,450.00,0.00,2025-02-28
100620,C-1475,2025-02-26,2025-02-26 11:13:33,store,completed,103.50,0.00,2025-02-26
100621,C-1419,2025-02-26,2025-02-26 20:19:05,store,completed,55.00,0.00,2025-02-26
100622,C-1267,2025-02-26,2025-02-26 18:32:47,store,completed,36.50,0.00,2025-02-26
100623,C-1016,2025-02-27,2025-02-27 15:57:52,store,completed,22.50,0.00,2025-02-27
100624,C-1073,2025-02-27,2025-02-27 18:19:26,store,completed,151.50,0.00,2025-02-27
100625,C-1383,2025-02-27,2025-02-27 16:22:57,store,completed,62.50,0.00,2025-02-27
100626,C-1392,2025-02-28,2025-02-28 12:40:17,store,completed,937.50,0.00,2025-02-28
100627,C-1003,2025-03-01,2025-03-01 11:09:37,store,completed,657.00,0.00,2025-03-01
100628,C-1077,2025-03-01,2025-03-01 14:09:04,online,completed,105.50,0.00,2025-03-05
100629,C-1444,2025-03-02,2025-03-02 22:53:25,online,completed,70.00,0.00,2025-03-03
100630,C-1196,2025-03-02,2025-03-02 14:21:09,online,completed,36.00,2.50,2025-03-06
100631,C-1396,2025-03-02,2025-03-02 18:29:11,online,completed,103.00,0.00,2025-03-06
100632,C-1160,2025-03-02,2025-03-02 11:56:41,online,cancelled,78.00,0.00,
100633,C-1064,2025-03-02,2025-03-02 20:43:33,online,cancelled,71.00,0.00,
100634,C-1248,2025-03-03,2025-03-03 21:49:47,online,completed,49.50,2.50,2025-03-04
100635,C-1080,2025-03-03,2025-03-03 19:30:12,online,completed,119.00,0.00,2025-03-05
100636,C-1201,2025-03-03,2025-03-03 12:00:48,online,completed,19.50,2.50,2025-03-07
100637,C-1102,2025-03-03,2025-03-03 23:20:09,store,completed,48.50,0.00,2025-03-03
100638,C-1030,2025-03-04,2025-03-04 15:41:40,store,completed,97.00,0.00,2025-03-04
100639,C-1421,2025-03-04,2025-03-04 15:21:35,store,completed,39.00,0.00,2025-03-04
100640,C-1242,2025-03-04,2025-03-04 14:55:04,store,completed,42.00,0.00,2025-03-04
100641,C-1381,2025-03-04,2025-03-04 18:48:59,store,completed,45.00,0.00,2025-03-04
100642,C-1470,2025-03-05,2025-03-05 15:46:33,store,completed,63.00,0.00,2025-03-05
100643,C-1257,2025-03-05,2025-03-05 12:51:22,store,completed,114.00,0.00,2025-03-05
100644,C-1022,2025-03-06,2025-03-06 14:56:23,store,completed,68.00,0.00,2025-03-06
100645,C-1016,2025-03-06,2025-03-06 20:16:03,store,completed,57.50,0.00,2025-03-06
100646,C-1471,2025-03-06,2025-03-06 22:23:02,store,completed,12.00,0.00,2025-03-06
100647,C-1214,2025-03-06,2025-03-06 13:22:29,online,completed,25.00,2.50,2025-03-08
100648,C-1473,2025-03-06,2025-03-06 12:02:37,store,completed,135.00,0.00,2025-03-06
100649,C-1007,2025-03-06,2025-03-06 18:35:17,store,completed,36.50,0.00,2025-03-06
100650,C-1242,2025-03-07,2025-03-07 16:00:49,store,completed,1387.00,0.00,2025-03-07
100651,C-1009,2025-03-07,2025-03-07 12:42:06,online,completed,103.50,0.00,2025-03-10
100652,C-1160,2025-03-07,2025-03-07 16:42:15,online,completed,28.50,2.50,2025-03-08
100653,C-1471,2025-03-07,2025-03-07 17:27:53,online,cancelled,71.50,0.00,
100654,C-1135,2025-03-07,2025-03-07 16:15:36,store,cancelled,32.50,0.00,
100655,C-1267,2025-03-08,2025-03-08 15:13:24,store,completed,14.00,0.00,2025-03-08
100656,C-1487,2025-03-08,2025-03-08 16:22:57,online,completed,15.00,2.50,2025-03-12
100657,C-1267,2025-03-08,2025-03-08 12:42:25,online,completed,120.00,0.00,2025-03-12
100658,C-1090,2025-03-08,2025-03-08 15:20:18,store,completed,120.00,0.00,2025-03-08
100659,C-1302,2025-03-08,2025-03-08 09:26:57,store,completed,22.00,0.00,2025-03-08
100660,C-1386,2025-03-09,2025-03-09 18:45:53,online,cancelled,33.00,2.50,
100661,C-1270,2025-03-09,2025-03-09 21:48:24,online,completed,89.50,0.00,2025-03-13
100662,C-1075,2025-03-09,2025-03-09 14:27:25,online,completed,44.00,2.50,2025-03-13
100663,C-1237,2025-03-10,2025-03-10 17:28:49,store,completed,9.00,0.00,2025-03-10
100664,C-1386,2025-03-10,2025-03-10 21:42:20,store,completed,83.50,0.00,2025-03-10
100665,C-1193,2025-03-10,2025-03-10 16:31:13,online,completed,41.50,2.50,2025-03-13
100666,C-1373,2025-03-10,2025-03-10 10:50:52,store,completed,84.00,0.00,2025-03-10
100667,C-1335,2025-03-10,2025-03-10 14:53:50,online,completed,82.00,0.00,2025-03-14
100668,C-1468,2025-03-10,2025-03-10 10:05:55,store,completed,63.00,0.00,2025-03-10
100669,C-1270,2025-03-11,2025-03-11 20:23:13,store,completed,117.00,0.00,2025-03-11
100670,C-1489,2025-03-12,2025-03-12 17:42:53,online,completed,68.50,0.00,2025-03-15
100671,C-1470,2025-03-12,2025-03-12 19:43:21,store,completed,26.00,0.00,2025-03-12
100672,C-1160,2025-03-13,2025-03-13 22:14:33,store,completed,44.00,0.00,2025-03-13
100673,C-1450,2025-03-13,2025-03-13 16:52:40,store,completed,36.00,0.00,2025-03-13
100674,C-1420,2025-03-13,2025-03-13 21:51:15,store,completed,63.00,0.00,2025-03-13
100675,C-1193,2025-03-14,2025-03-14 09:31:55,online,completed,27.00,2.50,2025-03-16
100676,C-1401,2025-03-14,2025-03-14 17:17:15,store,cancelled,84.00,0.00,
100677,C-1473,2025-03-14,2025-03-14 13:21:59,store,cancelled,58.00,0.00,
100678,C-1122,2025-03-15,2025-03-15 15:40:31,store,completed,24.00,0.00,2025-03-15
100679,C-1230,2025-03-15,2025-03-15 19:12:47,store,completed,76.00,0.00,2025-03-15
100680,C-1184,2025-03-15,2025-03-15 09:43:56,store,completed,34.00,0.00,2025-03-15
100681,C-1278,2025-03-15,2025-03-15 18:44:54,store,completed,14.50,0.00,2025-03-15
100682,C-1256,2025-03-15,2025-03-15 17:32:16,store,completed,12.00,0.00,2025-03-15
100683,C-1380,2025-03-16,2025-03-16 17:50:47,online,cancelled,470.00,0.00,
100684,C-1068,2025-03-17,2025-03-17 19:23:56,store,completed,49.00,0.00,2025-03-17
100685,C-1258,2025-03-17,2025-03-17 22:24:38,store,completed,75.50,0.00,2025-03-17
100686,C-1091,2025-03-17,2025-03-17 20:55:02,store,completed,7.50,0.00,2025-03-17
100687,C-1175,2025-03-17,2025-03-17 16:46:16,online,completed,78.00,0.00,2025-03-18
100688,C-1469,2025-03-18,2025-03-18 20:47:21,store,completed,350.00,0.00,2025-03-18
100689,C-1267,2025-03-18,2025-03-18 12:58:18,online,completed,65.50,0.00,2025-03-22
100690,C-1379,2025-03-18,2025-03-18 21:19:26,store,completed,72.50,0.00,2025-03-18
100691,C-1293,2025-03-18,2025-03-18 10:39:00,store,completed,72.00,0.00,2025-03-18
100692,C-1167,2025-03-18,2025-03-18 17:30:16,store,completed,9.00,0.00,2025-03-18
100693,C-1335,2025-03-19,2025-03-19 16:25:10,online,completed,36.00,2.50,2025-03-22
100694,C-1470,2025-03-19,2025-03-19 14:22:51,online,completed,51.00,0.00,2025-03-20
100695,C-1167,2025-03-19,2025-03-19 17:32:31,store,completed,46.00,0.00,2025-03-19
100696,C-1030,2025-03-20,2025-03-20 17:42:58,store,completed,29.00,0.00,2025-03-20
100697,C-1401,2025-03-20,2025-03-20 18:17:22,online,completed,110.00,0.00,2025-03-24
100698,C-1231,2025-03-20,2025-03-20 19:36:47,store,completed,77.00,0.00,2025-03-20
100699,C-1287,2025-03-20,2025-03-20 12:08:27,online,completed,55.50,0.00,2025-03-24
100700,C-1034,2025-03-21,2025-03-21 18:00:36,online,completed,145.50,0.00,2025-03-23
100701,C-1469,2025-03-21,2025-03-21 15:16:39,online,completed,215.50,0.00,2025-03-24
100702,C-1122,2025-03-21,2025-03-21 11:49:29,online,completed,100.50,0.00,2025-03-23
100703,C-1242,2025-03-21,2025-03-21 16:35:18,store,completed,350.00,0.00,2025-03-21
100704,C-1160,2025-03-21,2025-03-21 16:40:22,store,cancelled,126.00,0.00,
100705,C-1257,2025-03-22,2025-03-22 15:58:57,store,completed,106.50,0.00,2025-03-22
100706,C-1204,2025-03-22,2025-03-22 16:46:02,online,cancelled,36.00,2.50,
100707,C-1122,2025-03-22,2025-03-22 20:31:24,store,cancelled,97.50,0.00,
100708,C-1320,2025-03-23,2025-03-23 17:59:45,store,completed,55.50,0.00,2025-03-23
100709,C-1175,2025-03-23,2025-03-23 17:07:29,store,completed,22.00,0.00,2025-03-23
100710,C-1045,2025-03-23,2025-03-23 15:43:01,store,completed,92.00,0.00,2025-03-23
100711,C-1414,2025-03-23,2025-03-23 16:31:18,online,completed,163.00,0.00,2025-03-25
100712,C-1185,2025-03-23,2025-03-23 23:00:32,store,completed,71.50,0.00,2025-03-23
100713,C-1358,2025-03-24,2025-03-24 17:42:17,store,completed,43.50,0.00,2025-03-24
100714,C-1464,2025-03-24,2025-03-24 19:32:57,online,completed,24.00,2.50,2025-03-27
100715,C-1080,2025-03-24,2025-03-24 18:11:54,online,completed,68.00,0.00,2025-03-28
100716,C-1338,2025-03-24,2025-03-24 18:08:12,store,completed,27.50,0.00,2025-03-24
100717,C-1375,2025-03-24,2025-03-24 13:17:26,store,completed,107.00,0.00,2025-03-24
100718,C-1175,2025-03-24,2025-03-24 19:50:05,online,completed,16.00,2.50,2025-03-27
100719,C-1265,2025-03-24,2025-03-24 14:43:37,store,completed,54.00,0.00,2025-03-24
100720,C-1139,2025-03-24,2025-03-24 17:22:23,store,completed,198.50,0.00,2025-03-24
100721,C-1469,2025-03-25,2025-03-25 20:16:31,online,completed,181.50,0.00,2025-03-28
100722,C-1383,2025-03-25,2025-03-25 16:39:37,online,completed,24.00,2.50,2025-03-27
100723,C-1128,2025-03-25,2025-03-25 13:07:19,store,completed,71.00,0.00,2025-03-25
100724,C-1322,2025-03-25,2025-03-25 15:37:02,online,cancelled,6.00,2.50,
100725,C-1267,2025-03-26,2025-03-26 10:24:14,store,completed,37.50,0.00,2025-03-26
100726,C-1426,2025-03-26,2025-03-26 20:11:51,store,completed,140.00,0.00,2025-03-26
100727,C-1030,2025-03-26,2025-03-26 13:54:15,store,cancelled,24.00,0.00,
100728,C-1444,2025-03-26,2025-03-26 14:49:44,online,completed,181.50,0.00,2025-03-28
100729,C-1022,2025-03-27,2025-03-27 12:14:47,store,cancelled,11.00,0.00,
100730,C-1209,2025-03-27,2025-03-27 13:09:30,store,completed,84.50,0.00,2025-03-27
100731,C-1188,2025-03-27,2025-03-27 16:13:43,store,completed,35.00,0.00,2025-03-27
100732,C-1266,2025-03-27,2025-03-27 16:33:15,online,completed,18.00,2.50,2025-03-31
100733,C-1381,2025-03-27,2025-03-27 12:25:46,online,completed,33.00,2.50,2025-03-30
100734,C-1497,2025-03-28,2025-03-28 18:24:33,store,completed,35.00,0.00,2025-03-28
100735,C-1382,2025-03-28,2025-03-28 16:01:25,store,completed,37.50,0.00,2025-03-28
100736,C-1119,2025-03-28,2025-03-28 17:42:33,store,completed,125.00,0.00,2025-03-28
100737,C-1279,2025-03-28,2025-03-28 21:58:08,online,completed,274.00,0.00,2025-03-31
100738,C-1077,2025-03-29,2025-03-29 23:14:32,online,completed,21.50,2.50,2025-04-01
100739,C-1050,2025-03-29,2025-03-29 16:01:28,store,completed,15.00,0.00,2025-03-29
100740,C-1379,2025-03-29,2025-03-29 14:09:21,store,completed,91.50,0.00,2025-03-29
100741,C-1003,2025-03-29,2025-03-29 19:36:30,store,completed,294.50,0.00,2025-03-29
100742,C-1382,2025-03-29,2025-03-29 21:45:42,store,completed,48.00,0.00,2025-03-29
100743,C-1010,2025-03-30,2025-03-30 12:25:04,online,completed,40.00,2.50,2025-04-01
100744,C-1379,2025-03-30,2025-03-30 17:29:47,online,completed,39.50,2.50,2025-04-03
100745,C-1350,2025-03-30,2025-03-30 11:19:16,store,completed,18.00,0.00,2025-03-30
100746,C-1068,2025-03-30,2025-03-30 18:43:02,online,completed,19.00,2.50,2025-04-02
100747,C-1242,2025-03-30,2025-03-30 16:45:29,online,completed,320.50,0.00,2025-04-03
100748,C-1091,2025-03-30,2025-03-30 23:11:38,online,completed,6.00,2.50,2025-04-01
100749,C-1242,2025-03-31,2025-03-31 14:45:59,online,completed,292.00,0.00,2025-04-02
100750,C-1160,2025-03-31,2025-03-31 20:57:03,online,completed,21.50,2.50,2025-04-03
100751,C-1158,2025-03-31,2025-03-31 12:54:56,store,completed,28.00,0.00,2025-03-31
100752,C-1244,2025-03-31,2025-03-31 11:34:31,store,completed,21.50,0.00,2025-03-31
100753,C-1401,2025-04-01,2025-04-01 21:42:01,store,completed,54.00,0.00,2025-04-01
100754,C-1170,2025-04-02,2025-04-02 11:00:51,store,completed,75.50,0.00,2025-04-02
100755,C-1022,2025-04-02,2025-04-02 21:10:35,store,cancelled,13.00,0.00,
100756,C-1071,2025-04-02,2025-04-02 20:02:19,store,completed,154.00,0.00,2025-04-02
100757,C-1016,2025-04-03,2025-04-03 15:37:51,online,completed,63.00,0.00,2025-04-07
100758,C-1270,2025-04-03,2025-04-03 19:35:41,store,completed,11.00,0.00,2025-04-03
100759,C-1382,2025-04-03,2025-04-03 17:09:10,store,completed,140.00,0.00,2025-04-03
100760,C-1203,2025-04-03,2025-04-03 15:22:11,store,completed,156.50,0.00,2025-04-03
100761,C-1335,2025-04-03,2025-04-03 18:31:08,store,completed,34.00,0.00,2025-04-03
100762,C-1203,2025-04-03,2025-04-03 12:58:06,store,completed,47.00,0.00,2025-04-03
100763,C-1209,2025-04-03,2025-04-03 15:41:53,store,cancelled,113.00,0.00,
100764,C-1390,2025-04-04,2025-04-04 17:48:15,store,completed,89.00,0.00,2025-04-04
100765,C-1167,2025-04-04,2025-04-04 20:28:50,store,completed,59.00,0.00,2025-04-04
100766,C-1121,2025-04-04,2025-04-04 13:39:44,online,completed,113.00,0.00,2025-04-08
100767,C-1103,2025-04-05,2025-04-05 15:59:06,online,cancelled,52.00,0.00,
100768,C-1068,2025-04-05,2025-04-05 19:10:25,store,completed,19.50,0.00,2025-04-05
100769,C-1270,2025-04-06,2025-04-06 17:30:39,online,completed,186.00,0.00,2025-04-09
100770,C-1239,2025-04-06,2025-04-06 21:39:19,store,completed,105.00,0.00,2025-04-06
100771,C-1122,2025-04-06,2025-04-06 16:26:55,store,completed,87.50,0.00,2025-04-06
100772,C-1144,2025-04-06,2025-04-06 18:40:02,store,cancelled,750.50,0.00,
100773,C-1335,2025-04-06,2025-04-06 14:23:43,online,completed,100.50,0.00,2025-04-09
100774,C-1003,2025-04-06,2025-04-06 13:04:57,online,completed,730.00,0.00,2025-04-10
100775,C-1245,2025-04-07,2025-04-07 18:28:19,store,completed,59.00,0.00,2025-04-07
100776,C-1379,2025-04-07,2025-04-07 15:08:35,store,completed,29.00,0.00,2025-04-07
100777,C-1222,2025-04-07,2025-04-07 17:26:55,online,cancelled,101.00,0.00,
100778,C-1468,2025-04-07,2025-04-07 12:04:19,store,completed,65.50,0.00,2025-04-07
100779,C-1380,2025-04-07,2025-04-07 10:28:56,store,completed,169.50,0.00,2025-04-07
100780,C-1446,2025-04-09,2025-04-09 17:21:25,online,completed,67.00,0.00,2025-04-11
100781,C-1267,2025-04-09,2025-04-09 15:58:29,store,completed,70.50,0.00,2025-04-09
100782,C-1357,2025-04-09,2025-04-09 18:19:26,store,completed,51.50,0.00,2025-04-09
100783,C-1122,2025-04-09,2025-04-09 18:34:06,online,completed,37.00,2.50,2025-04-13
100784,C-1450,2025-04-10,2025-04-10 19:41:00,store,completed,78.00,0.00,2025-04-10
100785,C-1182,2025-04-10,2025-04-10 16:54:32,store,completed,136.00,0.00,2025-04-10
100786,C-1199,2025-04-10,2025-04-10 13:21:02,store,completed,212.50,0.00,2025-04-10
100787,C-1039,2025-04-10,2025-04-10 12:03:47,store,completed,34.50,0.00,2025-04-10
100788,C-1379,2025-04-10,2025-04-10 17:36:06,store,completed,74.00,0.00,2025-04-10
100789,C-1380,2025-04-10,2025-04-10 17:13:47,store,completed,290.00,0.00,2025-04-10
100790,C-1425,2025-04-10,2025-04-10 09:55:22,store,completed,103.00,0.00,2025-04-10
100791,C-1050,2025-04-10,2025-04-10 16:58:50,online,completed,39.00,2.50,2025-04-14
100792,C-1322,2025-04-11,2025-04-11 17:51:58,online,completed,46.00,2.50,2025-04-14
100793,C-1357,2025-04-11,2025-04-11 17:10:48,store,completed,15.00,0.00,2025-04-11
100794,C-1422,2025-04-11,2025-04-11 19:24:44,online,cancelled,855.00,0.00,
100795,C-1007,2025-04-11,2025-04-11 11:14:56,online,completed,8.00,2.50,2025-04-12
100796,C-1424,2025-04-12,2025-04-12 15:14:21,store,completed,203.50,0.00,2025-04-12
100797,C-1310,2025-04-12,2025-04-12 17:26:34,store,completed,319.00,0.00,2025-04-12
100798,C-1029,2025-04-13,2025-04-13 18:48:05,online,completed,131.50,0.00,2025-04-14
100799,C-1470,2025-04-13,2025-04-13 11:06:06,store,completed,43.00,0.00,2025-04-13
100800,C-1380,2025-04-13,2025-04-13 18:51:46,store,completed,215.50,0.00,2025-04-13
100801,C-1244,2025-04-13,2025-04-13 09:39:07,online,completed,26.50,2.50,2025-04-14
100802,C-1193,2025-04-14,2025-04-14 20:14:05,online,completed,7.50,2.50,2025-04-16
100803,C-1332,2025-04-14,2025-04-14 23:31:22,store,completed,27.00,0.00,2025-04-14
100804,C-1270,2025-04-14,2025-04-14 10:53:15,store,completed,28.50,0.00,2025-04-14
100805,C-1380,2025-04-14,2025-04-14 12:09:53,online,completed,186.00,0.00,2025-04-18
100806,C-1136,2025-04-14,2025-04-14 17:27:59,online,completed,328.50,0.00,2025-04-16
100807,C-1270,2025-04-16,2025-04-16 16:46:46,online,completed,32.50,2.50,2025-04-20
100808,C-1490,2025-04-16,2025-04-16 15:39:09,store,completed,40.00,0.00,2025-04-16
100809,C-1003,2025-04-16,2025-04-16 23:33:42,store,completed,259.50,0.00,2025-04-16
100810,C-1377,2025-04-17,2025-04-17 17:31:21,store,completed,404.00,0.00,2025-04-17
100811,C-1276,2025-04-17,2025-04-17 19:14:37,store,completed,71.00,0.00,2025-04-17
100812,C-1160,2025-04-17,2025-04-17 21:56:09,store,completed,185.00,0.00,2025-04-17
100813,C-1245,2025-04-17,2025-04-17 18:08:46,online,completed,101.50,0.00,2025-04-21
100814,C-1379,2025-04-17,2025-04-17 18:23:15,store,completed,85.50,0.00,2025-04-17
100815,C-1470,2025-04-17,2025-04-17 09:46:06,store,cancelled,78.00,0.00,
100816,C-1472,2025-04-18,2025-04-18 14:49:53,online,completed,49.50,2.50,2025-04-19
100817,C-1238,2025-04-18,2025-04-18 11:31:09,online,completed,42.00,2.50,2025-04-21
100818,C-1254,2025-04-18,2025-04-18 17:24:44,store,completed,12.00,0.00,2025-04-18
100819,C-1200,2025-04-18,2025-04-18 17:39:39,store,completed,39.00,0.00,2025-04-18
100820,C-1134,2025-04-19,2025-04-19 15:30:50,store,completed,16.00,0.00,2025-04-19
100821,C-1469,2025-04-19,2025-04-19 17:39:23,online,completed,300.00,0.00,2025-04-22
100822,C-1401,2025-04-19,2025-04-19 13:46:43,store,completed,82.50,0.00,2025-04-19
100823,C-1419,2025-04-19,2025-04-19 20:08:22,online,completed,56.50,0.00,2025-04-22
100824,C-1122,2025-04-19,2025-04-19 14:38:23,online,completed,235.00,0.00,2025-04-20
100825,C-1270,2025-04-20,2025-04-20 12:59:25,online,completed,61.00,0.00,2025-04-21
100826,C-1208,2025-04-20,2025-04-20 17:28:10,online,completed,140.50,0.00,2025-04-21
100827,C-1200,2025-04-20,2025-04-20 16:19:04,store,cancelled,107.00,0.00,
100828,C-1379,2025-04-20,2025-04-20 20:58:35,store,completed,177.50,0.00,2025-04-20
100829,C-1148,2025-04-20,2025-04-20 09:05:54,store,completed,42.50,0.00,2025-04-20
100830,C-1342,2025-04-20,2025-04-20 14:27:43,online,completed,36.00,2.50,2025-04-21
100831,C-1267,2025-04-21,2025-04-21 16:27:32,store,completed,52.00,0.00,2025-04-21
100832,C-1218,2025-04-21,2025-04-21 12:58:42,store,completed,12.50,0.00,2025-04-21
100833,C-1226,2025-04-22,2025-04-22 16:27:02,online,completed,15.00,2.50,2025-04-24
100834,C-1278,2025-04-22,2025-04-22 19:59:48,store,completed,34.00,0.00,2025-04-22
100835,C-1455,2025-04-22,2025-04-22 10:24:06,online,completed,139.50,0.00,2025-04-26
100836,C-1237,2025-04-22,2025-04-22 11:01:38,store,completed,11.50,0.00,2025-04-22
100837,C-1090,2025-04-22,2025-04-22 19:44:01,store,completed,55.00,0.00,2025-04-22
100838,C-1098,2025-04-22,2025-04-22 14:33:48,store,completed,70.50,0.00,2025-04-22
100839,C-1335,2025-04-23,2025-04-23 15:03:00,online,completed,30.00,2.50,2025-04-24
100840,C-1068,2025-04-23,2025-04-23 14:38:36,online,completed,150.00,0.00,2025-04-25
100841,C-1216,2025-04-24,2025-04-24 16:00:34,online,completed,70.00,0.00,2025-04-28
100842,C-1267,2025-04-24,2025-04-24 18:00:43,store,completed,88.50,0.00,2025-04-24
100843,C-1267,2025-04-24,2025-04-24 19:57:28,online,completed,148.00,0.00,2025-04-26
100844,C-1335,2025-04-24,2025-04-24 16:08:25,store,completed,56.00,0.00,2025-04-24
100845,C-1383,2025-04-25,2025-04-25 16:27:26,store,completed,54.00,0.00,2025-04-25
100846,C-1370,2025-04-25,2025-04-25 12:21:48,store,completed,115.00,0.00,2025-04-25
100847,C-1135,2025-04-25,2025-04-25 21:03:11,store,completed,48.00,0.00,2025-04-25
100848,C-1473,2025-04-26,2025-04-26 16:54:41,store,completed,167.50,0.00,2025-04-26
100849,C-1380,2025-04-26,2025-04-26 17:06:09,store,completed,1964.50,0.00,2025-04-26
100850,C-1030,2025-04-26,2025-04-26 19:42:45,online,completed,34.50,2.50,2025-04-27
100851,C-1280,2025-04-27,2025-04-27 20:08:47,store,completed,49.00,0.00,2025-04-27
100852,C-1270,2025-04-27,2025-04-27 11:22:10,store,completed,20.00,0.00,2025-04-27
100853,C-1437,2025-04-28,2025-04-28 14:38:23,store,completed,95.00,0.00,2025-04-28
100854,C-1123,2025-04-29,2025-04-29 14:35:15,online,completed,831.00,0.00,2025-05-01
100855,C-1265,2025-04-29,2025-04-29 17:22:14,store,completed,66.00,0.00,2025-04-29
100856,C-1267,2025-04-29,2025-04-29 18:39:08,online,completed,123.00,0.00,2025-05-01
100857,C-1419,2025-04-29,2025-04-29 17:15:23,store,completed,59.50,0.00,2025-04-29
100858,C-1213,2025-04-29,2025-04-29 21:57:06,store,completed,86.50,0.00,2025-04-29
100859,C-1052,2025-04-29,2025-04-29 17:39:52,store,completed,133.00,0.00,2025-04-29
100860,C-1375,2025-04-30,2025-04-30 19:04:24,store,completed,90.00,0.00,2025-04-30
100861,C-1270,2025-04-30,2025-04-30 18:48:16,store,completed,60.00,0.00,2025-04-30
100862,C-1345,2025-04-30,2025-04-30 09:51:28,store,completed,55.00,0.00,2025-04-30
100863,C-1335,2025-04-30,2025-04-30 13:40:14,online,completed,12.00,2.50,2025-05-01
100864,C-1428,2025-04-30,2025-04-30 14:36:52,online,cancelled,75.00,0.00,
100865,C-1091,2025-05-01,2025-05-01 20:18:23,store,completed,158.50,0.00,2025-05-01
100866,C-1278,2025-05-01,2025-05-01 17:13:50,online,completed,46.00,2.50,2025-05-02
100867,C-1380,2025-05-02,2025-05-02 15:36:17,store,completed,1355.00,0.00,2025-05-02
100868,C-1002,2025-05-03,2025-05-03 18:17:23,store,completed,301.00,0.00,2025-05-03
100869,C-1142,2025-05-03,2025-05-03 23:05:56,online,completed,28.50,2.50,2025-05-04
100870,C-1160,2025-05-03,2025-05-03 16:07:18,store,completed,75.00,0.00,2025-05-03
100871,C-1167,2025-05-04,2025-05-04 18:20:08,online,completed,81.00,0.00,2025-05-07
100872,C-1242,2025-05-04,2025-05-04 20:42:32,store,completed,355.00,0.00,2025-05-04
100873,C-1138,2025-05-04,2025-05-04 23:48:07,store,completed,38.00,0.00,2025-05-04
100874,C-1270,2025-05-04,2025-05-04 19:41:18,store,completed,33.00,0.00,2025-05-04
100875,C-1469,2025-05-04,2025-05-04 15:16:50,store,completed,445.50,0.00,2025-05-04
100876,C-1491,2025-05-05,2025-05-05 17:18:32,store,completed,145.00,0.00,2025-05-05
100877,C-1160,2025-05-05,2025-05-05 11:19:54,store,completed,72.00,0.00,2025-05-05
100878,C-1141,2025-05-05,2025-05-05 14:29:20,store,cancelled,20.00,0.00,
100879,C-1335,2025-05-05,2025-05-05 19:32:44,online,completed,102.00,0.00,2025-05-06
100880,C-1034,2025-05-05,2025-05-05 23:32:20,store,completed,37.50,0.00,2025-05-05
100881,C-1198,2025-05-05,2025-05-05 14:26:07,online,completed,31.50,2.50,2025-05-09
100882,C-1270,2025-05-05,2025-05-05 13:26:29,store,completed,5.00,0.00,2025-05-05
100883,C-1212,2025-05-06,2025-05-06 16:44:04,store,completed,32.50,0.00,2025-05-06
100884,C-1242,2025-05-07,2025-05-07 19:54:52,store,completed,321.00,0.00,2025-05-07
100885,C-1160,2025-05-07,2025-05-07 12:54:49,store,completed,106.00,0.00,2025-05-07
100886,C-1267,2025-05-08,2025-05-08 13:50:13,online,completed,18.00,2.50,2025-05-09
100887,C-1272,2025-05-08,2025-05-08 14:15:00,store,completed,26.00,0.00,2025-05-08
100888,C-1099,2025-05-08,2025-05-08 20:06:41,store,completed,130.00,0.00,2025-05-08
100889,C-1335,2025-05-08,2025-05-08 23:42:05,online,completed,67.00,0.00,2025-05-10
100890,C-1102,2025-05-09,2025-05-09 11:07:47,store,completed,138.50,0.00,2025-05-09
100891,C-1091,2025-05-09,2025-05-09 18:36:58,online,completed,30.00,2.50,2025-05-10
100892,C-1318,2025-05-09,2025-05-09 15:41:06,store,completed,38.00,0.00,2025-05-09
100893,C-1270,2025-05-09,2025-05-09 18:32:46,online,completed,54.50,0.00,2025-05-10
100894,C-1032,2025-05-10,2025-05-10 19:37:31,store,completed,69.50,0.00,2025-05-10
100895,C-1379,2025-05-10,2025-05-10 10:11:20,store,cancelled,52.00,0.00,
100896,C-1218,2025-05-10,2025-05-10 20:02:45,online,completed,58.00,0.00,2025-05-12
100897,C-1213,2025-05-10,2025-05-10 22:12:29,store,completed,78.00,0.00,2025-05-10
100898,C-1030,2025-05-11,2025-05-11 10:26:24,store,completed,18.00,0.00,2025-05-11
100899,C-1455,2025-05-12,2025-05-12 17:57:09,online,completed,31.00,2.50,2025-05-14
100900,C-1278,2025-05-14,2025-05-14 16:52:39,online,completed,51.50,0.00,2025-05-18
100901,C-1380,2025-05-14,2025-05-14 19:28:00,store,completed,222.50,0.00,2025-05-14
100902,C-1114,2025-05-14,2025-05-14 10:26:46,online,completed,50.00,0.00,2025-05-17
100903,C-1270,2025-05-14,2025-05-14 20:34:42,store,completed,39.00,0.00,2025-05-14
100904,C-1401,2025-05-14,2025-05-14 19:18:49,store,completed,380.00,0.00,2025-05-14
100905,C-1254,2025-05-15,2025-05-15 12:03:32,store,completed,6.00,0.00,2025-05-15
100906,C-1261,2025-05-15,2025-05-15 19:13:33,online,completed,17.00,2.50,2025-05-17
100907,C-1293,2025-05-15,2025-05-15 21:36:18,store,completed,24.00,0.00,2025-05-15
100908,C-1383,2025-05-15,2025-05-15 14:25:20,online,cancelled,18.00,2.50,
100909,C-1203,2025-05-15,2025-05-15 14:03:21,store,completed,47.00,0.00,2025-05-15
100910,C-1029,2025-05-15,2025-05-15 12:56:32,store,completed,55.50,0.00,2025-05-15
100911,C-1091,2025-05-15,2025-05-15 09:26:56,online,completed,83.00,0.00,2025-05-17
100912,C-1026,2025-05-16,2025-05-16 11:50:10,online,completed,124.50,0.00,2025-05-20
100913,C-1435,2025-05-17,2025-05-17 15:00:29,online,completed,70.50,0.00,2025-05-20
100914,C-1270,2025-05-17,2025-05-17 19:14:24,online,completed,101.00,0.00,2025-05-18
100915,C-1379,2025-05-17,2025-05-17 12:57:36,online,completed,100.50,0.00,2025-05-19
100916,C-1317,2025-05-18,2025-05-18 21:17:16,store,completed,14.00,0.00,2025-05-18
100917,C-1310,2025-05-18,2025-05-18 12:43:07,online,completed,148.00,0.00,2025-05-21
100918,C-1086,2025-05-18,2025-05-18 21:05:54,store,cancelled,21.50,0.00,
100919,C-1335,2025-05-18,2025-05-18 17:08:46,store,completed,15.00,0.00,2025-05-18
100920,C-1181,2025-05-19,2025-05-19 23:01:38,store,completed,111.50,0.00,2025-05-19
100921,C-1130,2025-05-19,2025-05-19 13:29:36,online,completed,40.50,2.50,2025-05-20
100922,C-1357,2025-05-19,2025-05-19 16:11:46,online,cancelled,62.00,0.00,
100923,C-1025,2025-05-19,2025-05-19 17:43:30,store,completed,52.50,0.00,2025-05-19
100924,C-1444,2025-05-19,2025-05-19 13:13:12,store,completed,150.00,0.00,2025-05-19
100925,C-1136,2025-05-19,2025-05-19 11:29:56,store,completed,270.00,0.00,2025-05-19
100926,C-1167,2025-05-19,2025-05-19 20:39:13,store,completed,72.00,0.00,2025-05-19
100927,C-1016,2025-05-20,2025-05-20 17:17:07,online,completed,47.00,2.50,2025-05-24
100928,C-1270,2025-05-20,2025-05-20 20:41:34,online,completed,151.00,0.00,2025-05-21
100929,C-1099,2025-05-21,2025-05-21 16:24:15,store,completed,64.00,0.00,2025-05-21
100930,C-1450,2025-05-21,2025-05-21 23:04:09,store,completed,61.50,0.00,2025-05-21
100931,C-1392,2025-05-21,2025-05-21 17:16:15,store,completed,190.00,0.00,2025-05-21
100932,C-1267,2025-05-22,2025-05-22 11:48:56,store,completed,62.00,0.00,2025-05-22
100933,C-1080,2025-05-22,2025-05-22 22:13:53,online,completed,26.00,2.50,2025-05-26
100934,C-1122,2025-05-22,2025-05-22 12:58:10,online,completed,27.00,2.50,2025-05-24
100935,C-1242,2025-05-23,2025-05-23 19:46:25,store,cancelled,459.00,0.00,
100936,C-1380,2025-05-23,2025-05-23 18:53:38,online,completed,150.00,0.00,2025-05-27
100937,C-1270,2025-05-23,2025-05-23 16:15:41,store,completed,18.00,0.00,2025-05-23
100938,C-1382,2025-05-24,2025-05-24 15:11:20,store,completed,239.00,0.00,2025-05-24
100939,C-1160,2025-05-24,2025-05-24 17:18:23,online,completed,68.00,0.00,2025-05-27
100940,C-1242,2025-05-24,2025-05-24 11:12:04,store,completed,25.00,0.00,2025-05-24
100941,C-1469,2025-05-25,2025-05-25 17:14:19,store,completed,280.00,0.00,2025-05-25
100942,C-1148,2025-05-25,2025-05-25 17:52:57,store,completed,60.00,0.00,2025-05-25
100943,C-1335,2025-05-25,2025-05-25 10:20:27,store,completed,172.00,0.00,2025-05-25
100944,C-1379,2025-05-25,2025-05-25 16:59:24,online,completed,24.00,2.50,2025-05-27
100945,C-1200,2025-05-26,2025-05-26 20:07:08,store,completed,138.50,0.00,2025-05-26
100946,C-1265,2025-05-26,2025-05-26 17:50:05,store,completed,42.00,0.00,2025-05-26
100947,C-1007,2025-05-26,2025-05-26 22:34:59,online,completed,11.00,2.50,2025-05-29
100948,C-1067,2025-05-27,2025-05-27 17:37:30,store,completed,134.00,0.00,2025-05-27
100949,C-1120,2025-05-27,2025-05-27 17:02:45,online,completed,68.00,0.00,2025-05-30
100950,C-1160,2025-05-27,2025-05-27 14:48:32,online,completed,133.50,0.00,2025-05-28
100951,C-1060,2025-05-27,2025-05-27 14:35:22,store,completed,144.00,0.00,2025-05-27
100952,C-1486,2025-05-27,2025-05-27 10:41:45,online,completed,77.50,0.00,2025-05-31
100953,C-1190,2025-05-28,2025-05-28 16:41:48,online,completed,101.00,0.00,2025-05-29
100954,C-1029,2025-05-28,2025-05-28 18:51:47,store,completed,29.00,0.00,2025-05-28
100955,C-1044,2025-05-28,2025-05-28 12:33:26,store,completed,133.50,0.00,2025-05-28
100956,C-1335,2025-05-29,2025-05-29 20:57:31,store,completed,43.50,0.00,2025-05-29
100957,C-1242,2025-05-29,2025-05-29 19:39:55,store,completed,60.00,0.00,2025-05-29
100958,C-1331,2025-05-29,2025-05-29 12:56:43,store,completed,46.50,0.00,2025-05-29
100959,C-1412,2025-05-29,2025-05-29 15:38:05,online,completed,59.50,0.00,2025-05-30
100960,C-1380,2025-05-29,2025-05-29 10:13:21,store,completed,55.00,0.00,2025-05-29
100961,C-1227,2025-05-29,2025-05-29 21:16:56,store,completed,63.00,0.00,2025-05-29
100962,C-1032,2025-05-30,2025-05-30 17:29:41,online,completed,150.00,0.00,2025-06-01
100963,C-1368,2025-05-30,2025-05-30 11:54:49,store,completed,1410.00,0.00,2025-05-30
100964,C-1227,2025-05-30,2025-05-30 10:02:45,store,completed,53.00,0.00,2025-05-30
100965,C-1043,2025-05-30,2025-05-30 15:29:20,store,completed,9.50,0.00,2025-05-30
100966,C-1008,2025-05-31,2025-05-31 18:20:18,online,completed,1146.00,0.00,2025-06-01
100967,C-1105,2025-05-31,2025-05-31 15:53:29,store,completed,75.50,0.00,2025-05-31
100968,C-1102,2025-05-31,2025-05-31 12:12:14,store,completed,76.00,0.00,2025-05-31
100969,C-1258,2025-06-01,2025-06-01 19:57:11,online,completed,18.00,2.50,2025-06-02
100970,C-1270,2025-06-01,2025-06-01 15:20:00,store,completed,82.00,0.00,2025-06-01
100971,C-1341,2025-06-02,2025-06-02 16:13:52,store,completed,307.50,0.00,2025-06-02
100972,C-1089,2025-06-02,2025-06-02 20:36:09,store,completed,45.00,0.00,2025-06-02
100973,C-1158,2025-06-02,2025-06-02 17:15:30,store,completed,37.50,0.00,2025-06-02
100974,C-1218,2025-06-02,2025-06-02 16:46:52,store,completed,6.00,0.00,2025-06-02
100975,C-1265,2025-06-02,2025-06-02 12:49:06,online,completed,39.00,2.50,2025-06-04
100976,C-1348,2025-06-03,2025-06-03 17:59:51,store,completed,45.50,0.00,2025-06-03
100977,C-1325,2025-06-04,2025-06-04 18:19:50,store,completed,455.00,0.00,2025-06-04
100978,C-1002,2025-06-04,2025-06-04 20:50:12,store,completed,126.00,0.00,2025-06-04
100979,C-1409,2025-06-04,2025-06-04 09:14:00,store,completed,37.50,0.00,2025-06-04
100980,C-1209,2025-06-05,2025-06-05 17:22:40,store,completed,35.00,0.00,2025-06-05
100981,C-1151,2025-06-05,2025-06-05 13:38:04,store,completed,112.00,0.00,2025-06-05
100982,C-1030,2025-06-05,2025-06-05 13:18:34,online,completed,81.00,0.00,2025-06-06
100983,C-1358,2025-06-05,2025-06-05 13:01:32,store,completed,152.00,0.00,2025-06-05
100984,C-1380,2025-06-06,2025-06-06 23:13:29,online,completed,685.00,0.00,2025-06-10
100985,C-1402,2025-06-06,2025-06-06 23:53:16,online,completed,44.50,2.50,2025-06-08
100986,C-1267,2025-06-06,2025-06-06 10:41:08,online,cancelled,15.00,2.50,
100987,C-1267,2025-06-06,2025-06-06 16:12:32,store,completed,79.00,0.00,2025-06-06
100988,C-1048,2025-06-06,2025-06-06 12:20:35,online,completed,40.50,2.50,2025-06-09
100989,C-1307,2025-06-07,2025-06-07 10:46:27,store,completed,1182.50,0.00,2025-06-07
100990,C-1379,2025-06-07,2025-06-07 13:12:32,online,completed,42.00,2.50,2025-06-10
100991,C-1030,2025-06-07,2025-06-07 12:26:42,store,completed,38.00,0.00,2025-06-07
100992,C-1047,2025-06-07,2025-06-07 16:57:14,store,completed,123.00,0.00,2025-06-07
100993,C-1109,2025-06-07,2025-06-07 23:27:35,online,completed,39.00,2.50,2025-06-11
100994,C-1386,2025-06-07,2025-06-07 19:31:50,store,completed,55.00,0.00,2025-06-07
100995,C-1221,2025-06-08,2025-06-08 20:48:12,online,completed,98.00,0.00,2025-06-11
100996,C-1019,2025-06-08,2025-06-08 09:42:17,store,completed,54.00,0.00,2025-06-08
100997,C-1454,2025-06-08,2025-06-08 13:48:03,store,completed,318.00,0.00,2025-06-08
100998,C-1056,2025-06-08,2025-06-08 17:45:53,online,completed,119.50,0.00,2025-06-12
100999,C-1379,2025-06-09,2025-06-09 09:16:28,online,completed,164.50,0.00,2025-06-13
101000,C-1242,2025-06-09,2025-06-09 16:46:39,store,completed,277.50,0.00,2025-06-09
101001,C-1251,2025-06-10,2025-06-10 18:10:49,online,completed,145.00,0.00,2025-06-13
101002,C-1252,2025-06-10,2025-06-10 20:20:21,store,completed,113.00,0.00,2025-06-10
101003,C-1359,2025-06-10,2025-06-10 14:03:47,online,completed,9.50,2.50,2025-06-12
101004,C-1475,2025-06-10,2025-06-10 18:23:17,online,completed,30.00,2.50,2025-06-11
101005,C-1452,2025-06-10,2025-06-10 12:59:22,online,completed,30.50,2.50,2025-06-14
101006,C-1272,2025-06-10,2025-06-10 14:30:53,online,cancelled,62.00,0.00,
101007,C-1167,2025-06-10,2025-06-10 18:46:09,store,completed,36.00,0.00,2025-06-10
101008,C-1473,2025-06-10,2025-06-10 11:39:03,store,completed,7.50,0.00,2025-06-10
101009,C-1305,2025-06-11,2025-06-11 21:14:41,online,completed,48.00,2.50,2025-06-15
101010,C-1073,2025-06-11,2025-06-11 18:38:50,store,cancelled,20.00,0.00,
101011,C-1122,2025-06-11,2025-06-11 22:50:28,store,completed,32.00,0.00,2025-06-11
101012,C-1222,2025-06-11,2025-06-11 16:23:26,online,completed,100.50,0.00,2025-06-13
101013,C-1266,2025-06-12,2025-06-12 19:36:23,online,completed,64.50,0.00,2025-06-13
101014,C-1107,2025-06-12,2025-06-12 16:03:20,online,completed,127.50,0.00,2025-06-13
101015,C-1242,2025-06-13,2025-06-13 20:25:53,store,completed,193.00,0.00,2025-06-13
101016,C-1114,2025-06-13,2025-06-13 17:28:16,store,completed,9.50,0.00,2025-06-13
101017,C-1380,2025-06-13,2025-06-13 17:14:03,store,completed,189.50,0.00,2025-06-13
101018,C-1224,2025-06-14,2025-06-14 10:46:58,store,completed,36.00,0.00,2025-06-14
101019,C-1494,2025-06-14,2025-06-14 20:27:53,store,completed,99.00,0.00,2025-06-14
101020,C-1132,2025-06-14,2025-06-14 13:30:33,store,completed,111.00,0.00,2025-06-14
101021,C-1498,2025-06-14,2025-06-14 22:27:48,store,cancelled,44.50,0.00,
101022,C-1007,2025-06-15,2025-06-15 13:28:49,store,cancelled,95.50,0.00,
101023,C-1358,2025-06-15,2025-06-15 17:32:00,store,completed,36.50,0.00,2025-06-15
101024,C-1152,2025-06-15,2025-06-15 15:30:06,online,completed,125.00,0.00,2025-06-16
101025,C-1343,2025-06-16,2025-06-16 11:28:02,store,completed,43.00,0.00,2025-06-16
101026,C-1045,2025-06-16,2025-06-16 17:32:05,store,completed,124.00,0.00,2025-06-16
101027,C-1080,2025-06-17,2025-06-17 10:45:08,online,completed,127.50,0.00,2025-06-19
101028,C-1267,2025-06-17,2025-06-17 17:29:12,store,completed,38.00,0.00,2025-06-17
101029,C-1379,2025-06-17,2025-06-17 11:52:38,store,completed,43.50,0.00,2025-06-17
101030,C-1420,2025-06-17,2025-06-17 19:42:56,online,cancelled,36.00,2.50,
101031,C-1090,2025-06-17,2025-06-17 11:05:06,store,cancelled,515.00,0.00,
101032,C-1346,2025-06-18,2025-06-18 12:24:05,store,completed,130.50,0.00,2025-06-18
101033,C-1242,2025-06-18,2025-06-18 18:33:29,store,completed,165.00,0.00,2025-06-18
101034,C-1122,2025-06-18,2025-06-18 23:14:55,online,completed,37.50,2.50,2025-06-20
101035,C-1273,2025-06-18,2025-06-18 15:21:55,store,completed,55.00,0.00,2025-06-18
101036,C-1149,2025-06-18,2025-06-18 12:53:55,online,completed,56.50,0.00,2025-06-21
101037,C-1401,2025-06-19,2025-06-19 13:01:49,store,completed,325.00,0.00,2025-06-19
101038,C-1188,2025-06-19,2025-06-19 16:02:46,online,completed,33.00,2.50,2025-06-23
101039,C-1069,2025-06-19,2025-06-19 13:51:28,online,completed,338.00,0.00,2025-06-20
101040,C-1335,2025-06-20,2025-06-20 21:58:56,store,completed,37.50,0.00,2025-06-20
101041,C-1469,2025-06-20,2025-06-20 17:12:50,store,completed,406.50,0.00,2025-06-20
101042,C-1471,2025-06-20,2025-06-20 11:08:33,online,completed,21.50,2.50,2025-06-21
101043,C-1171,2025-06-20,2025-06-20 22:16:20,store,completed,18.00,0.00,2025-06-20
101044,C-1444,2025-06-20,2025-06-20 18:50:59,online,completed,26.00,2.50,2025-06-23
101045,C-1419,2025-06-20,2025-06-20 18:23:44,store,completed,10.50,0.00,2025-06-20
101046,C-1200,2025-06-21,2025-06-21 17:18:38,store,completed,119.50,0.00,2025-06-21
101047,C-1265,2025-06-21,2025-06-21 14:26:16,store,completed,170.00,0.00,2025-06-21
101048,C-1270,2025-06-21,2025-06-21 17:43:51,store,completed,105.50,0.00,2025-06-21
101049,C-1072,2025-06-21,2025-06-21 22:03:05,store,completed,18.00,0.00,2025-06-21
101050,C-1368,2025-06-21,2025-06-21 21:28:35,store,completed,678.50,0.00,2025-06-21
101051,C-1379,2025-06-22,2025-06-22 18:34:49,online,completed,90.50,0.00,2025-06-26
101052,C-1116,2025-06-22,2025-06-22 16:10:51,store,completed,53.00,0.00,2025-06-22
101053,C-1122,2025-06-22,2025-06-22 21:06:06,online,completed,42.00,2.50,2025-06-23
101054,C-1267,2025-06-23,2025-06-23 20:33:37,online,completed,39.00,2.50,2025-06-24
101055,C-1153,2025-06-23,2025-06-23 19:38:05,online,completed,18.50,2.50,2025-06-26
101056,C-1425,2025-06-23,2025-06-23 18:39:38,online,cancelled,79.00,0.00,
101057,C-1188,2025-06-23,2025-06-23 18:33:41,online,completed,36.00,2.50,2025-06-26
101058,C-1278,2025-06-23,2025-06-23 11:52:46,online,completed,168.00,0.00,2025-06-26
101059,C-1383,2025-06-24,2025-06-24 17:38:35,store,cancelled,60.00,0.00,
101060,C-1110,2025-06-24,2025-06-24 15:52:15,store,completed,42.00,0.00,2025-06-24
101061,C-1435,2025-06-24,2025-06-24 23:40:29,online,completed,36.00,2.50,2025-06-27
101062,C-1292,2025-06-24,2025-06-24 16:52:00,online,completed,23.00,2.50,2025-06-26
101063,C-1168,2025-06-25,2025-06-25 22:37:13,store,completed,21.50,0.00,2025-06-25
101064,C-1267,2025-06-25,2025-06-25 16:39:38,online,completed,9.50,2.50,2025-06-26
101065,C-1121,2025-06-25,2025-06-25 20:46:42,store,completed,105.50,0.00,2025-06-25
101066,C-1032,2025-06-26,2025-06-26 12:55:23,store,completed,156.00,0.00,2025-06-26
101067,C-1335,2025-06-26,2025-06-26 12:35:44,store,completed,140.00,0.00,2025-06-26
101068,C-1135,2025-06-27,2025-06-27 22:39:40,store,completed,27.50,0.00,2025-06-27
101069,C-1423,2025-06-27,2025-06-27 18:03:09,store,completed,56.50,0.00,2025-06-27
101070,C-1328,2025-06-27,2025-06-27 12:46:51,store,completed,20.00,0.00,2025-06-27
101071,C-1200,2025-06-27,2025-06-27 22:09:39,online,completed,58.00,0.00,2025-06-29
101072,C-1267,2025-06-28,2025-06-28 11:10:41,online,completed,28.00,2.50,2025-07-01
101073,C-1436,2025-06-28,2025-06-28 21:12:12,online,completed,24.00,2.50,2025-07-01
101074,C-1426,2025-06-28,2025-06-28 20:36:59,store,cancelled,125.00,0.00,
101075,C-1025,2025-06-28,2025-06-28 20:23:16,store,completed,130.50,0.00,2025-06-28
101076,C-1278,2025-06-28,2025-06-28 12:16:47,online,completed,14.00,2.50,2025-07-01
101077,C-1455,2025-06-29,2025-06-29 16:05:11,online,completed,50.00,0.00,2025-07-03
101078,C-1287,2025-06-29,2025-06-29 17:40:32,online,completed,42.00,2.50,2025-06-30
101079,C-1391,2025-06-29,2025-06-29 21:06:51,online,completed,82.00,0.00,2025-06-30
101080,C-1235,2025-06-29,2025-06-29 19:08:43,store,completed,497.50,0.00,2025-06-29
101081,C-1267,2025-06-29,2025-06-29 16:11:37,online,cancelled,30.00,2.50,
101082,C-1245,2025-06-29,2025-06-29 16:49:02,store,completed,172.50,0.00,2025-06-29
101083,C-1379,2025-06-30,2025-06-30 11:45:56,store,completed,67.50,0.00,2025-06-30
101084,C-1096,2025-06-30,2025-06-30 14:13:29,store,completed,66.00,0.00,2025-06-30
101085,C-1267,2025-06-30,2025-06-30 14:59:28,store,completed,22.00,0.00,2025-06-30
101086,C-1334,2025-06-30,2025-06-30 13:10:32,store,completed,840.00,0.00,2025-06-30
101087,C-1335,2025-06-30,2025-06-30 18:33:20,online,completed,12.00,2.50,2025-07-03
101088,C-1355,2025-07-01,2025-07-01 22:18:29,store,completed,119.50,0.00,2025-07-01
101089,C-1408,2025-07-01,2025-07-01 15:56:00,store,completed,131.50,0.00,2025-07-01
101090,C-1167,2025-07-01,2025-07-01 20:29:31,store,completed,107.00,0.00,2025-07-01
101091,C-1160,2025-07-01,2025-07-01 14:57:14,store,completed,23.00,0.00,2025-07-01
101092,C-1209,2025-07-01,2025-07-01 13:36:29,online,completed,86.00,0.00,2025-07-04
101093,C-1102,2025-07-02,2025-07-02 17:49:43,store,completed,44.00,0.00,2025-07-02
101094,C-1052,2025-07-02,2025-07-02 12:10:14,store,completed,119.50,0.00,2025-07-02
101095,C-1270,2025-07-02,2025-07-02 18:32:08,store,completed,55.00,0.00,2025-07-02
101096,C-1267,2025-07-02,2025-07-02 18:19:51,store,completed,21.00,0.00,2025-07-02
101097,C-1016,2025-07-02,2025-07-02 13:27:12,store,completed,99.50,0.00,2025-07-02
101098,C-1265,2025-07-03,2025-07-03 09:32:23,store,completed,163.00,0.00,2025-07-03
101099,C-1455,2025-07-03,2025-07-03 15:41:42,online,completed,18.00,2.50,2025-07-04
101100,C-1263,2025-07-03,2025-07-03 20:41:01,store,cancelled,209.50,0.00,
101101,C-1270,2025-07-03,2025-07-03 14:27:36,store,completed,22.00,0.00,2025-07-03
101102,C-1125,2025-07-03,2025-07-03 15:51:59,store,completed,44.50,0.00,2025-07-03
101103,C-1466,2025-07-04,2025-07-04 15:32:50,store,completed,47.00,0.00,2025-07-04
101104,C-1462,2025-07-04,2025-07-04 14:50:38,online,completed,30.00,2.50,2025-07-07
101105,C-1356,2025-07-04,2025-07-04 19:02:11,online,completed,63.00,0.00,2025-07-06
101106,C-1444,2025-07-04,2025-07-04 20:43:53,online,completed,24.00,2.50,2025-07-07
101107,C-1226,2025-07-05,2025-07-05 14:49:57,store,completed,15.00,0.00,2025-07-05
101108,C-1121,2025-07-05,2025-07-05 17:12:50,store,completed,102.50,0.00,2025-07-05
101109,C-1379,2025-07-05,2025-07-05 17:21:12,store,completed,189.50,0.00,2025-07-05
101110,C-1025,2025-07-06,2025-07-06 19:27:17,online,completed,48.00,2.50,2025-07-07
101111,C-1118,2025-07-06,2025-07-06 09:18:51,store,completed,58.00,0.00,2025-07-06
101112,C-1160,2025-07-07,2025-07-07 09:26:23,online,completed,51.50,0.00,2025-07-11
101113,C-1219,2025-07-07,2025-07-07 16:52:24,store,completed,218.50,0.00,2025-07-07
101114,C-1270,2025-07-07,2025-07-07 17:16:27,online,completed,125.50,0.00,2025-07-09
101115,C-1478,2025-07-08,2025-07-08 19:01:26,online,completed,54.00,0.00,2025-07-10
101116,C-1061,2025-07-08,2025-07-08 14:02:48,online,completed,47.00,2.50,2025-07-11
101117,C-1344,2025-07-09,2025-07-09 10:51:41,store,completed,28.00,0.00,2025-07-09
101118,C-1188,2025-07-09,2025-07-09 21:26:54,online,completed,157.00,0.00,2025-07-11
101119,C-1035,2025-07-09,2025-07-09 14:43:50,store,completed,70.00,0.00,2025-07-09
101120,C-1267,2025-07-10,2025-07-10 14:58:27,online,completed,83.50,0.00,2025-07-11
101121,C-1160,2025-07-10,2025-07-10 17:33:38,store,completed,119.50,0.00,2025-07-10
101122,C-1025,2025-07-10,2025-07-10 16:59:01,online,completed,46.00,2.50,2025-07-12
101123,C-1142,2025-07-10,2025-07-10 17:39:09,store,completed,49.50,0.00,2025-07-10
101124,C-1124,2025-07-11,2025-07-11 15:47:35,online,completed,63.50,0.00,2025-07-15
101125,C-1419,2025-07-11,2025-07-11 12:20:37,store,completed,66.50,0.00,2025-07-11
101126,C-1358,2025-07-11,2025-07-11 19:39:27,store,completed,27.50,0.00,2025-07-11
101127,C-1203,2025-07-11,2025-07-11 18:11:41,store,completed,45.00,0.00,2025-07-11
101128,C-1319,2025-07-11,2025-07-11 17:29:00,store,completed,121.00,0.00,2025-07-11
101129,C-1243,2025-07-11,2025-07-11 17:28:39,store,completed,303.00,0.00,2025-07-11
101130,C-1452,2025-07-12,2025-07-12 10:09:23,store,completed,51.00,0.00,2025-07-12
101131,C-1242,2025-07-12,2025-07-12 18:24:03,store,completed,103.50,0.00,2025-07-12
101132,C-1469,2025-07-12,2025-07-12 19:03:30,online,completed,717.50,0.00,2025-07-14
101133,C-1264,2025-07-12,2025-07-12 18:10:01,online,completed,123.00,0.00,2025-07-15
101134,C-1162,2025-07-12,2025-07-12 14:53:50,store,completed,476.00,0.00,2025-07-12
101135,C-1040,2025-07-12,2025-07-12 19:44:30,store,completed,312.50,0.00,2025-07-12
101136,C-1335,2025-07-12,2025-07-12 14:37:19,online,completed,29.00,2.50,2025-07-16
101137,C-1356,2025-07-12,2025-07-12 19:57:48,online,completed,21.00,2.50,2025-07-14
101138,C-1260,2025-07-13,2025-07-13 14:49:42,store,completed,61.50,0.00,2025-07-13
101139,C-1270,2025-07-13,2025-07-13 18:29:36,online,completed,23.50,2.50,2025-07-15
101140,C-1194,2025-07-14,2025-07-14 17:37:33,store,completed,31.50,0.00,2025-07-14
101141,C-1335,2025-07-14,2025-07-14 18:19:26,online,completed,43.00,2.50,2025-07-15
101142,C-1474,2025-07-14,2025-07-14 13:57:24,store,completed,68.00,0.00,2025-07-14
101143,C-1167,2025-07-15,2025-07-15 20:51:31,store,completed,34.50,0.00,2025-07-15
101144,C-1242,2025-07-15,2025-07-15 11:46:34,online,completed,500.00,0.00,2025-07-19
101145,C-1025,2025-07-15,2025-07-15 17:00:23,online,completed,43.50,2.50,2025-07-16
101146,C-1380,2025-07-15,2025-07-15 20:52:58,online,completed,353.00,0.00,2025-07-19
101147,C-1401,2025-07-15,2025-07-15 15:16:31,store,completed,748.00,0.00,2025-07-15
101148,C-1380,2025-07-16,2025-07-16 11:58:12,store,completed,180.00,0.00,2025-07-16
101149,C-1167,2025-07-16,2025-07-16 15:22:03,store,completed,7.50,0.00,2025-07-16
101150,C-1214,2025-07-16,2025-07-16 14:13:08,store,completed,66.00,0.00,2025-07-16
101151,C-1167,2025-07-17,2025-07-17 18:43:11,store,completed,40.50,0.00,2025-07-17
101152,C-1380,2025-07-17,2025-07-17 13:24:29,online,completed,617.50,0.00,2025-07-18
101153,C-1383,2025-07-17,2025-07-17 14:52:46,store,completed,66.00,0.00,2025-07-17
101154,C-1262,2025-07-17,2025-07-17 17:08:17,store,completed,113.00,0.00,2025-07-17
101155,C-1383,2025-07-18,2025-07-18 13:12:51,store,completed,112.00,0.00,2025-07-18
101156,C-1258,2025-07-18,2025-07-18 16:33:35,online,completed,49.00,2.50,2025-07-21
101157,C-1082,2025-07-18,2025-07-18 15:16:56,store,completed,55.50,0.00,2025-07-18
101158,C-1312,2025-07-19,2025-07-19 20:19:29,store,completed,73.00,0.00,2025-07-19
101159,C-1419,2025-07-19,2025-07-19 14:21:05,online,completed,96.00,0.00,2025-07-20
101160,C-1302,2025-07-20,2025-07-20 20:40:49,store,completed,150.00,0.00,2025-07-20
101161,C-1073,2025-07-20,2025-07-20 16:30:26,store,completed,52.00,0.00,2025-07-20
101162,C-1267,2025-07-20,2025-07-20 12:40:38,store,completed,27.50,0.00,2025-07-20
101163,C-1258,2025-07-21,2025-07-21 18:43:53,store,completed,61.00,0.00,2025-07-21
101164,C-1091,2025-07-21,2025-07-21 09:49:48,store,completed,36.00,0.00,2025-07-21
101165,C-1207,2025-07-21,2025-07-21 12:15:19,store,completed,168.00,0.00,2025-07-21
101166,C-1462,2025-07-22,2025-07-22 19:32:26,online,completed,134.50,0.00,2025-07-24
101167,C-1368,2025-07-22,2025-07-22 23:32:33,store,completed,110.00,0.00,2025-07-22
101168,C-1177,2025-07-22,2025-07-22 16:17:05,store,completed,139.50,0.00,2025-07-22
101169,C-1265,2025-07-22,2025-07-22 17:47:39,store,completed,70.50,0.00,2025-07-22
101170,C-1101,2025-07-22,2025-07-22 14:01:54,store,completed,110.50,0.00,2025-07-22
101171,C-1003,2025-07-22,2025-07-22 21:17:23,store,completed,240.00,0.00,2025-07-22
101172,C-1335,2025-07-23,2025-07-23 13:05:58,store,completed,54.50,0.00,2025-07-23
101173,C-1229,2025-07-23,2025-07-23 11:19:33,online,completed,58.50,0.00,2025-07-24
101174,C-1258,2025-07-24,2025-07-24 21:06:24,store,cancelled,247.50,0.00,
101175,C-1082,2025-07-24,2025-07-24 21:46:20,store,completed,139.00,0.00,2025-07-24
101176,C-1102,2025-07-25,2025-07-25 20:05:30,store,completed,27.50,0.00,2025-07-25
101177,C-1057,2025-07-26,2025-07-26 12:26:46,store,completed,137.50,0.00,2025-07-26
101178,C-1302,2025-07-26,2025-07-26 17:23:28,store,completed,57.50,0.00,2025-07-26
101179,C-1373,2025-07-27,2025-07-27 16:57:13,store,completed,59.00,0.00,2025-07-27
101180,C-1091,2025-07-27,2025-07-27 18:39:44,store,completed,19.50,0.00,2025-07-27
101181,C-1206,2025-07-27,2025-07-27 13:25:19,store,completed,76.50,0.00,2025-07-27
101182,C-1302,2025-07-27,2025-07-27 22:16:45,store,completed,147.00,0.00,2025-07-27
101183,C-1330,2025-07-27,2025-07-27 20:35:28,store,completed,36.00,0.00,2025-07-27
101184,C-1267,2025-07-28,2025-07-28 17:23:49,store,completed,38.00,0.00,2025-07-28
101185,C-1030,2025-07-28,2025-07-28 20:30:45,store,completed,45.00,0.00,2025-07-28
101186,C-1016,2025-07-29,2025-07-29 15:47:28,store,completed,15.50,0.00,2025-07-29
101187,C-1344,2025-07-29,2025-07-29 15:32:21,store,cancelled,12.00,0.00,
101188,C-1419,2025-07-29,2025-07-29 15:20:03,online,completed,57.50,0.00,2025-07-31
101189,C-1032,2025-07-29,2025-07-29 16:02:30,online,completed,21.00,2.50,2025-08-02
101190,C-1065,2025-07-29,2025-07-29 20:57:43,store,completed,69.00,0.00,2025-07-29
101191,C-1029,2025-07-29,2025-07-29 13:25:05,online,completed,45.00,2.50,2025-07-31
101192,C-1441,2025-07-30,2025-07-30 17:55:17,store,completed,48.00,0.00,2025-07-30
101193,C-1091,2025-07-31,2025-07-31 10:48:21,store,cancelled,47.50,0.00,
101194,C-1045,2025-07-31,2025-07-31 20:52:54,store,completed,158.00,0.00,2025-07-31
101195,C-1335,2025-07-31,2025-07-31 16:57:48,store,completed,116.50,0.00,2025-07-31
101196,C-1016,2025-07-31,2025-07-31 12:39:28,store,completed,41.50,0.00,2025-07-31
101197,C-1267,2025-07-31,2025-07-31 17:10:23,online,completed,77.00,0.00,2025-08-02
101198,C-1073,2025-08-01,2025-08-01 10:20:03,online,completed,260.50,0.00,2025-08-03
101199,C-1296,2025-08-01,2025-08-01 19:39:29,store,completed,42.00,0.00,2025-08-01
101200,C-1167,2025-08-01,2025-08-01 20:39:41,store,completed,19.00,0.00,2025-08-01
101201,C-1270,2025-08-01,2025-08-01 11:47:17,store,completed,16.50,0.00,2025-08-01
101202,C-1168,2025-08-01,2025-08-01 17:59:19,store,cancelled,114.00,0.00,
101203,C-1248,2025-08-01,2025-08-01 16:14:01,online,completed,206.50,0.00,2025-08-02
101204,C-1102,2025-08-02,2025-08-02 12:00:00,online,completed,74.50,0.00,2025-08-03
101205,C-1383,2025-08-02,2025-08-02 18:44:29,online,completed,49.50,2.50,2025-08-03
101206,C-1197,2025-08-02,2025-08-02 12:12:32,online,completed,67.50,0.00,2025-08-04
101207,C-1497,2025-08-02,2025-08-02 23:11:07,online,completed,116.50,0.00,2025-08-04
101208,C-1401,2025-08-02,2025-08-02 10:32:58,store,completed,540.00,0.00,2025-08-02
101209,C-1473,2025-08-02,2025-08-02 20:55:26,online,completed,173.00,0.00,2025-08-06
101210,C-1480,2025-08-03,2025-08-03 20:10:27,online,completed,275.00,0.00,2025-08-07
101211,C-1091,2025-08-03,2025-08-03 18:19:04,store,completed,76.00,0.00,2025-08-03
101212,C-1196,2025-08-03,2025-08-03 19:18:50,store,completed,69.50,0.00,2025-08-03
101213,C-1110,2025-08-03,2025-08-03 18:05:02,store,completed,63.50,0.00,2025-08-03
101214,C-1270,2025-08-03,2025-08-03 17:34:43,store,completed,72.50,0.00,2025-08-03
101215,C-1380,2025-08-03,2025-08-03 14:02:28,online,completed,162.00,0.00,2025-08-06
101216,C-1096,2025-08-03,2025-08-03 18:24:43,store,completed,26.00,0.00,2025-08-03
101217,C-1203,2025-08-04,2025-08-04 17:54:15,store,completed,78.00,0.00,2025-08-04
101218,C-1007,2025-08-04,2025-08-04 14:08:34,store,completed,88.50,0.00,2025-08-04
101219,C-1373,2025-08-04,2025-08-04 15:28:50,store,completed,13.50,0.00,2025-08-04
101220,C-1488,2025-08-04,2025-08-04 15:26:05,online,completed,51.50,0.00,2025-08-05
101221,C-1242,2025-08-04,2025-08-04 21:31:39,store,cancelled,241.50,0.00,
101222,C-1117,2025-08-04,2025-08-04 19:45:57,online,completed,66.50,0.00,2025-08-08
101223,C-1080,2025-08-04,2025-08-04 12:56:52,store,completed,122.50,0.00,2025-08-04
101224,C-1335,2025-08-05,2025-08-05 15:00:09,store,completed,77.00,0.00,2025-08-05
101225,C-1038,2025-08-05,2025-08-05 19:55:05,store,completed,58.00,0.00,2025-08-05
101226,C-1032,2025-08-05,2025-08-05 18:58:13,store,completed,79.00,0.00,2025-08-05
101227,C-1455,2025-08-06,2025-08-06 14:00:01,online,completed,158.00,0.00,2025-08-07
101228,C-1227,2025-08-06,2025-08-06 14:17:35,store,completed,64.00,0.00,2025-08-06
101229,C-1361,2025-08-06,2025-08-06 21:15:37,online,completed,105.00,0.00,2025-08-09
101230,C-1343,2025-08-06,2025-08-06 11:33:06,store,completed,220.00,0.00,2025-08-06
101231,C-1486,2025-08-06,2025-08-06 17:53:36,store,completed,542.00,0.00,2025-08-06
101232,C-1455,2025-08-07,2025-08-07 15:35:23,store,completed,59.00,0.00,2025-08-07
101233,C-1022,2025-08-07,2025-08-07 13:46:38,store,completed,67.00,0.00,2025-08-07
101234,C-1095,2025-08-07,2025-08-07 18:29:29,store,cancelled,11.00,0.00,
101235,C-1103,2025-08-08,2025-08-08 16:00:44,online,completed,43.00,2.50,2025-08-09
101236,C-1262,2025-08-08,2025-08-08 15:01:32,store,completed,72.50,0.00,2025-08-08
101237,C-1267,2025-08-08,2025-08-08 15:17:10,online,completed,144.00,0.00,2025-08-12
101238,C-1113,2025-08-08,2025-08-08 23:39:49,online,completed,72.00,0.00,2025-08-11
101239,C-1357,2025-08-08,2025-08-08 11:10:07,store,completed,9.00,0.00,2025-08-08
101240,C-1339,2025-08-09,2025-08-09 19:41:15,store,completed,10.00,0.00,2025-08-09
101241,C-1233,2025-08-09,2025-08-09 11:48:36,store,completed,101.00,0.00,2025-08-09
101242,C-1167,2025-08-09,2025-08-09 10:01:05,store,cancelled,19.50,0.00,
101243,C-1045,2025-08-10,2025-08-10 16:56:00,store,cancelled,56.50,0.00,
101244,C-1335,2025-08-10,2025-08-10 10:01:09,store,completed,58.50,0.00,2025-08-10
101245,C-1185,2025-08-10,2025-08-10 10:17:00,store,completed,65.50,0.00,2025-08-10
101246,C-1043,2025-08-10,2025-08-10 15:00:35,online,completed,294.50,0.00,2025-08-11
101247,C-1379,2025-08-10,2025-08-10 16:54:24,store,completed,46.50,0.00,2025-08-10
101248,C-1316,2025-08-11,2025-08-11 19:14:45,store,completed,252.00,0.00,2025-08-11
101249,C-1360,2025-08-11,2025-08-11 18:02:49,online,completed,109.00,0.00,2025-08-15
101250,C-1091,2025-08-11,2025-08-11 22:37:49,store,completed,118.00,0.00,2025-08-11
101251,C-1380,2025-08-12,2025-08-12 19:00:36,online,completed,459.00,0.00,2025-08-16
101252,C-1043,2025-08-12,2025-08-12 13:53:00,store,completed,84.50,0.00,2025-08-12
101253,C-1335,2025-08-12,2025-08-12 13:08:11,online,cancelled,22.50,2.50,
101254,C-1200,2025-08-13,2025-08-13 17:04:03,store,completed,7.50,0.00,2025-08-13
101255,C-1118,2025-08-13,2025-08-13 23:38:05,online,completed,44.50,2.50,2025-08-17
101256,C-1077,2025-08-13,2025-08-13 13:18:41,store,completed,46.00,0.00,2025-08-13
101257,C-1302,2025-08-13,2025-08-13 15:10:23,store,completed,69.50,0.00,2025-08-13
101258,C-1091,2025-08-13,2025-08-13 20:37:18,online,completed,225.00,0.00,2025-08-16
101259,C-1245,2025-08-13,2025-08-13 11:22:54,online,completed,69.00,0.00,2025-08-17
101260,C-1083,2025-08-14,2025-08-14 10:12:25,store,completed,63.50,0.00,2025-08-14
101261,C-1047,2025-08-14,2025-08-14 13:05:04,store,completed,48.00,0.00,2025-08-14
101262,C-1270,2025-08-14,2025-08-14 20:45:38,online,completed,158.00,0.00,2025-08-15
101263,C-1258,2025-08-14,2025-08-14 13:39:36,store,completed,192.00,0.00,2025-08-14
101264,C-1071,2025-08-15,2025-08-15 16:28:06,online,cancelled,68.50,0.00,
101265,C-1419,2025-08-15,2025-08-15 14:57:40,online,completed,39.00,2.50,2025-08-16
101266,C-1450,2025-08-15,2025-08-15 17:13:58,online,completed,161.00,0.00,2025-08-19
101267,C-1382,2025-08-15,2025-08-15 21:17:02,store,completed,59.50,0.00,2025-08-15
101268,C-1267,2025-08-16,2025-08-16 13:48:58,store,completed,83.00,0.00,2025-08-16
101269,C-1270,2025-08-16,2025-08-16 14:31:58,online,cancelled,34.00,2.50,
101270,C-1030,2025-08-16,2025-08-16 17:57:42,online,completed,86.50,0.00,2025-08-18
101271,C-1142,2025-08-16,2025-08-16 15:32:20,store,completed,18.00,0.00,2025-08-16
101272,C-1096,2025-08-16,2025-08-16 20:13:21,online,completed,60.00,0.00,2025-08-19
101273,C-1265,2025-08-16,2025-08-16 11:36:34,store,completed,8.50,0.00,2025-08-16
101274,C-1469,2025-08-17,2025-08-17 16:00:25,online,completed,22.50,2.50,2025-08-19
101275,C-1478,2025-08-17,2025-08-17 13:43:22,store,cancelled,50.00,0.00,
101276,C-1354,2025-08-17,2025-08-17 14:36:51,store,completed,85.00,0.00,2025-08-17
101277,C-1335,2025-08-17,2025-08-17 14:47:05,store,completed,123.00,0.00,2025-08-17
101278,C-1237,2025-08-18,2025-08-18 14:31:46,store,completed,180.00,0.00,2025-08-18
101279,C-1265,2025-08-18,2025-08-18 22:13:51,online,completed,109.50,0.00,2025-08-19
101280,C-1446,2025-08-18,2025-08-18 18:20:49,store,completed,5.00,0.00,2025-08-18
101281,C-1135,2025-08-19,2025-08-19 19:29:07,store,completed,43.00,0.00,2025-08-19
101282,C-1010,2025-08-19,2025-08-19 13:33:00,online,cancelled,26.00,2.50,
101283,C-1050,2025-08-19,2025-08-19 12:57:27,store,completed,5.50,0.00,2025-08-19
101284,C-1267,2025-08-19,2025-08-19 23:08:52,store,completed,34.50,0.00,2025-08-19
101285,C-1025,2025-08-20,2025-08-20 21:17:36,store,completed,74.50,0.00,2025-08-20
101286,C-1166,2025-08-20,2025-08-20 10:10:06,store,completed,30.50,0.00,2025-08-20
101287,C-1469,2025-08-20,2025-08-20 22:49:20,store,completed,96.50,0.00,2025-08-20
101288,C-1242,2025-08-21,2025-08-21 19:11:24,store,completed,31.50,0.00,2025-08-21
101289,C-1286,2025-08-21,2025-08-21 13:01:08,store,completed,105.00,0.00,2025-08-21
101290,C-1226,2025-08-21,2025-08-21 16:22:25,online,completed,179.00,0.00,2025-08-25
101291,C-1444,2025-08-21,2025-08-21 21:46:41,store,completed,39.00,0.00,2025-08-21
101292,C-1063,2025-08-22,2025-08-22 10:33:57,store,completed,16.50,0.00,2025-08-22
101293,C-1071,2025-08-22,2025-08-22 16:11:05,store,completed,62.00,0.00,2025-08-22
101294,C-1181,2025-08-23,2025-08-23 19:58:13,store,completed,33.00,0.00,2025-08-23
101295,C-1379,2025-08-23,2025-08-23 16:28:33,store,completed,31.50,0.00,2025-08-23
101296,C-1270,2025-08-23,2025-08-23 15:50:44,store,completed,141.50,0.00,2025-08-23
101297,C-1132,2025-08-23,2025-08-23 18:31:44,online,cancelled,179.00,0.00,
101298,C-1032,2025-08-23,2025-08-23 18:33:25,online,completed,86.50,0.00,2025-08-27
101299,C-1267,2025-08-23,2025-08-23 12:13:08,store,completed,18.00,0.00,2025-08-23
101300,C-1203,2025-08-23,2025-08-23 16:37:36,store,completed,158.50,0.00,2025-08-23
101301,C-1204,2025-08-23,2025-08-23 19:09:39,store,completed,38.50,0.00,2025-08-23
101302,C-1382,2025-08-23,2025-08-23 18:18:50,store,cancelled,5.50,0.00,
101303,C-1230,2025-08-24,2025-08-24 17:09:05,online,completed,9.00,2.50,2025-08-27
101304,C-1152,2025-08-24,2025-08-24 18:33:53,online,completed,148.00,0.00,2025-08-28
101305,C-1135,2025-08-24,2025-08-24 20:19:50,store,completed,32.00,0.00,2025-08-24
101306,C-1439,2025-08-24,2025-08-24 21:29:12,store,completed,8.50,0.00,2025-08-24
101307,C-1267,2025-08-24,2025-08-24 16:43:24,online,completed,123.00,0.00,2025-08-26
101308,C-1107,2025-08-25,2025-08-25 17:54:25,store,completed,105.50,0.00,2025-08-25
101309,C-1236,2025-08-25,2025-08-25 13:10:48,store,cancelled,15.00,0.00,
101310,C-1463,2025-08-25,2025-08-25 15:21:16,store,completed,46.00,0.00,2025-08-25
101311,C-1380,2025-08-26,2025-08-26 16:08:12,store,completed,66.00,0.00,2025-08-26
101312,C-1044,2025-08-26,2025-08-26 13:04:38,store,completed,82.00,0.00,2025-08-26
101313,C-1200,2025-08-26,2025-08-26 18:41:32,online,completed,63.50,0.00,2025-08-27
101314,C-1071,2025-08-26,2025-08-26 18:48:52,store,completed,5.50,0.00,2025-08-26
101315,C-1068,2025-08-27,2025-08-27 15:55:44,online,completed,14.00,2.50,2025-08-28
101316,C-1380,2025-08-27,2025-08-27 16:03:42,online,completed,1320.00,0.00,2025-08-29
101317,C-1044,2025-08-28,2025-08-28 15:14:38,store,completed,36.00,0.00,2025-08-28
101318,C-1044,2025-08-28,2025-08-28 16:48:13,online,completed,91.50,0.00,2025-09-01
101319,C-1008,2025-08-28,2025-08-28 18:36:07,store,completed,520.00,0.00,2025-08-28
101320,C-1383,2025-08-28,2025-08-28 23:37:03,online,completed,35.50,2.50,2025-09-01
101321,C-1200,2025-08-28,2025-08-28 17:17:21,online,completed,44.00,2.50,2025-09-01
101322,C-1032,2025-08-28,2025-08-28 13:11:21,store,completed,33.50,0.00,2025-08-28
101323,C-1009,2025-08-28,2025-08-28 17:59:00,store,completed,98.00,0.00,2025-08-28
101324,C-1022,2025-08-29,2025-08-29 20:53:10,store,completed,10.50,0.00,2025-08-29
101325,C-1154,2025-08-29,2025-08-29 18:00:54,store,completed,48.00,0.00,2025-08-29
101326,C-1278,2025-08-29,2025-08-29 16:58:29,online,completed,105.00,0.00,2025-08-30
101327,C-1435,2025-08-29,2025-08-29 11:26:46,store,completed,58.00,0.00,2025-08-29
101328,C-1148,2025-08-30,2025-08-30 19:51:07,online,completed,18.00,2.50,2025-09-03
101329,C-1470,2025-08-30,2025-08-30 15:08:03,store,completed,118.00,0.00,2025-08-30
101330,C-1464,2025-08-30,2025-08-30 12:41:17,store,completed,125.00,0.00,2025-08-30
101331,C-1446,2025-08-30,2025-08-30 10:33:57,online,cancelled,168.00,0.00,
101332,C-1135,2025-08-30,2025-08-30 14:34:28,store,completed,15.00,0.00,2025-08-30
101333,C-1379,2025-08-30,2025-08-30 12:30:27,online,completed,127.00,0.00,2025-09-03
101334,C-1073,2025-08-31,2025-08-31 19:29:12,online,completed,79.00,0.00,2025-09-01
101335,C-1094,2025-08-31,2025-08-31 17:57:17,store,completed,62.50,0.00,2025-08-31
101336,C-1068,2025-08-31,2025-08-31 11:12:09,store,completed,114.00,0.00,2025-08-31
101337,C-1265,2025-08-31,2025-08-31 19:35:17,online,cancelled,60.00,0.00,
101338,C-1432,2025-08-31,2025-08-31 12:40:19,store,completed,27.00,0.00,2025-08-31
101339,C-1359,2025-09-01,2025-09-01 10:05:07,online,completed,42.00,2.50,2025-09-05
101340,C-1064,2025-09-01,2025-09-01 11:50:59,store,completed,30.00,0.00,2025-09-01
101341,C-1445,2025-09-01,2025-09-01 16:36:12,store,cancelled,25.00,0.00,
101342,C-1440,2025-09-01,2025-09-01 19:19:08,store,cancelled,125.00,0.00,
101343,C-1030,2025-09-01,2025-09-01 17:21:58,store,completed,43.50,0.00,2025-09-01
101344,C-1468,2025-09-01,2025-09-01 18:03:48,store,completed,45.00,0.00,2025-09-01
101345,C-1080,2025-09-01,2025-09-01 17:15:43,online,completed,36.00,2.50,2025-09-03
101346,C-1358,2025-09-01,2025-09-01 15:01:53,store,completed,20.00,0.00,2025-09-01
101347,C-1034,2025-09-02,2025-09-02 11:39:00,online,completed,78.00,0.00,2025-09-06
101348,C-1471,2025-09-02,2025-09-02 21:06:06,store,completed,17.00,0.00,2025-09-02
101349,C-1212,2025-09-02,2025-09-02 20:52:40,store,completed,41.00,0.00,2025-09-02
101350,C-1270,2025-09-02,2025-09-02 17:09:50,store,completed,84.00,0.00,2025-09-02
101351,C-1073,2025-09-02,2025-09-02 11:16:29,online,completed,27.50,2.50,2025-09-04
101352,C-1335,2025-09-03,2025-09-03 15:13:21,online,completed,94.00,0.00,2025-09-06
101353,C-1003,2025-09-03,2025-09-03 19:11:55,store,completed,355.50,0.00,2025-09-03
101354,C-1335,2025-09-03,2025-09-03 18:30:05,online,completed,126.00,0.00,2025-09-04
101355,C-1203,2025-09-03,2025-09-03 09:56:00,store,completed,51.00,0.00,2025-09-03
101356,C-1270,2025-09-03,2025-09-03 20:17:22,online,completed,112.00,0.00,2025-09-04
101357,C-1147,2025-09-04,2025-09-04 20:50:09,store,completed,52.00,0.00,2025-09-04
101358,C-1177,2025-09-04,2025-09-04 11:03:04,online,completed,29.00,2.50,2025-09-06
101359,C-1270,2025-09-04,2025-09-04 14:22:20,store,completed,42.50,0.00,2025-09-04
101360,C-1446,2025-09-05,2025-09-05 13:02:35,store,completed,32.00,0.00,2025-09-05
101361,C-1198,2025-09-05,2025-09-05 18:07:43,store,completed,112.00,0.00,2025-09-05
101362,C-1329,2025-09-05,2025-09-05 18:37:40,store,completed,50.00,0.00,2025-09-05
101363,C-1201,2025-09-05,2025-09-05 16:47:59,online,cancelled,33.50,2.50,
101364,C-1102,2025-09-05,2025-09-05 17:03:17,store,completed,70.00,0.00,2025-09-05
101365,C-1057,2025-09-05,2025-09-05 20:59:52,store,completed,178.00,0.00,2025-09-05
101366,C-1135,2025-09-06,2025-09-06 20:28:08,store,completed,92.00,0.00,2025-09-06
101367,C-1270,2025-09-06,2025-09-06 17:15:34,store,completed,54.00,0.00,2025-09-06
101368,C-1444,2025-09-06,2025-09-06 15:43:39,store,completed,24.50,0.00,2025-09-06
101369,C-1485,2025-09-06,2025-09-06 11:45:09,store,completed,114.50,0.00,2025-09-06
101370,C-1270,2025-09-06,2025-09-06 18:22:49,online,completed,115.50,0.00,2025-09-07
101371,C-1070,2025-09-06,2025-09-06 16:47:15,store,completed,34.50,0.00,2025-09-06
101372,C-1198,2025-09-07,2025-09-07 15:11:56,online,completed,95.50,0.00,2025-09-10
101373,C-1335,2025-09-07,2025-09-07 11:33:55,online,completed,101.50,0.00,2025-09-11
101374,C-1102,2025-09-07,2025-09-07 13:08:22,store,completed,90.50,0.00,2025-09-07
101375,C-1223,2025-09-07,2025-09-07 16:03:17,online,completed,340.00,0.00,2025-09-10
101376,C-1395,2025-09-07,2025-09-07 11:31:28,store,completed,54.00,0.00,2025-09-07
101377,C-1307,2025-09-08,2025-09-08 13:00:25,online,completed,882.00,0.00,2025-09-10
101378,C-1007,2025-09-08,2025-09-08 16:14:12,store,completed,52.00,0.00,2025-09-08
101379,C-1193,2025-09-08,2025-09-08 14:33:43,store,completed,235.00,0.00,2025-09-08
101380,C-1401,2025-09-08,2025-09-08 18:41:37,store,completed,375.00,0.00,2025-09-08
101381,C-1367,2025-09-09,2025-09-09 20:15:55,online,completed,124.50,0.00,2025-09-10
101382,C-1471,2025-09-09,2025-09-09 21:50:41,store,completed,18.00,0.00,2025-09-09
101383,C-1380,2025-09-09,2025-09-09 19:30:27,online,completed,247.00,0.00,2025-09-12
101384,C-1007,2025-09-09,2025-09-09 23:46:11,online,completed,9.50,2.50,2025-09-10
101385,C-1382,2025-09-09,2025-09-09 17:23:36,store,completed,37.00,0.00,2025-09-09
101386,C-1267,2025-09-10,2025-09-10 13:53:14,store,completed,96.00,0.00,2025-09-10
101387,C-1428,2025-09-10,2025-09-10 17:07:22,online,completed,108.50,0.00,2025-09-12
101388,C-1148,2025-09-10,2025-09-10 12:02:05,store,completed,115.00,0.00,2025-09-10
101389,C-1267,2025-09-10,2025-09-10 11:47:22,store,completed,19.50,0.00,2025-09-10
101390,C-1401,2025-09-10,2025-09-10 13:03:32,store,completed,306.50,0.00,2025-09-10
101391,C-1465,2025-09-10,2025-09-10 17:20:06,store,completed,96.00,0.00,2025-09-10
101392,C-1136,2025-09-10,2025-09-10 15:26:31,online,completed,324.50,0.00,2025-09-11
101393,C-1486,2025-09-11,2025-09-11 13:14:43,store,completed,860.00,0.00,2025-09-11
101394,C-1394,2025-09-11,2025-09-11 22:59:05,store,completed,77.00,0.00,2025-09-11
101395,C-1019,2025-09-11,2025-09-11 19:52:21,online,completed,16.00,2.50,2025-09-15
101396,C-1267,2025-09-11,2025-09-11 19:17:34,store,completed,76.00,0.00,2025-09-11
101397,C-1236,2025-09-11,2025-09-11 16:47:48,store,completed,72.00,0.00,2025-09-11
101398,C-1270,2025-09-11,2025-09-11 18:14:02,online,completed,33.50,2.50,2025-09-15
101399,C-1473,2025-09-11,2025-09-11 12:39:58,store,completed,51.00,0.00,2025-09-11
101400,C-1092,2025-09-11,2025-09-11 16:10:45,store,completed,144.00,0.00,2025-09-11
101401,C-1126,2025-09-11,2025-09-11 17:39:31,store,completed,19.50,0.00,2025-09-11
101402,C-1315,2025-09-11,2025-09-11 19:41:48,online,completed,26.00,2.50,2025-09-13
101403,C-1313,2025-09-11,2025-09-11 21:06:35,store,cancelled,9.50,0.00,
101404,C-1148,2025-09-12,2025-09-12 18:28:23,store,completed,66.00,0.00,2025-09-12
101405,C-1073,2025-09-12,2025-09-12 16:15:41,store,completed,48.00,0.00,2025-09-12
101406,C-1015,2025-09-12,2025-09-12 17:15:32,store,completed,11.00,0.00,2025-09-12
101407,C-1383,2025-09-12,2025-09-12 20:45:15,store,completed,80.00,0.00,2025-09-12
101408,C-1105,2025-09-12,2025-09-12 15:15:32,online,completed,16.50,2.50,2025-09-13
101409,C-1270,2025-09-12,2025-09-12 17:29:29,store,completed,82.00,0.00,2025-09-12
101410,C-1258,2025-09-13,2025-09-13 17:52:33,store,completed,74.00,0.00,2025-09-13
101411,C-1401,2025-09-13,2025-09-13 23:01:41,store,completed,63.00,0.00,2025-09-13
101412,C-1008,2025-09-13,2025-09-13 19:24:24,store,completed,50.00,0.00,2025-09-13
101413,C-1135,2025-09-13,2025-09-13 12:53:25,store,completed,8.00,0.00,2025-09-13
101414,C-1354,2025-09-13,2025-09-13 21:12:08,online,completed,78.50,0.00,2025-09-16
101415,C-1322,2025-09-13,2025-09-13 13:07:03,store,completed,25.00,0.00,2025-09-13
101416,C-1007,2025-09-14,2025-09-14 16:17:09,store,completed,82.00,0.00,2025-09-14
101417,C-1379,2025-09-14,2025-09-14 22:52:29,online,completed,16.50,2.50,2025-09-18
101418,C-1136,2025-09-14,2025-09-14 16:49:26,store,completed,240.00,0.00,2025-09-14
101419,C-1085,2025-09-14,2025-09-14 16:52:21,store,completed,435.00,0.00,2025-09-14
101420,C-1242,2025-09-14,2025-09-14 10:03:38,store,completed,375.50,0.00,2025-09-14
101421,C-1265,2025-09-14,2025-09-14 15:42:52,store,completed,89.00,0.00,2025-09-14
101422,C-1380,2025-09-14,2025-09-14 12:29:24,store,completed,80.50,0.00,2025-09-14
101423,C-1380,2025-09-14,2025-09-14 19:58:43,store,completed,90.00,0.00,2025-09-14
101424,C-1007,2025-09-15,2025-09-15 15:09:57,store,completed,47.00,0.00,2025-09-15
101425,C-1444,2025-09-15,2025-09-15 16:54:19,store,completed,178.00,0.00,2025-09-15
101426,C-1122,2025-09-15,2025-09-15 16:27:20,store,completed,60.50,0.00,2025-09-15
101427,C-1030,2025-09-16,2025-09-16 16:54:58,store,completed,65.00,0.00,2025-09-16
101428,C-1112,2025-09-16,2025-09-16 14:21:59,store,completed,23.00,0.00,2025-09-16
101429,C-1098,2025-09-16,2025-09-16 12:44:40,store,completed,17.50,0.00,2025-09-16
101430,C-1432,2025-09-16,2025-09-16 11:17:55,online,completed,45.50,2.50,2025-09-19
101431,C-1335,2025-09-16,2025-09-16 14:03:45,store,completed,36.00,0.00,2025-09-16
101432,C-1269,2025-09-16,2025-09-16 13:38:34,online,cancelled,83.50,0.00,
101433,C-1135,2025-09-16,2025-09-16 13:04:48,store,completed,114.00,0.00,2025-09-16
101434,C-1335,2025-09-17,2025-09-17 20:17:31,store,completed,38.50,0.00,2025-09-17
101435,C-1322,2025-09-17,2025-09-17 21:32:32,store,completed,158.00,0.00,2025-09-17
101436,C-1469,2025-09-17,2025-09-17 14:42:40,store,completed,512.50,0.00,2025-09-17
101437,C-1193,2025-09-17,2025-09-17 17:42:09,store,completed,89.00,0.00,2025-09-17
101438,C-1167,2025-09-17,2025-09-17 15:45:25,online,completed,61.00,0.00,2025-09-21
101439,C-1379,2025-09-17,2025-09-17 17:18:33,online,completed,45.50,2.50,2025-09-19
101440,C-1335,2025-09-18,2025-09-18 09:09:20,online,completed,153.50,0.00,2025-09-20
101441,C-1160,2025-09-18,2025-09-18 15:26:40,online,completed,52.50,0.00,2025-09-22
101442,C-1359,2025-09-18,2025-09-18 17:26:47,store,completed,41.50,0.00,2025-09-18
101443,C-1175,2025-09-18,2025-09-18 13:01:55,online,completed,54.00,0.00,2025-09-22
101444,C-1270,2025-09-18,2025-09-18 12:47:16,online,completed,30.50,2.50,2025-09-22
101445,C-1090,2025-09-18,2025-09-18 16:03:28,online,completed,55.00,0.00,2025-09-20
101446,C-1135,2025-09-19,2025-09-19 12:05:12,store,completed,111.00,0.00,2025-09-19
101447,C-1016,2025-09-19,2025-09-19 12:16:34,store,completed,18.00,0.00,2025-09-19
101448,C-1380,2025-09-19,2025-09-19 15:47:57,online,completed,670.00,0.00,2025-09-22
101449,C-1312,2025-09-19,2025-09-19 15:15:59,online,completed,55.00,0.00,2025-09-23
101450,C-1411,2025-09-19,2025-09-19 10:15:22,store,completed,336.00,0.00,2025-09-19
101451,C-1135,2025-09-19,2025-09-19 14:54:57,store,cancelled,53.00,0.00,
101452,C-1455,2025-09-19,2025-09-19 17:02:03,store,completed,129.00,0.00,2025-09-19
101453,C-1278,2025-09-19,2025-09-19 15:11:32,store,completed,34.00,0.00,2025-09-19
101454,C-1045,2025-09-20,2025-09-20 13:57:35,store,completed,115.50,0.00,2025-09-20
101455,C-1382,2025-09-20,2025-09-20 11:44:35,store,completed,108.50,0.00,2025-09-20
101456,C-1160,2025-09-20,2025-09-20 23:44:56,online,completed,28.50,2.50,2025-09-23
101457,C-1160,2025-09-20,2025-09-20 12:16:50,store,completed,189.00,0.00,2025-09-20
101458,C-1303,2025-09-21,2025-09-21 09:33:35,store,completed,840.00,0.00,2025-09-21
101459,C-1190,2025-09-21,2025-09-21 20:18:40,store,completed,48.00,0.00,2025-09-21
101460,C-1102,2025-09-21,2025-09-21 13:00:10,store,completed,29.00,0.00,2025-09-21
101461,C-1340,2025-09-21,2025-09-21 15:23:42,online,completed,15.00,2.50,2025-09-23
101462,C-1114,2025-09-21,2025-09-21 16:07:56,online,completed,178.50,0.00,2025-09-24
101463,C-1242,2025-09-21,2025-09-21 16:24:35,store,completed,432.50,0.00,2025-09-21
101464,C-1310,2025-09-21,2025-09-21 15:15:40,store,completed,100.00,0.00,2025-09-21
101465,C-1379,2025-09-21,2025-09-21 11:18:47,online,completed,129.00,0.00,2025-09-24
101466,C-1262,2025-09-21,2025-09-21 23:58:01,store,completed,60.50,0.00,2025-09-21
101467,C-1242,2025-09-22,2025-09-22 16:22:15,store,completed,393.50,0.00,2025-09-22
101468,C-1102,2025-09-22,2025-09-22 17:16:21,store,completed,8.50,0.00,2025-09-22
101469,C-1270,2025-09-22,2025-09-22 17:31:00,store,completed,18.00,0.00,2025-09-22
101470,C-1379,2025-09-23,2025-09-23 10:35:27,store,completed,66.00,0.00,2025-09-23
101471,C-1270,2025-09-24,2025-09-24 21:50:32,online,completed,19.00,2.50,2025-09-25
101472,C-1091,2025-09-24,2025-09-24 19:58:10,store,completed,12.50,0.00,2025-09-24
101473,C-1007,2025-09-24,2025-09-24 16:20:17,store,completed,31.50,0.00,2025-09-24
101474,C-1034,2025-09-24,2025-09-24 12:37:37,store,completed,60.00,0.00,2025-09-24
101475,C-1102,2025-09-24,2025-09-24 18:50:56,store,completed,82.50,0.00,2025-09-24
101476,C-1137,2025-09-24,2025-09-24 19:40:21,store,completed,58.00,0.00,2025-09-24
101477,C-1382,2025-09-24,2025-09-24 15:50:23,store,completed,34.50,0.00,2025-09-24
101478,C-1312,2025-09-24,2025-09-24 11:11:26,store,completed,49.50,0.00,2025-09-24
101479,C-1215,2025-09-24,2025-09-24 12:51:13,store,completed,116.00,0.00,2025-09-24
101480,C-1318,2025-09-24,2025-09-24 15:21:56,store,completed,17.00,0.00,2025-09-24
101481,C-1377,2025-09-25,2025-09-25 20:16:08,store,completed,280.00,0.00,2025-09-25
101482,C-1070,2025-09-25,2025-09-25 14:31:55,store,completed,35.00,0.00,2025-09-25
101483,C-1263,2025-09-25,2025-09-25 19:49:15,store,completed,93.50,0.00,2025-09-25
101484,C-1300,2025-09-26,2025-09-26 21:48:59,store,completed,90.50,0.00,2025-09-26
101485,C-1363,2025-09-26,2025-09-26 11:47:02,store,completed,154.00,0.00,2025-09-26
101486,C-1245,2025-09-26,2025-09-26 18:04:34,online,completed,265.00,0.00,2025-09-30
101487,C-1390,2025-09-26,2025-09-26 20:38:03,online,completed,16.50,2.50,2025-09-28
101488,C-1444,2025-09-26,2025-09-26 14:16:35,store,completed,42.00,0.00,2025-09-26
101489,C-1240,2025-09-26,2025-09-26 16:40:29,online,completed,38.00,2.50,2025-09-27
101490,C-1077,2025-09-27,2025-09-27 13:21:21,store,completed,119.00,0.00,2025-09-27
101491,C-1073,2025-09-27,2025-09-27 18:18:19,online,completed,75.00,0.00,2025-10-01
101492,C-1004,2025-09-27,2025-09-27 16:49:39,store,completed,36.00,0.00,2025-09-27
101493,C-1160,2025-09-27,2025-09-27 14:38:48,store,completed,86.00,0.00,2025-09-27
101494,C-1160,2025-09-28,2025-09-28 13:16:03,online,completed,23.50,2.50,2025-10-01
101495,C-1183,2025-09-29,2025-09-29 19:25:09,online,completed,13.00,2.50,2025-10-03
101496,C-1396,2025-09-29,2025-09-29 10:37:53,online,completed,40.50,2.50,2025-09-30
101497,C-1267,2025-09-29,2025-09-29 20:54:08,online,completed,21.00,2.50,2025-10-02
101498,C-1175,2025-09-29,2025-09-29 13:29:57,store,completed,24.00,0.00,2025-09-29
101499,C-1379,2025-09-29,2025-09-29 17:03:53,online,completed,95.50,0.00,2025-09-30
101500,C-1167,2025-09-29,2025-09-29 12:40:12,store,completed,38.50,0.00,2025-09-29
101501,C-1358,2025-09-30,2025-09-30 15:35:17,store,cancelled,107.50,0.00,
101502,C-1383,2025-09-30,2025-09-30 17:41:13,online,completed,42.50,2.50,2025-10-03
101503,C-1406,2025-09-30,2025-09-30 15:27:41,store,completed,55.50,0.00,2025-09-30
101504,C-1257,2025-10-01,2025-10-01 18:29:16,store,completed,101.50,0.00,2025-10-01
101505,C-1189,2025-10-01,2025-10-01 14:20:25,store,completed,72.50,0.00,2025-10-01
101506,C-1383,2025-10-01,2025-10-01 11:19:30,store,completed,28.50,0.00,2025-10-01
101507,C-1487,2025-10-01,2025-10-01 10:54:56,store,completed,44.00,0.00,2025-10-01
101508,C-1120,2025-10-01,2025-10-01 16:20:23,store,completed,28.50,0.00,2025-10-01
101509,C-1302,2025-10-01,2025-10-01 10:49:53,store,completed,13.50,0.00,2025-10-01
101510,C-1462,2025-10-01,2025-10-01 13:22:20,store,completed,14.50,0.00,2025-10-01
101511,C-1158,2025-10-02,2025-10-02 16:05:30,store,completed,93.50,0.00,2025-10-02
101512,C-1444,2025-10-02,2025-10-02 19:31:41,online,completed,169.50,0.00,2025-10-04
101513,C-1450,2025-10-02,2025-10-02 16:20:36,online,completed,102.00,0.00,2025-10-06
101514,C-1426,2025-10-03,2025-10-03 11:24:06,online,completed,342.50,0.00,2025-10-06
101515,C-1444,2025-10-04,2025-10-04 20:12:25,store,cancelled,39.50,0.00,
101516,C-1335,2025-10-04,2025-10-04 20:10:27,store,completed,101.00,0.00,2025-10-04
101517,C-1142,2025-10-04,2025-10-04 19:33:25,online,completed,17.00,2.50,2025-10-05
101518,C-1425,2025-10-04,2025-10-04 18:35:46,store,completed,82.50,0.00,2025-10-04
101519,C-1203,2025-10-05,2025-10-05 16:50:13,store,completed,59.00,0.00,2025-10-05
101520,C-1168,2025-10-05,2025-10-05 15:04:00,store,completed,19.50,0.00,2025-10-05
101521,C-1380,2025-10-05,2025-10-05 18:47:44,store,completed,647.00,0.00,2025-10-05
101522,C-1116,2025-10-05,2025-10-05 17:25:07,online,completed,38.00,2.50,2025-10-09
101523,C-1080,2025-10-05,2025-10-05 17:51:47,online,completed,5.00,2.50,2025-10-09
101524,C-1175,2025-10-06,2025-10-06 20:02:32,online,completed,104.00,0.00,2025-10-07
101525,C-1161,2025-10-06,2025-10-06 11:27:13,store,completed,70.00,0.00,2025-10-06
101526,C-1482,2025-10-07,2025-10-07 16:34:51,store,completed,61.00,0.00,2025-10-07
101527,C-1348,2025-10-07,2025-10-07 16:50:40,online,completed,36.00,2.50,2025-10-08
101528,C-1419,2025-10-07,2025-10-07 19:54:49,online,completed,61.50,0.00,2025-10-09
101529,C-1238,2025-10-07,2025-10-07 23:50:47,online,completed,34.00,2.50,2025-10-09
101530,C-1122,2025-10-07,2025-10-07 23:50:34,store,completed,96.00,0.00,2025-10-07
101531,C-1160,2025-10-08,2025-10-08 15:25:51,store,completed,21.00,0.00,2025-10-08
101532,C-1193,2025-10-08,2025-10-08 19:11:18,online,completed,56.50,0.00,2025-10-11
101533,C-1444,2025-10-11,2025-10-11 09:20:41,online,completed,84.50,0.00,2025-10-13
101534,C-1188,2025-10-11,2025-10-11 13:54:32,online,completed,23.50,2.50,2025-10-13
101535,C-1007,2025-10-12,2025-10-12 16:45:36,store,completed,36.00,0.00,2025-10-12
101536,C-1073,2025-10-12,2025-10-12 22:09:29,store,completed,55.50,0.00,2025-10-12
101537,C-1267,2025-10-12,2025-10-12 17:37:26,store,completed,49.50,0.00,2025-10-12
101538,C-1477,2025-10-13,2025-10-13 13:35:36,store,completed,98.00,0.00,2025-10-13
101539,C-1381,2025-10-13,2025-10-13 14:00:38,online,completed,66.00,0.00,2025-10-14
101540,C-1270,2025-10-13,2025-10-13 15:12:07,store,completed,29.50,0.00,2025-10-13
101541,C-1361,2025-10-14,2025-10-14 18:17:51,online,completed,12.00,2.50,2025-10-15
101542,C-1086,2025-10-14,2025-10-14 19:04:46,store,completed,176.00,0.00,2025-10-14
101543,C-1471,2025-10-14,2025-10-14 12:48:05,store,completed,46.00,0.00,2025-10-14
101544,C-1358,2025-10-15,2025-10-15 17:59:16,online,completed,23.00,2.50,2025-10-18
101545,C-1050,2025-10-15,2025-10-15 20:09:56,store,completed,44.00,0.00,2025-10-15
101546,C-1036,2025-10-15,2025-10-15 21:41:13,online,completed,138.50,0.00,2025-10-17
101547,C-1073,2025-10-15,2025-10-15 13:09:13,store,completed,59.00,0.00,2025-10-15
101548,C-1436,2025-10-16,2025-10-16 15:29:12,store,completed,65.50,0.00,2025-10-16
101549,C-1335,2025-10-16,2025-10-16 19:43:30,online,completed,48.00,2.50,2025-10-17
101550,C-1322,2025-10-17,2025-10-17 14:09:43,online,completed,144.00,0.00,2025-10-18
101551,C-1190,2025-10-17,2025-10-17 15:33:35,online,completed,33.50,2.50,2025-10-18
101552,C-1266,2025-10-17,2025-10-17 16:29:53,store,completed,71.50,0.00,2025-10-17
101553,C-1245,2025-10-18,2025-10-18 15:40:48,online,completed,5.00,2.50,2025-10-20
101554,C-1380,2025-10-18,2025-10-18 19:57:23,store,completed,238.00,0.00,2025-10-18
101555,C-1235,2025-10-18,2025-10-18 20:13:08,store,completed,42.50,0.00,2025-10-18
101556,C-1459,2025-10-18,2025-10-18 11:07:43,store,completed,52.00,0.00,2025-10-18
101557,C-1217,2025-10-18,2025-10-18 18:26:11,online,completed,189.00,0.00,2025-10-20
101558,C-1167,2025-10-18,2025-10-18 18:21:37,store,completed,56.00,0.00,2025-10-18
101559,C-1073,2025-10-19,2025-10-19 12:09:25,online,completed,107.00,0.00,2025-10-20
101560,C-1319,2025-10-19,2025-10-19 16:22:47,store,completed,198.50,0.00,2025-10-19
101561,C-1203,2025-10-19,2025-10-19 12:20:29,online,completed,77.00,0.00,2025-10-22
101562,C-1014,2025-10-19,2025-10-19 15:21:49,online,completed,72.50,0.00,2025-10-23
101563,C-1143,2025-10-20,2025-10-20 14:42:55,online,completed,698.50,0.00,2025-10-21
101564,C-1135,2025-10-20,2025-10-20 19:02:01,store,completed,78.00,0.00,2025-10-20
101565,C-1455,2025-10-20,2025-10-20 17:45:01,store,completed,37.00,0.00,2025-10-20
101566,C-1073,2025-10-21,2025-10-21 14:57:50,online,completed,135.00,0.00,2025-10-24
101567,C-1135,2025-10-21,2025-10-21 19:51:54,online,completed,100.00,0.00,2025-10-22
101568,C-1227,2025-10-21,2025-10-21 17:50:16,store,completed,82.00,0.00,2025-10-21
101569,C-1380,2025-10-21,2025-10-21 17:59:27,store,completed,318.50,0.00,2025-10-21
101570,C-1278,2025-10-22,2025-10-22 16:29:05,online,cancelled,110.00,0.00,
101571,C-1352,2025-10-22,2025-10-22 20:31:32,online,completed,60.00,0.00,2025-10-23
101572,C-1208,2025-10-22,2025-10-22 18:16:37,store,completed,213.00,0.00,2025-10-22
101573,C-1331,2025-10-22,2025-10-22 11:36:27,store,completed,177.50,0.00,2025-10-22
101574,C-1071,2025-10-22,2025-10-22 22:01:18,store,completed,119.50,0.00,2025-10-22
101575,C-1025,2025-10-22,2025-10-22 16:22:36,store,completed,136.00,0.00,2025-10-22
101576,C-1160,2025-10-22,2025-10-22 20:46:35,store,completed,34.50,0.00,2025-10-22
101577,C-1474,2025-10-22,2025-10-22 13:51:44,store,completed,49.00,0.00,2025-10-22
101578,C-1470,2025-10-22,2025-10-22 16:13:54,store,completed,32.00,0.00,2025-10-22
101579,C-1335,2025-10-23,2025-10-23 18:02:57,store,completed,76.50,0.00,2025-10-23
101580,C-1182,2025-10-23,2025-10-23 09:10:30,online,completed,79.50,0.00,2025-10-26
101581,C-1368,2025-10-23,2025-10-23 18:26:28,store,completed,49.50,0.00,2025-10-23
101582,C-1218,2025-10-23,2025-10-23 12:15:44,store,cancelled,9.00,0.00,
101583,C-1500,2025-10-23,2025-10-23 17:55:23,store,completed,123.50,0.00,2025-10-23
101584,C-1335,2025-10-23,2025-10-23 19:26:35,store,completed,39.50,0.00,2025-10-23
101585,C-1459,2025-10-24,2025-10-24 10:54:42,store,completed,87.00,0.00,2025-10-24
101586,C-1387,2025-10-25,2025-10-25 21:50:39,store,completed,27.00,0.00,2025-10-25
101587,C-1203,2025-10-25,2025-10-25 18:04:29,online,completed,33.00,2.50,2025-10-28
101588,C-1236,2025-10-25,2025-10-25 17:39:11,online,completed,12.50,2.50,2025-10-29
101589,C-1008,2025-10-25,2025-10-25 18:06:02,store,completed,175.50,0.00,2025-10-25
101590,C-1462,2025-10-25,2025-10-25 23:41:36,store,completed,124.50,0.00,2025-10-25
101591,C-1071,2025-10-26,2025-10-26 19:09:48,online,completed,125.50,0.00,2025-10-29
101592,C-1030,2025-10-26,2025-10-26 17:28:40,online,completed,26.00,2.50,2025-10-28
101593,C-1335,2025-10-26,2025-10-26 19:07:26,store,completed,11.00,0.00,2025-10-26
101594,C-1022,2025-10-26,2025-10-26 12:53:33,store,completed,61.50,0.00,2025-10-26
101595,C-1471,2025-10-26,2025-10-26 16:45:21,online,completed,129.50,0.00,2025-10-29
101596,C-1486,2025-10-26,2025-10-26 21:49:25,online,completed,62.50,0.00,2025-10-29
101597,C-1310,2025-10-27,2025-10-27 22:12:09,online,completed,290.00,0.00,2025-10-29
101598,C-1270,2025-10-27,2025-10-27 16:37:31,online,completed,168.00,0.00,2025-10-29
101599,C-1062,2025-10-27,2025-10-27 23:01:30,online,completed,40.00,2.50,2025-10-29
101600,C-1242,2025-10-27,2025-10-27 13:27:07,online,completed,233.50,0.00,2025-10-30
101601,C-1088,2025-10-28,2025-10-28 17:29:16,online,completed,138.00,0.00,2025-11-01
101602,C-1335,2025-10-28,2025-10-28 11:49:13,store,completed,41.00,0.00,2025-10-28
101603,C-1277,2025-10-28,2025-10-28 19:01:35,online,completed,203.50,0.00,2025-10-31
101604,C-1182,2025-10-28,2025-10-28 16:56:38,store,completed,33.00,0.00,2025-10-28
101605,C-1474,2025-10-28,2025-10-28 15:34:53,online,completed,240.00,0.00,2025-11-01
101606,C-1133,2025-10-29,2025-10-29 23:52:33,store,completed,207.00,0.00,2025-10-29
101607,C-1183,2025-10-29,2025-10-29 20:54:36,online,completed,10.00,2.50,2025-11-01
101608,C-1245,2025-10-29,2025-10-29 15:30:59,store,completed,23.00,0.00,2025-10-29
101609,C-1335,2025-10-30,2025-10-30 14:46:42,store,completed,12.00,0.00,2025-10-30
101610,C-1158,2025-10-30,2025-10-30 13:21:07,store,completed,86.50,0.00,2025-10-30
101611,C-1016,2025-10-30,2025-10-30 20:06:37,online,completed,106.50,0.00,2025-11-03
101612,C-1379,2025-10-30,2025-10-30 16:28:48,store,completed,58.00,0.00,2025-10-30
101613,C-1194,2025-10-30,2025-10-30 18:52:45,store,completed,18.50,0.00,2025-10-30
101614,C-1035,2025-10-31,2025-10-31 22:29:25,store,completed,99.00,0.00,2025-10-31
101615,C-1406,2025-10-31,2025-10-31 19:34:43,online,completed,82.00,0.00,2025-11-02
101616,C-1420,2025-10-31,2025-10-31 19:42:18,online,completed,12.50,2.50,2025-11-03
101617,C-1242,2025-10-31,2025-10-31 16:53:16,store,completed,70.50,0.00,2025-10-31
101618,C-1267,2025-11-01,2025-11-01 17:06:29,store,completed,37.00,0.00,2025-11-01
101619,C-1197,2025-11-01,2025-11-01 19:56:08,store,completed,171.00,0.00,2025-11-01
101620,C-1141,2025-11-01,2025-11-01 18:32:44,online,completed,33.00,2.50,2025-11-04
101621,C-1267,2025-11-01,2025-11-01 13:46:09,store,completed,99.00,0.00,2025-11-01
101622,C-1234,2025-11-01,2025-11-01 13:27:56,store,completed,15.00,0.00,2025-11-01
101623,C-1051,2025-11-01,2025-11-01 12:01:02,store,completed,374.00,0.00,2025-11-01
101624,C-1451,2025-11-01,2025-11-01 15:30:54,online,completed,41.50,2.50,2025-11-05
101625,C-1311,2025-11-02,2025-11-02 20:20:43,online,completed,37.00,2.50,2025-11-06
101626,C-1193,2025-11-02,2025-11-02 18:57:48,store,completed,32.00,0.00,2025-11-02
101627,C-1200,2025-11-03,2025-11-03 13:16:08,store,completed,92.00,0.00,2025-11-03
101628,C-1437,2025-11-04,2025-11-04 19:24:20,online,completed,103.00,0.00,2025-11-05
101629,C-1278,2025-11-04,2025-11-04 16:52:39,store,completed,8.00,0.00,2025-11-04
101630,C-1357,2025-11-04,2025-11-04 17:42:57,store,completed,63.50,0.00,2025-11-04
101631,C-1267,2025-11-04,2025-11-04 18:56:51,store,completed,22.50,0.00,2025-11-04
101632,C-1200,2025-11-05,2025-11-05 19:40:55,online,completed,59.00,0.00,2025-11-09
101633,C-1007,2025-11-05,2025-11-05 17:04:27,store,cancelled,69.00,0.00,
101634,C-1254,2025-11-05,2025-11-05 19:04:02,online,completed,35.50,2.50,2025-11-06
101635,C-1096,2025-11-06,2025-11-06 13:40:58,online,completed,15.00,2.50,2025-11-10
101636,C-1386,2025-11-06,2025-11-06 17:38:19,online,completed,44.00,2.50,2025-11-07
101637,C-1094,2025-11-06,2025-11-06 09:52:33,online,completed,60.00,0.00,2025-11-10
101638,C-1161,2025-11-06,2025-11-06 10:45:49,store,completed,24.50,0.00,2025-11-06
101639,C-1160,2025-11-07,2025-11-07 19:51:04,online,completed,65.00,0.00,2025-11-08
101640,C-1167,2025-11-07,2025-11-07 20:08:14,store,completed,146.00,0.00,2025-11-07
101641,C-1270,2025-11-07,2025-11-07 19:16:40,store,completed,71.00,0.00,2025-11-07
101642,C-1487,2025-11-07,2025-11-07 20:30:09,store,completed,122.00,0.00,2025-11-07
101643,C-1335,2025-11-08,2025-11-08 12:25:49,online,completed,66.00,0.00,2025-11-10
101644,C-1021,2025-11-08,2025-11-08 20:40:54,store,completed,323.50,0.00,2025-11-08
101645,C-1335,2025-11-08,2025-11-08 11:21:27,store,completed,56.00,0.00,2025-11-08
101646,C-1160,2025-11-09,2025-11-09 15:34:34,online,completed,8.50,2.50,2025-11-13
101647,C-1439,2025-11-09,2025-11-09 18:56:56,store,completed,84.50,0.00,2025-11-09
101648,C-1152,2025-11-10,2025-11-10 14:27:37,online,completed,57.00,0.00,2025-11-11
101649,C-1380,2025-11-10,2025-11-10 16:59:18,store,cancelled,620.50,0.00,
101650,C-1102,2025-11-11,2025-11-11 21:56:42,store,completed,24.00,0.00,2025-11-11
101651,C-1419,2025-11-12,2025-11-12 09:52:56,online,completed,97.00,0.00,2025-11-14
101652,C-1050,2025-11-12,2025-11-12 16:09:19,store,completed,36.00,0.00,2025-11-12
101653,C-1401,2025-11-12,2025-11-12 18:30:38,online,completed,215.50,0.00,2025-11-13
101654,C-1380,2025-11-12,2025-11-12 22:14:29,online,completed,570.00,0.00,2025-11-16
101655,C-1245,2025-11-12,2025-11-12 19:32:30,store,completed,12.50,0.00,2025-11-12
101656,C-1298,2025-11-12,2025-11-12 11:23:07,store,completed,18.00,0.00,2025-11-12
101657,C-1071,2025-11-13,2025-11-13 19:53:22,online,completed,48.50,2.50,2025-11-17
101658,C-1444,2025-11-13,2025-11-13 17:47:36,store,completed,89.50,0.00,2025-11-13
101659,C-1193,2025-11-13,2025-11-13 18:53:07,store,completed,48.00,0.00,2025-11-13
101660,C-1077,2025-11-13,2025-11-13 17:04:18,store,completed,13.50,0.00,2025-11-13
101661,C-1335,2025-11-13,2025-11-13 15:52:24,store,completed,11.00,0.00,2025-11-13
101662,C-1270,2025-11-13,2025-11-13 23:38:17,online,cancelled,53.50,0.00,
101663,C-1481,2025-11-13,2025-11-13 18:51:25,online,completed,19.50,2.50,2025-11-16
101664,C-0999,2025-11-14,2025-11-14 21:10:53,online,completed,938.00,0.00,2025-11-16
101665,C-1171,2025-11-15,2025-11-15 13:30:19,online,completed,35.00,2.50,2025-11-18
101666,C-1380,2025-11-17,2025-11-17 13:00:20,online,completed,292.50,0.00,2025-11-20
101667,C-1200,2025-11-18,2025-11-18 16:49:05,store,completed,38.00,0.00,2025-11-18
101668,C-1132,2025-11-18,2025-11-18 19:32:16,store,completed,124.50,0.00,2025-11-18
101669,C-1160,2025-11-19,2025-11-19 18:14:18,store,completed,38.50,0.00,2025-11-19
101670,C-1401,2025-11-19,2025-11-19 21:34:22,store,completed,878.50,0.00,2025-11-19
101671,C-1016,2025-11-19,2025-11-19 13:32:42,store,completed,42.00,0.00,2025-11-19
101672,C-1009,2025-11-19,2025-11-19 18:04:25,store,completed,35.00,0.00,2025-11-19
101673,C-1382,2025-11-19,2025-11-19 12:01:43,online,completed,12.00,2.50,2025-11-23
101674,C-1188,2025-11-19,2025-11-19 15:19:01,store,completed,114.00,0.00,2025-11-19
101675,C-1078,2025-11-20,2025-11-20 20:39:26,store,completed,61.00,0.00,2025-11-20
101676,C-1267,2025-11-20,2025-11-20 15:36:43,store,completed,98.00,0.00,2025-11-20
101677,C-1022,2025-11-20,2025-11-20 18:06:41,store,completed,36.00,0.00,2025-11-20
101678,C-1007,2025-11-20,2025-11-20 18:00:57,store,completed,9.50,0.00,2025-11-20
101679,C-1334,2025-11-20,2025-11-20 15:18:15,online,completed,215.00,0.00,2025-11-23
101680,C-1267,2025-11-21,2025-11-21 13:12:57,store,completed,41.00,0.00,2025-11-21
101681,C-1195,2025-11-21,2025-11-21 13:47:49,online,completed,13.50,2.50,2025-11-24
101682,C-1028,2025-11-21,2025-11-21 16:43:33,store,completed,20.00,0.00,2025-11-21
101683,C-1009,2025-11-22,2025-11-22 13:43:32,store,completed,12.50,0.00,2025-11-22
101684,C-1265,2025-11-22,2025-11-22 16:02:59,store,completed,87.00,0.00,2025-11-22
101685,C-1471,2025-11-22,2025-11-22 19:10:16,online,completed,67.50,0.00,2025-11-26
101686,C-1267,2025-11-22,2025-11-22 22:22:17,online,completed,58.00,0.00,2025-11-23
101687,C-1267,2025-11-23,2025-11-23 18:47:54,store,cancelled,49.00,0.00,
101688,C-1270,2025-11-23,2025-11-23 11:50:13,online,completed,31.50,2.50,2025-11-27
101689,C-1266,2025-11-24,2025-11-24 23:22:25,store,completed,48.50,0.00,2025-11-24
101690,C-1487,2025-11-24,2025-11-24 09:56:08,store,completed,156.00,0.00,2025-11-24
101691,C-1042,2025-11-24,2025-11-24 16:07:43,store,completed,56.00,0.00,2025-11-24
101692,C-1015,2025-11-24,2025-11-24 16:02:41,online,completed,33.50,2.50,2025-11-28
101693,C-1204,2025-11-24,2025-11-24 18:32:45,store,cancelled,40.00,0.00,
101694,C-1267,2025-11-24,2025-11-24 14:47:30,online,completed,64.00,0.00,2025-11-28
101695,C-1009,2025-11-24,2025-11-24 16:38:52,store,completed,23.00,0.00,2025-11-24
101696,C-1070,2025-11-25,2025-11-25 20:10:10,online,completed,249.50,0.00,2025-11-28
101697,C-1270,2025-11-25,2025-11-25 22:36:40,store,cancelled,8.00,0.00,
101698,C-1446,2025-11-25,2025-11-25 12:27:38,online,cancelled,70.00,0.00,
101699,C-1198,2025-11-25,2025-11-25 18:51:14,online,completed,88.00,0.00,2025-11-29
101700,C-1267,2025-11-25,2025-11-25 14:34:26,store,completed,83.50,0.00,2025-11-25
101701,C-1321,2025-11-26,2025-11-26 15:15:48,online,completed,54.50,0.00,2025-11-30
101702,C-1383,2025-11-26,2025-11-26 14:32:25,store,completed,35.50,0.00,2025-11-26
101703,C-1270,2025-11-26,2025-11-26 11:59:03,store,completed,11.50,0.00,2025-11-26
101704,C-1231,2025-11-27,2025-11-27 16:07:45,online,completed,152.00,0.00,2025-12-01
101705,C-1245,2025-11-27,2025-11-27 21:31:02,online,completed,53.50,0.00,2025-11-28
101706,C-1197,2025-11-27,2025-11-27 19:20:04,store,completed,44.00,0.00,2025-11-27
101707,C-1073,2025-11-28,2025-11-28 13:27:20,store,completed,48.50,0.00,2025-11-28
101708,C-1383,2025-11-28,2025-11-28 22:36:32,store,completed,42.00,0.00,2025-11-28
101709,C-1425,2025-11-28,2025-11-28 10:43:23,online,completed,96.00,0.00,2025-12-02
101710,C-1022,2025-11-28,2025-11-28 18:08:31,store,completed,76.00,0.00,2025-11-28
101711,C-1297,2025-11-29,2025-11-29 20:15:48,store,completed,63.50,0.00,2025-11-29
101712,C-1337,2025-11-29,2025-11-29 11:22:06,online,completed,78.00,0.00,2025-11-30
101713,C-1181,2025-11-29,2025-11-29 22:41:23,store,completed,38.00,0.00,2025-11-29
101714,C-1094,2025-11-29,2025-11-29 22:08:15,online,completed,49.50,2.50,2025-12-01
101715,C-1008,2025-11-30,2025-11-30 19:24:51,online,completed,1090.50,0.00,2025-12-04
101716,C-1063,2025-11-30,2025-11-30 10:47:01,online,completed,120.50,0.00,2025-12-03
101717,C-1080,2025-11-30,2025-11-30 15:04:29,online,cancelled,63.00,0.00,
101718,C-1249,2025-11-30,2025-11-30 14:48:02,store,completed,49.50,0.00,2025-11-30
101719,C-1093,2025-12-02,2025-12-02 21:18:58,online,completed,7.50,2.50,2025-12-04
101720,C-1258,2025-12-02,2025-12-02 15:55:57,online,completed,100.50,0.00,2025-12-04
101721,C-1289,2025-12-02,2025-12-02 15:40:08,store,completed,72.00,0.00,2025-12-02
101722,C-1379,2025-12-02,2025-12-02 13:39:24,store,completed,12.00,0.00,2025-12-02
101723,C-1432,2025-12-02,2025-12-02 17:04:33,store,completed,171.50,0.00,2025-12-02
101724,C-1473,2025-12-03,2025-12-03 17:18:44,online,cancelled,35.00,2.50,
101725,C-1192,2025-12-03,2025-12-03 18:50:07,store,completed,67.00,0.00,2025-12-03
101726,C-1093,2025-12-03,2025-12-03 17:16:29,store,completed,26.00,0.00,2025-12-03
101727,C-1077,2025-12-03,2025-12-03 16:14:30,store,completed,59.00,0.00,2025-12-03
101728,C-1079,2025-12-03,2025-12-03 19:27:37,store,completed,6.00,0.00,2025-12-03
101729,C-1188,2025-12-03,2025-12-03 12:38:55,store,completed,13.50,0.00,2025-12-03
101730,C-1132,2025-12-03,2025-12-03 21:01:54,store,completed,20.50,0.00,2025-12-03
101731,C-1245,2025-12-04,2025-12-04 20:50:07,store,completed,95.50,0.00,2025-12-04
101732,C-1415,2025-12-04,2025-12-04 19:40:10,online,cancelled,37.50,2.50,
101733,C-1151,2025-12-04,2025-12-04 20:50:13,store,completed,27.00,0.00,2025-12-04
101734,C-1444,2025-12-05,2025-12-05 12:45:33,store,completed,90.00,0.00,2025-12-05
101735,C-1270,2025-12-05,2025-12-05 20:21:11,online,completed,33.00,2.50,2025-12-06
101736,C-1141,2025-12-05,2025-12-05 18:20:47,store,cancelled,36.00,0.00,
101737,C-1335,2025-12-05,2025-12-05 12:18:08,store,completed,40.00,0.00,2025-12-05
101738,C-1479,2025-12-05,2025-12-05 21:07:59,online,completed,39.50,2.50,2025-12-06
101739,C-1380,2025-12-06,2025-12-06 20:36:26,store,completed,315.00,0.00,2025-12-06
101740,C-1379,2025-12-06,2025-12-06 10:39:34,store,completed,85.50,0.00,2025-12-06
101741,C-1209,2025-12-06,2025-12-06 13:11:32,online,completed,59.00,0.00,2025-12-08
101742,C-1462,2025-12-07,2025-12-07 15:07:28,online,cancelled,58.50,0.00,
101743,C-1335,2025-12-07,2025-12-07 22:21:07,online,completed,184.00,0.00,2025-12-09
101744,C-1016,2025-12-08,2025-12-08 11:43:27,store,completed,34.00,0.00,2025-12-08
101745,C-1426,2025-12-08,2025-12-08 14:52:32,store,cancelled,276.00,0.00,
101746,C-1258,2025-12-08,2025-12-08 13:18:23,store,completed,132.00,0.00,2025-12-08
101747,C-1025,2025-12-08,2025-12-08 13:12:03,online,completed,46.00,2.50,2025-12-09
101748,C-1043,2025-12-09,2025-12-09 16:51:01,online,completed,134.00,0.00,2025-12-10
101749,C-1043,2025-12-09,2025-12-09 13:18:48,online,completed,27.00,2.50,2025-12-13
101750,C-1132,2025-12-09,2025-12-09 11:54:50,online,completed,84.00,0.00,2025-12-12
101751,C-1380,2025-12-09,2025-12-09 21:39:23,store,completed,172.00,0.00,2025-12-09
101752,C-1065,2025-12-09,2025-12-09 13:33:50,store,cancelled,56.00,0.00,
101753,C-1344,2025-12-10,2025-12-10 20:55:23,online,completed,101.50,0.00,2025-12-13
101754,C-1468,2025-12-10,2025-12-10 10:13:01,store,completed,110.00,0.00,2025-12-10
101755,C-1142,2025-12-10,2025-12-10 15:01:03,store,completed,71.00,0.00,2025-12-10
101756,C-1124,2025-12-10,2025-12-10 19:08:36,store,completed,11.00,0.00,2025-12-10
101757,C-1258,2025-12-10,2025-12-10 18:52:55,online,completed,57.50,0.00,2025-12-13
101758,C-1136,2025-12-10,2025-12-10 21:41:14,online,completed,58.50,0.00,2025-12-11
101759,C-1302,2025-12-10,2025-12-10 13:18:46,store,completed,180.50,0.00,2025-12-10
101760,C-1175,2025-12-10,2025-12-10 11:36:33,online,completed,16.50,2.50,2025-12-12
101761,C-1022,2025-12-11,2025-12-11 20:16:03,online,completed,14.00,2.50,2025-12-15
101762,C-1468,2025-12-11,2025-12-11 14:29:14,store,completed,18.00,0.00,2025-12-11
101763,C-1007,2025-12-11,2025-12-11 20:30:54,store,completed,58.00,0.00,2025-12-11
101764,C-1415,2025-12-11,2025-12-11 14:10:49,store,cancelled,36.00,0.00,
101765,C-1386,2025-12-11,2025-12-11 10:39:50,store,completed,78.00,0.00,2025-12-11
101766,C-1352,2025-12-12,2025-12-12 20:27:09,store,completed,32.50,0.00,2025-12-12
101767,C-1186,2025-12-12,2025-12-12 09:26:44,store,cancelled,53.00,0.00,
101768,C-1270,2025-12-12,2025-12-12 22:04:08,store,completed,116.50,0.00,2025-12-12
101769,C-1073,2025-12-13,2025-12-13 13:49:26,store,completed,50.00,0.00,2025-12-13
101770,C-1383,2025-12-13,2025-12-13 20:50:59,store,completed,17.00,0.00,2025-12-13
101771,C-1003,2025-12-13,2025-12-13 21:18:38,store,completed,302.50,0.00,2025-12-13
101772,C-1189,2025-12-13,2025-12-13 11:14:22,online,completed,83.00,0.00,2025-12-17
101773,C-1470,2025-12-13,2025-12-13 16:36:35,online,completed,8.50,2.50,2025-12-15
101774,C-1254,2025-12-13,2025-12-13 13:21:47,store,completed,81.00,0.00,2025-12-13
101775,C-1267,2025-12-14,2025-12-14 13:53:56,store,completed,155.00,0.00,2025-12-14
101776,C-1200,2025-12-14,2025-12-14 17:33:31,store,completed,21.00,0.00,2025-12-14
101777,C-1383,2025-12-14,2025-12-14 23:15:09,online,completed,13.50,2.50,2025-12-16
101778,C-1419,2025-12-14,2025-12-14 14:49:31,online,completed,22.00,2.50,2025-12-16
101779,C-1357,2025-12-14,2025-12-14 14:00:14,store,completed,27.00,0.00,2025-12-14
101780,C-1471,2025-12-14,2025-12-14 17:22:54,store,completed,191.00,0.00,2025-12-14
101781,C-1270,2025-12-14,2025-12-14 21:29:51,store,completed,58.50,0.00,2025-12-14
101782,C-1267,2025-12-15,2025-12-15 22:30:18,online,completed,19.00,2.50,2025-12-16
101783,C-1073,2025-12-15,2025-12-15 13:03:29,online,completed,8.00,2.50,2025-12-17
101784,C-1344,2025-12-15,2025-12-15 23:24:48,store,completed,21.00,0.00,2025-12-15
101785,C-1335,2025-12-15,2025-12-15 22:13:22,store,completed,93.50,0.00,2025-12-15
101786,C-1265,2025-12-15,2025-12-15 19:13:28,store,completed,56.50,0.00,2025-12-15
101787,C-1419,2025-12-15,2025-12-15 21:13:15,store,completed,64.00,0.00,2025-12-15
101788,C-1270,2025-12-15,2025-12-15 11:46:41,online,completed,33.50,2.50,2025-12-16
101789,C-1444,2025-12-15,2025-12-15 15:06:34,online,completed,63.00,0.00,2025-12-16
101790,C-1235,2025-12-15,2025-12-15 16:24:26,store,completed,691.00,0.00,2025-12-15
101791,C-1278,2025-12-15,2025-12-15 16:29:51,online,cancelled,37.50,2.50,
101792,C-1267,2025-12-15,2025-12-15 17:44:39,store,completed,66.00,0.00,2025-12-15
101793,C-1383,2025-12-15,2025-12-15 09:05:20,online,completed,22.00,2.50,2025-12-19
101794,C-1270,2025-12-15,2025-12-15 12:27:40,online,completed,48.50,2.50,2025-12-16
101795,C-1175,2025-12-16,2025-12-16 23:55:31,online,completed,48.00,2.50,2025-12-19
101796,C-1375,2025-12-16,2025-12-16 14:34:24,online,completed,78.00,0.00,2025-12-17
101797,C-1291,2025-12-16,2025-12-16 13:41:26,store,completed,106.50,0.00,2025-12-16
101798,C-1238,2025-12-16,2025-12-16 15:16:45,online,cancelled,43.00,2.50,
101799,C-1091,2025-12-16,2025-12-16 14:56:01,online,completed,17.00,2.50,2025-12-19
101800,C-1270,2025-12-17,2025-12-17 16:30:44,store,completed,60.00,0.00,2025-12-17
101801,C-1008,2025-12-17,2025-12-17 19:20:53,online,completed,383.00,0.00,2025-12-18
101802,C-1379,2025-12-17,2025-12-17 21:17:51,online,completed,148.00,0.00,2025-12-19
101803,C-1167,2025-12-17,2025-12-17 20:19:31,online,completed,157.00,0.00,2025-12-18
101804,C-1401,2025-12-17,2025-12-17 20:35:19,store,completed,540.00,0.00,2025-12-17
101805,C-1081,2025-12-17,2025-12-17 20:00:48,online,completed,22.50,2.50,2025-12-19
101806,C-1406,2025-12-18,2025-12-18 17:55:08,store,completed,90.00,0.00,2025-12-18
101807,C-1487,2025-12-18,2025-12-18 10:12:28,store,completed,100.00,0.00,2025-12-18
101808,C-1106,2025-12-18,2025-12-18 23:26:32,store,completed,33.00,0.00,2025-12-18
101809,C-1242,2025-12-18,2025-12-18 14:32:42,online,completed,1188.00,0.00,2025-12-21
101810,C-1200,2025-12-18,2025-12-18 20:08:36,online,completed,209.00,0.00,2025-12-22
101811,C-1267,2025-12-18,2025-12-18 14:21:46,online,completed,58.00,0.00,2025-12-19
101812,C-1077,2025-12-19,2025-12-19 16:43:09,store,completed,53.00,0.00,2025-12-19
101813,C-1258,2025-12-19,2025-12-19 20:44:58,store,completed,153.00,0.00,2025-12-19
101814,C-1045,2025-12-19,2025-12-19 22:15:28,online,completed,239.00,0.00,2025-12-21
101815,C-1209,2025-12-19,2025-12-19 16:29:22,online,completed,152.50,0.00,2025-12-20
101816,C-1394,2025-12-20,2025-12-20 14:37:22,online,cancelled,27.00,2.50,
101817,C-1335,2025-12-20,2025-12-20 23:10:30,store,completed,32.00,0.00,2025-12-20
101818,C-1335,2025-12-20,2025-12-20 19:26:53,store,completed,27.50,0.00,2025-12-20
101819,C-1160,2025-12-20,2025-12-20 16:40:27,store,completed,46.00,0.00,2025-12-20
101820,C-1270,2025-12-21,2025-12-21 13:46:46,store,completed,44.00,0.00,2025-12-21
101821,C-1105,2025-12-21,2025-12-21 19:03:30,store,completed,12.50,0.00,2025-12-21
101822,C-1203,2025-12-21,2025-12-21 19:57:45,store,completed,34.00,0.00,2025-12-21
101823,C-1087,2025-12-21,2025-12-21 14:01:40,store,completed,23.50,0.00,2025-12-21
101824,C-1270,2025-12-22,2025-12-22 19:15:01,online,cancelled,40.00,2.50,
101825,C-1025,2025-12-22,2025-12-22 11:08:09,store,completed,52.00,0.00,2025-12-22
101826,C-1484,2025-12-22,2025-12-22 14:02:19,online,completed,85.50,0.00,2025-12-24
101827,C-1401,2025-12-22,2025-12-22 21:59:55,online,completed,630.00,0.00,2025-12-23
101828,C-1238,2025-12-22,2025-12-22 14:12:09,store,completed,110.00,0.00,2025-12-22
101829,C-1270,2025-12-22,2025-12-22 15:21:23,store,completed,22.00,0.00,2025-12-22
101830,C-1242,2025-12-23,2025-12-23 11:40:01,store,completed,294.00,0.00,2025-12-23
101831,C-1066,2025-12-23,2025-12-23 20:19:56,store,completed,114.50,0.00,2025-12-23
101832,C-1288,2025-12-24,2025-12-24 12:09:21,online,completed,41.00,2.50,2025-12-27
101833,C-1337,2025-12-24,2025-12-24 14:35:47,online,completed,116.00,0.00,2025-12-25
101834,C-1444,2025-12-24,2025-12-24 10:44:23,store,completed,72.00,0.00,2025-12-24
101835,C-1165,2025-12-24,2025-12-24 13:22:22,store,completed,156.00,0.00,2025-12-24
101836,C-1265,2025-12-24,2025-12-24 14:40:05,online,completed,42.50,2.50,2025-12-26
101837,C-1148,2025-12-24,2025-12-24 15:02:31,store,completed,17.50,0.00,2025-12-24
101838,C-1188,2025-12-25,2025-12-25 16:47:41,store,completed,126.00,0.00,2025-12-25
101839,C-1016,2025-12-25,2025-12-25 15:33:07,store,completed,152.00,0.00,2025-12-25
101840,C-1470,2025-12-25,2025-12-25 10:54:03,online,completed,26.50,2.50,2025-12-29
101841,C-1335,2025-12-25,2025-12-25 15:27:35,store,completed,51.00,0.00,2025-12-25
101842,C-1429,2025-12-25,2025-12-25 20:59:15,store,completed,95.00,0.00,2025-12-25
101843,C-1122,2025-12-25,2025-12-25 14:56:29,store,completed,23.50,0.00,2025-12-25
101844,C-1122,2025-12-25,2025-12-25 10:47:00,store,completed,61.50,0.00,2025-12-25
101845,C-1230,2025-12-26,2025-12-26 20:38:42,online,completed,157.00,0.00,2025-12-29
101846,C-1380,2025-12-27,2025-12-27 14:11:10,store,completed,287.00,0.00,2025-12-27
101847,C-1194,2025-12-27,2025-12-27 13:15:48,store,completed,42.50,0.00,2025-12-27
101848,C-1044,2025-12-27,2025-12-27 16:29:59,store,completed,81.00,0.00,2025-12-27
101849,C-1280,2025-12-27,2025-12-27 19:27:52,store,completed,35.50,0.00,2025-12-27
101850,C-1045,2025-12-27,2025-12-27 17:58:50,online,completed,52.00,0.00,2025-12-31
101851,C-1274,2025-12-27,2025-12-27 20:53:35,online,completed,47.00,2.50,2025-12-30
101852,C-1468,2025-12-27,2025-12-27 21:39:43,store,completed,25.50,0.00,2025-12-27
101853,C-1242,2025-12-28,2025-12-28 17:22:24,store,completed,260.00,0.00,2025-12-28
101854,C-1269,2025-12-28,2025-12-28 17:15:24,store,completed,29.00,0.00,2025-12-28
101855,C-1182,2025-12-28,2025-12-28 14:15:48,online,completed,126.50,0.00,2025-12-30
101856,C-1369,2025-12-28,2025-12-28 12:40:04,store,completed,107.00,0.00,2025-12-28
101857,C-1167,2025-12-29,2025-12-29 13:27:23,online,completed,104.50,0.00,2025-12-31
101858,C-1122,2025-12-29,2025-12-29 16:03:55,store,completed,33.00,0.00,2025-12-29
101859,C-1160,2025-12-29,2025-12-29 11:30:18,online,completed,21.50,2.50,2026-01-01
101860,C-1335,2025-12-29,2025-12-29 18:31:37,online,completed,35.00,2.50,2025-12-30
101861,C-1354,2025-12-29,2025-12-29 20:40:57,store,completed,27.00,0.00,2025-12-29
101862,C-1160,2025-12-29,2025-12-29 11:45:11,online,completed,67.00,0.00,2025-12-31
101863,C-1437,2025-12-30,2025-12-30 12:41:58,store,cancelled,64.00,0.00,
101864,C-1267,2025-12-30,2025-12-30 18:19:32,store,completed,23.50,0.00,2025-12-30
101865,C-1296,2025-12-30,2025-12-30 17:48:26,store,completed,87.50,0.00,2025-12-30
101866,C-1090,2025-12-30,2025-12-30 21:20:44,online,completed,90.00,0.00,2026-01-01
101867,C-1235,2025-12-31,2025-12-31 14:36:59,store,cancelled,218.00,0.00,
101868,C-1444,2026-01-01,2026-01-01 19:20:48,online,cancelled,69.00,0.00,
101869,C-1181,2026-01-01,2026-01-01 15:53:10,store,completed,5.50,0.00,2026-01-01
101870,C-1153,2026-01-01,2026-01-01 12:44:11,store,completed,19.50,0.00,2026-01-01
101871,C-1380,2026-01-02,2026-01-02 16:58:17,store,completed,340.00,0.00,2026-01-02
101872,C-1248,2026-01-02,2026-01-02 11:50:40,store,completed,99.50,0.00,2026-01-02
101873,C-1358,2026-01-02,2026-01-02 19:08:44,store,completed,9.50,0.00,2026-01-02
101874,C-1242,2026-01-02,2026-01-02 17:36:46,online,completed,167.50,0.00,2026-01-03
101875,C-1379,2026-01-02,2026-01-02 21:26:28,online,completed,26.50,2.50,2026-01-06
101876,C-1242,2026-01-02,2026-01-02 17:46:02,store,completed,221.50,0.00,2026-01-02
101877,C-1270,2026-01-03,2026-01-03 13:49:17,online,completed,57.00,0.00,2026-01-05
101878,C-1007,2026-01-03,2026-01-03 21:21:20,store,completed,52.00,0.00,2026-01-03
101879,C-1270,2026-01-03,2026-01-03 19:33:08,store,completed,33.00,0.00,2026-01-03
101880,C-1456,2026-01-03,2026-01-03 17:01:29,online,completed,72.00,0.00,2026-01-06
101881,C-1193,2026-01-03,2026-01-03 10:42:36,store,completed,64.00,0.00,2026-01-03
101882,C-1455,2026-01-03,2026-01-03 18:28:49,store,completed,60.50,0.00,2026-01-03
101883,C-1091,2026-01-03,2026-01-03 17:14:42,store,completed,66.00,0.00,2026-01-03
101884,C-1475,2026-01-04,2026-01-04 10:10:52,store,completed,27.00,0.00,2026-01-04
101885,C-1352,2026-01-04,2026-01-04 10:34:08,store,completed,67.50,0.00,2026-01-04
101886,C-1126,2026-01-04,2026-01-04 21:36:45,store,completed,124.00,0.00,2026-01-04
101887,C-1030,2026-01-04,2026-01-04 13:22:28,store,completed,34.50,0.00,2026-01-04
101888,C-1266,2026-01-04,2026-01-04 18:09:48,store,completed,81.00,0.00,2026-01-04
101889,C-1177,2026-01-04,2026-01-04 12:32:19,online,completed,39.00,2.50,2026-01-08
101890,C-1379,2026-01-04,2026-01-04 12:59:02,store,completed,35.50,0.00,2026-01-04
101891,C-1367,2026-01-04,2026-01-04 19:29:25,store,completed,89.00,0.00,2026-01-04
101892,C-1335,2026-01-04,2026-01-04 16:23:54,store,completed,66.00,0.00,2026-01-04
101893,C-1265,2026-01-05,2026-01-05 22:52:56,online,completed,112.00,0.00,2026-01-08
101894,C-1459,2026-01-06,2026-01-06 20:47:49,store,completed,68.00,0.00,2026-01-06
101895,C-1036,2026-01-06,2026-01-06 12:02:08,store,completed,34.00,0.00,2026-01-06
101896,C-1382,2026-01-06,2026-01-06 12:25:06,online,completed,159.50,0.00,2026-01-08
101897,C-1455,2026-01-06,2026-01-06 20:02:23,store,completed,82.50,0.00,2026-01-06
101898,C-1029,2026-01-07,2026-01-07 20:09:22,store,completed,85.00,0.00,2026-01-07
101899,C-1236,2026-01-07,2026-01-07 10:35:58,online,completed,25.00,2.50,2026-01-10
101900,C-1266,2026-01-07,2026-01-07 11:57:47,online,completed,35.50,2.50,2026-01-10
101901,C-1009,2026-01-07,2026-01-07 20:48:51,store,completed,90.00,0.00,2026-01-07
101902,C-1113,2026-01-07,2026-01-07 23:52:01,store,completed,16.50,0.00,2026-01-07
101903,C-1319,2026-01-08,2026-01-08 10:25:22,store,completed,11.50,0.00,2026-01-08
101904,C-1444,2026-01-08,2026-01-08 16:56:33,store,completed,53.00,0.00,2026-01-08
101905,C-1030,2026-01-08,2026-01-08 19:04:12,online,completed,53.00,0.00,2026-01-12
101906,C-1401,2026-01-08,2026-01-08 19:06:04,store,completed,92.00,0.00,2026-01-08
101907,C-1379,2026-01-08,2026-01-08 11:21:26,online,completed,18.00,2.50,2026-01-11
101908,C-1242,2026-01-08,2026-01-08 12:03:48,store,completed,849.00,0.00,2026-01-08
101909,C-1056,2026-01-08,2026-01-08 19:56:08,store,completed,82.00,0.00,2026-01-08
101910,C-1296,2026-01-09,2026-01-09 18:27:11,online,completed,153.00,0.00,2026-01-12
101911,C-1358,2026-01-10,2026-01-10 17:35:44,store,completed,18.00,0.00,2026-01-10
101912,C-1318,2026-01-10,2026-01-10 20:20:01,store,completed,36.00,0.00,2026-01-10
101913,C-1335,2026-01-10,2026-01-10 21:36:44,store,completed,52.00,0.00,2026-01-10
101914,C-1242,2026-01-10,2026-01-10 16:48:59,online,completed,1568.00,0.00,2026-01-13
101915,C-1444,2026-01-10,2026-01-10 11:03:38,online,completed,22.00,2.50,2026-01-13
101916,C-1080,2026-01-11,2026-01-11 12:06:34,store,completed,82.00,0.00,2026-01-11
101917,C-1352,2026-01-11,2026-01-11 12:39:22,online,completed,22.50,2.50,2026-01-15
101918,C-1362,2026-01-11,2026-01-11 17:21:10,store,completed,29.00,0.00,2026-01-11
101919,C-1462,2026-01-11,2026-01-11 15:27:46,online,completed,46.00,2.50,2026-01-14
101920,C-1008,2026-01-12,2026-01-12 14:44:03,store,completed,204.50,0.00,2026-01-12
101921,C-1389,2026-01-12,2026-01-12 19:04:23,store,completed,80.50,0.00,2026-01-12
101922,C-1395,2026-01-12,2026-01-12 19:31:17,store,completed,95.00,0.00,2026-01-12
101923,C-1037,2026-01-12,2026-01-12 19:23:47,store,completed,165.00,0.00,2026-01-12
101924,C-1482,2026-01-12,2026-01-12 14:36:51,store,cancelled,67.00,0.00,
101925,C-1189,2026-01-12,2026-01-12 15:26:32,online,completed,102.00,0.00,2026-01-13
101926,C-1120,2026-01-12,2026-01-12 10:56:04,store,completed,21.00,0.00,2026-01-12
101927,C-1270,2026-01-13,2026-01-13 20:00:48,store,completed,29.50,0.00,2026-01-13
101928,C-1015,2026-01-13,2026-01-13 16:44:14,store,completed,91.00,0.00,2026-01-13
101929,C-1080,2026-01-13,2026-01-13 16:31:11,store,completed,58.00,0.00,2026-01-13
101930,C-1094,2026-01-13,2026-01-13 23:48:06,store,cancelled,100.50,0.00,
101931,C-1394,2026-01-15,2026-01-15 18:14:28,store,completed,35.00,0.00,2026-01-15
101932,C-1049,2026-01-15,2026-01-15 15:10:25,online,completed,528.00,0.00,2026-01-17
101933,C-1096,2026-01-15,2026-01-15 13:23:03,store,completed,74.00,0.00,2026-01-15
101934,C-1337,2026-01-15,2026-01-15 22:21:36,store,completed,29.00,0.00,2026-01-15
101935,C-1307,2026-01-15,2026-01-15 15:35:43,online,completed,500.00,0.00,2026-01-19
101936,C-1267,2026-01-15,2026-01-15 17:37:34,online,completed,135.50,0.00,2026-01-16
101937,C-1160,2026-01-16,2026-01-16 15:01:04,online,completed,39.00,2.50,2026-01-19
101938,C-1275,2026-01-16,2026-01-16 13:32:24,store,completed,23.00,0.00,2026-01-16
101939,C-1307,2026-01-17,2026-01-17 15:25:55,online,completed,680.00,0.00,2026-01-21
101940,C-1455,2026-01-17,2026-01-17 13:53:57,store,completed,28.50,0.00,2026-01-17
101941,C-1383,2026-01-17,2026-01-17 19:09:37,online,completed,40.00,2.50,2026-01-20
101942,C-1495,2026-01-17,2026-01-17 17:32:51,store,completed,25.00,0.00,2026-01-17
101943,C-1458,2026-01-17,2026-01-17 23:02:07,store,completed,84.50,0.00,2026-01-17
101944,C-1436,2026-01-17,2026-01-17 14:51:38,online,completed,38.50,2.50,2026-01-21
101945,C-1357,2026-01-18,2026-01-18 09:32:46,online,completed,7.50,2.50,2026-01-19
101946,C-1343,2026-01-18,2026-01-18 11:42:19,online,completed,38.50,2.50,2026-01-21
101947,C-1436,2026-01-18,2026-01-18 17:46:21,online,completed,94.50,0.00,2026-01-22
101948,C-1451,2026-01-18,2026-01-18 18:59:39,store,completed,9.50,0.00,2026-01-18
101949,C-1196,2026-01-19,2026-01-19 16:40:42,online,completed,98.50,0.00,2026-01-21
101950,C-1485,2026-01-19,2026-01-19 10:53:18,store,completed,134.00,0.00,2026-01-19
101951,C-1217,2026-01-19,2026-01-19 21:44:31,store,completed,72.00,0.00,2026-01-19
101952,C-1270,2026-01-19,2026-01-19 16:02:23,online,completed,11.00,2.50,2026-01-21
101953,C-1460,2026-01-19,2026-01-19 18:35:11,online,completed,94.50,0.00,2026-01-22
101954,C-1378,2026-01-19,2026-01-19 17:50:11,store,cancelled,14.50,0.00,
101955,C-1431,2026-01-19,2026-01-19 18:03:36,online,completed,64.00,0.00,2026-01-23
101956,C-1311,2026-01-20,2026-01-20 17:45:15,store,completed,34.50,0.00,2026-01-20
101957,C-1009,2026-01-20,2026-01-20 16:03:41,store,completed,124.50,0.00,2026-01-20
101958,C-1294,2026-01-20,2026-01-20 16:47:18,store,completed,111.50,0.00,2026-01-20
101959,C-1486,2026-01-21,2026-01-21 11:47:04,online,completed,105.00,0.00,2026-01-23
101960,C-1030,2026-01-21,2026-01-21 14:14:45,store,completed,27.50,0.00,2026-01-21
101961,C-1269,2026-01-21,2026-01-21 22:52:52,store,completed,42.50,0.00,2026-01-21
101962,C-1379,2026-01-21,2026-01-21 19:44:17,online,completed,114.00,0.00,2026-01-23
101963,C-1025,2026-01-22,2026-01-22 20:48:08,online,completed,75.50,0.00,2026-01-24
101964,C-1379,2026-01-22,2026-01-22 19:09:25,store,completed,7.50,0.00,2026-01-22
101965,C-1379,2026-01-22,2026-01-22 21:30:51,store,completed,29.00,0.00,2026-01-22
101966,C-1047,2026-01-22,2026-01-22 09:29:16,store,completed,21.50,0.00,2026-01-22
101967,C-1239,2026-01-22,2026-01-22 16:05:00,online,completed,126.50,0.00,2026-01-23
101968,C-1335,2026-01-22,2026-01-22 20:16:08,store,completed,44.50,0.00,2026-01-22
101969,C-1227,2026-01-23,2026-01-23 17:20:04,online,completed,42.00,2.50,2026-01-26
101970,C-1177,2026-01-23,2026-01-23 12:28:49,store,completed,9.00,0.00,2026-01-23
101971,C-1165,2026-01-23,2026-01-23 11:00:41,store,completed,488.00,0.00,2026-01-23
101972,C-1393,2026-01-23,2026-01-23 16:20:33,store,completed,30.50,0.00,2026-01-23
101973,C-1472,2026-01-24,2026-01-24 12:44:47,store,cancelled,63.50,0.00,
101974,C-1242,2026-01-24,2026-01-24 15:26:45,store,completed,82.50,0.00,2026-01-24
101975,C-1419,2026-01-24,2026-01-24 17:01:09,store,completed,17.00,0.00,2026-01-24
101976,C-1354,2026-01-24,2026-01-24 16:56:55,store,completed,312.00,0.00,2026-01-24
101977,C-1080,2026-01-24,2026-01-24 17:06:35,store,completed,8.50,0.00,2026-01-24
101978,C-1254,2026-01-24,2026-01-24 11:36:37,store,completed,30.50,0.00,2026-01-24
101979,C-1091,2026-01-25,2026-01-25 10:00:02,online,completed,62.50,0.00,2026-01-29
101980,C-1338,2026-01-25,2026-01-25 17:00:29,online,completed,32.00,2.50,2026-01-28
101981,C-1348,2026-01-25,2026-01-25 11:36:20,online,completed,33.50,2.50,2026-01-27
101982,C-1417,2026-01-25,2026-01-25 09:38:25,store,completed,225.00,0.00,2026-01-25
101983,C-1230,2026-01-25,2026-01-25 21:58:48,store,completed,33.00,0.00,2026-01-25
101984,C-1148,2026-01-25,2026-01-25 13:04:17,online,completed,27.50,2.50,2026-01-28
101985,C-1451,2026-01-26,2026-01-26 21:54:20,online,cancelled,62.50,0.00,
101986,C-1251,2026-01-26,2026-01-26 18:04:37,online,completed,53.50,0.00,2026-01-28
101987,C-1380,2026-01-26,2026-01-26 18:38:35,store,completed,505.00,0.00,2026-01-26
101988,C-1355,2026-01-26,2026-01-26 15:07:44,store,cancelled,82.00,0.00,
101989,C-1382,2026-01-26,2026-01-26 10:39:40,online,completed,127.50,0.00,2026-01-30
101990,C-1057,2026-01-26,2026-01-26 23:07:31,store,cancelled,196.00,0.00,
101991,C-1267,2026-01-27,2026-01-27 13:42:50,store,completed,50.50,0.00,2026-01-27
101992,C-1008,2026-01-27,2026-01-27 14:02:54,store,completed,48.00,0.00,2026-01-27
101993,C-1335,2026-01-27,2026-01-27 11:16:37,store,completed,23.50,0.00,2026-01-27
101994,C-1103,2026-01-28,2026-01-28 18:01:29,store,completed,28.00,0.00,2026-01-28
101995,C-1142,2026-01-28,2026-01-28 12:24:19,online,completed,152.00,0.00,2026-01-30
101996,C-1052,2026-01-29,2026-01-29 19:31:52,store,completed,12.50,0.00,2026-01-29
101997,C-1049,2026-01-29,2026-01-29 14:08:56,store,completed,416.50,0.00,2026-01-29
101998,C-1379,2026-01-29,2026-01-29 10:28:57,store,completed,8.00,0.00,2026-01-29
101999,C-1090,2026-01-30,2026-01-30 18:47:06,store,completed,381.00,0.00,2026-01-30
102000,C-1401,2026-01-30,2026-01-30 19:08:51,store,completed,280.00,0.00,2026-01-30
102001,C-1116,2026-01-30,2026-01-30 20:29:35,store,completed,58.00,0.00,2026-01-30
102002,C-1409,2026-01-30,2026-01-30 16:33:08,online,completed,81.50,0.00,2026-02-03
102003,C-1338,2026-01-30,2026-01-30 09:39:09,online,completed,70.00,0.00,2026-02-02
102004,C-1487,2026-01-30,2026-01-30 11:01:39,store,completed,45.00,0.00,2026-01-30
102005,C-1148,2026-01-31,2026-01-31 14:33:43,store,completed,145.00,0.00,2026-01-31
102006,C-1034,2026-01-31,2026-01-31 21:22:05,store,completed,19.50,0.00,2026-01-31
102007,C-1450,2026-01-31,2026-01-31 17:12:26,store,completed,63.50,0.00,2026-01-31
102008,C-1267,2026-01-31,2026-01-31 16:41:56,online,completed,100.50,0.00,2026-02-03
102009,C-1103,2026-02-01,2026-02-01 21:33:17,online,completed,164.50,0.00,2026-02-02
102010,C-1073,2026-02-01,2026-02-01 20:10:40,store,cancelled,48.00,0.00,
102011,C-1189,2026-02-01,2026-02-01 19:56:05,online,completed,79.00,0.00,2026-02-03
102012,C-1297,2026-02-01,2026-02-01 22:44:10,online,completed,25.00,2.50,2026-02-05
102013,C-1267,2026-02-01,2026-02-01 16:10:02,online,completed,50.00,0.00,2026-02-04
102014,C-1335,2026-02-01,2026-02-01 20:50:50,store,completed,60.00,0.00,2026-02-01
102015,C-1459,2026-02-02,2026-02-02 13:47:29,store,completed,175.50,0.00,2026-02-02
102016,C-1377,2026-02-02,2026-02-02 18:29:08,store,completed,408.00,0.00,2026-02-02
102017,C-1052,2026-02-03,2026-02-03 21:33:33,online,cancelled,36.00,2.50,
102018,C-1094,2026-02-03,2026-02-03 15:55:21,store,completed,47.00,0.00,2026-02-03
102019,C-1242,2026-02-03,2026-02-03 11:11:47,store,completed,576.00,0.00,2026-02-03
102020,C-1307,2026-02-03,2026-02-03 17:10:36,online,completed,174.00,0.00,2026-02-06
102021,C-1334,2026-02-03,2026-02-03 19:14:19,online,completed,210.00,0.00,2026-02-04
102022,C-1391,2026-02-03,2026-02-03 18:38:51,store,completed,10.00,0.00,2026-02-03
102023,C-1122,2026-02-04,2026-02-04 19:35:51,store,completed,75.50,0.00,2026-02-04
102024,C-1404,2026-02-04,2026-02-04 14:33:44,store,completed,47.00,0.00,2026-02-04
102025,C-1270,2026-02-04,2026-02-04 13:26:30,store,completed,43.00,0.00,2026-02-04
102026,C-1007,2026-02-05,2026-02-05 14:39:37,store,completed,50.00,0.00,2026-02-05
102027,C-1278,2026-02-06,2026-02-06 16:08:43,online,completed,41.50,2.50,2026-02-08
102028,C-1267,2026-02-06,2026-02-06 17:11:35,online,completed,92.00,0.00,2026-02-09
102029,C-1115,2026-02-06,2026-02-06 16:36:26,store,completed,129.00,0.00,2026-02-06
102030,C-1030,2026-02-06,2026-02-06 18:26:14,online,completed,62.00,0.00,2026-02-09
102031,C-1190,2026-02-07,2026-02-07 13:20:08,store,completed,32.00,0.00,2026-02-07
102032,C-1091,2026-02-07,2026-02-07 17:00:40,online,completed,34.00,2.50,2026-02-09
102033,C-1270,2026-02-07,2026-02-07 18:14:04,store,completed,31.50,0.00,2026-02-07
102034,C-1135,2026-02-08,2026-02-08 11:07:36,store,completed,31.00,0.00,2026-02-08
102035,C-1499,2026-02-08,2026-02-08 22:24:04,online,cancelled,38.50,2.50,
102036,C-1160,2026-02-08,2026-02-08 14:55:44,store,completed,25.50,0.00,2026-02-08
102037,C-1363,2026-02-08,2026-02-08 10:31:23,store,completed,33.00,0.00,2026-02-08
102038,C-1267,2026-02-09,2026-02-09 11:26:08,store,completed,23.50,0.00,2026-02-09
102039,C-1096,2026-02-09,2026-02-09 17:14:26,store,completed,87.50,0.00,2026-02-09
102040,C-1270,2026-02-09,2026-02-09 10:29:10,store,completed,32.50,0.00,2026-02-09
102041,C-1286,2026-02-10,2026-02-10 19:44:16,online,completed,16.00,2.50,2026-02-11
102042,C-1160,2026-02-10,2026-02-10 19:50:00,store,completed,48.50,0.00,2026-02-10
102043,C-1152,2026-02-10,2026-02-10 19:33:19,online,completed,63.00,0.00,2026-02-12
102044,C-1307,2026-02-10,2026-02-10 16:09:38,online,completed,55.00,0.00,2026-02-14
102045,C-1335,2026-02-11,2026-02-11 16:07:15,store,completed,113.50,0.00,2026-02-11
102046,C-1455,2026-02-11,2026-02-11 21:43:56,online,completed,6.00,2.50,2026-02-12
102047,C-1007,2026-02-12,2026-02-12 14:19:54,store,completed,16.50,0.00,2026-02-12
102048,C-1021,2026-02-12,2026-02-12 18:11:57,store,completed,18.00,0.00,2026-02-12
102049,C-1386,2026-02-12,2026-02-12 21:57:27,store,completed,42.00,0.00,2026-02-12
102050,C-1003,2026-02-12,2026-02-12 14:49:45,store,cancelled,473.50,0.00,
102051,C-1444,2026-02-12,2026-02-12 12:11:27,store,completed,66.00,0.00,2026-02-12
102052,C-1045,2026-02-13,2026-02-13 09:54:28,online,cancelled,49.50,2.50,
102053,C-1286,2026-02-13,2026-02-13 18:04:57,online,completed,63.50,0.00,2026-02-17
102054,C-1245,2026-02-13,2026-02-13 15:06:15,online,cancelled,62.50,0.00,
102055,C-1008,2026-02-14,2026-02-14 18:40:59,store,completed,1020.00,0.00,2026-02-14
102056,C-1474,2026-02-14,2026-02-14 12:49:43,online,completed,63.00,0.00,2026-02-15
102057,C-1335,2026-02-14,2026-02-14 13:12:04,store,completed,105.50,0.00,2026-02-14
102058,C-1209,2026-02-14,2026-02-14 18:29:05,store,completed,16.50,0.00,2026-02-14
102059,C-1062,2026-02-15,2026-02-15 22:22:17,online,completed,38.50,2.50,2026-02-16
102060,C-1326,2026-02-15,2026-02-15 12:49:13,online,completed,21.00,2.50,2026-02-18
102061,C-1212,2026-02-15,2026-02-15 16:22:05,store,completed,22.00,0.00,2026-02-15
102062,C-1248,2026-02-15,2026-02-15 16:20:55,store,completed,82.00,0.00,2026-02-15
102063,C-1450,2026-02-15,2026-02-15 16:25:43,store,completed,24.00,0.00,2026-02-15
102064,C-1080,2026-02-16,2026-02-16 18:47:02,online,completed,114.00,0.00,2026-02-18
102065,C-1379,2026-02-16,2026-02-16 19:04:35,store,completed,16.50,0.00,2026-02-16
102066,C-1090,2026-02-16,2026-02-16 11:25:31,store,completed,526.00,0.00,2026-02-16
102067,C-1235,2026-02-16,2026-02-16 17:42:03,store,completed,255.00,0.00,2026-02-16
102068,C-1001,2026-02-16,2026-02-16 11:16:09,store,completed,41.50,0.00,2026-02-16
102069,C-1135,2026-02-16,2026-02-16 13:48:39,store,completed,26.00,0.00,2026-02-16
102070,C-1008,2026-02-16,2026-02-16 18:12:21,store,completed,118.50,0.00,2026-02-16
102071,C-1167,2026-02-17,2026-02-17 18:05:34,store,completed,125.50,0.00,2026-02-17
102072,C-1379,2026-02-18,2026-02-18 16:02:36,store,completed,51.00,0.00,2026-02-18
102073,C-1177,2026-02-18,2026-02-18 18:41:11,online,completed,21.50,2.50,2026-02-21
102074,C-1346,2026-02-18,2026-02-18 19:45:07,store,completed,54.50,0.00,2026-02-18
102075,C-1084,2026-02-18,2026-02-18 15:01:34,online,completed,217.00,0.00,2026-02-22
102076,C-1016,2026-02-18,2026-02-18 19:57:54,store,completed,29.00,0.00,2026-02-18
102077,C-1455,2026-02-18,2026-02-18 11:22:16,store,completed,19.00,0.00,2026-02-18
102078,C-1270,2026-02-18,2026-02-18 09:05:22,store,completed,106.00,0.00,2026-02-18
102079,C-1381,2026-02-19,2026-02-19 20:26:46,store,completed,5.50,0.00,2026-02-19
102080,C-1090,2026-02-19,2026-02-19 20:06:07,store,completed,618.00,0.00,2026-02-19
102081,C-1194,2026-02-19,2026-02-19 13:07:26,online,completed,49.00,2.50,2026-02-22
102082,C-1232,2026-02-19,2026-02-19 14:05:37,online,completed,21.00,2.50,2026-02-22
102083,C-1160,2026-02-19,2026-02-19 17:32:15,store,completed,38.00,0.00,2026-02-19
102084,C-1265,2026-02-19,2026-02-19 14:57:44,store,completed,60.00,0.00,2026-02-19
102085,C-1470,2026-02-19,2026-02-19 14:39:42,store,completed,163.50,0.00,2026-02-19
102086,C-1432,2026-02-19,2026-02-19 21:17:56,online,completed,42.00,2.50,2026-02-21
102087,C-1167,2026-02-19,2026-02-19 23:35:51,store,completed,48.00,0.00,2026-02-19
102088,C-1335,2026-02-20,2026-02-20 22:25:18,online,cancelled,45.50,2.50,
102089,C-1278,2026-02-20,2026-02-20 22:21:26,store,completed,48.00,0.00,2026-02-20
102090,C-1379,2026-02-20,2026-02-20 11:04:15,store,completed,7.50,0.00,2026-02-20
102091,C-1245,2026-02-20,2026-02-20 15:46:42,store,completed,193.50,0.00,2026-02-20
102092,C-1357,2026-02-20,2026-02-20 19:10:20,store,completed,209.50,0.00,2026-02-20
102093,C-1335,2026-02-21,2026-02-21 20:42:28,store,cancelled,94.50,0.00,
102094,C-1449,2026-02-21,2026-02-21 14:53:22,store,completed,127.50,0.00,2026-02-21
102095,C-1230,2026-02-21,2026-02-21 18:59:36,online,completed,40.00,2.50,2026-02-24
102096,C-1470,2026-02-22,2026-02-22 22:57:20,store,cancelled,189.50,0.00,
102097,C-1411,2026-02-22,2026-02-22 18:44:30,online,completed,550.00,0.00,2026-02-24
102098,C-1335,2026-02-22,2026-02-22 16:30:53,store,completed,66.50,0.00,2026-02-22
102099,C-1270,2026-02-22,2026-02-22 17:08:54,online,completed,47.00,2.50,2026-02-25
102100,C-1379,2026-02-23,2026-02-23 14:15:27,online,completed,51.50,0.00,2026-02-27
102101,C-1203,2026-02-23,2026-02-23 15:39:05,online,completed,60.50,0.00,2026-02-26
102102,C-1270,2026-02-23,2026-02-23 16:49:19,store,cancelled,46.50,0.00,
102103,C-1004,2026-02-23,2026-02-23 12:26:02,store,completed,87.00,0.00,2026-02-23
102104,C-1167,2026-02-24,2026-02-24 17:28:26,online,completed,70.00,0.00,2026-02-26
102105,C-1007,2026-02-24,2026-02-24 13:11:40,online,completed,61.00,0.00,2026-02-28
102106,C-1077,2026-02-24,2026-02-24 12:55:52,store,completed,16.50,0.00,2026-02-24
102107,C-1318,2026-02-24,2026-02-24 15:34:39,online,completed,47.00,2.50,2026-02-28
102108,C-1335,2026-02-24,2026-02-24 20:08:56,online,completed,57.50,0.00,2026-02-25
102109,C-1487,2026-02-24,2026-02-24 19:15:06,store,completed,29.50,0.00,2026-02-24
102110,C-1160,2026-02-24,2026-02-24 21:11:48,store,completed,74.00,0.00,2026-02-24
102111,C-1267,2026-02-25,2026-02-25 11:39:25,store,completed,99.50,0.00,2026-02-25
102112,C-1355,2026-02-25,2026-02-25 17:05:20,store,completed,53.00,0.00,2026-02-25
102113,C-1009,2026-02-25,2026-02-25 12:57:47,store,cancelled,157.00,0.00,
102114,C-1043,2026-02-25,2026-02-25 11:25:20,online,completed,32.00,2.50,2026-03-01
102115,C-1334,2026-02-25,2026-02-25 16:52:40,online,completed,212.50,0.00,2026-02-28
102116,C-1114,2026-02-25,2026-02-25 15:41:22,online,completed,31.50,2.50,2026-02-26
102117,C-1335,2026-02-25,2026-02-25 16:21:16,store,completed,41.00,0.00,2026-02-25
102118,C-1098,2026-02-25,2026-02-25 13:31:47,store,completed,18.00,0.00,2026-02-25
102119,C-1301,2026-02-25,2026-02-25 22:08:43,store,completed,61.00,0.00,2026-02-25
102120,C-1297,2026-02-25,2026-02-25 19:10:39,online,completed,103.00,0.00,2026-02-27
102121,C-1167,2026-02-25,2026-02-25 17:24:44,online,completed,156.00,0.00,2026-02-26
102122,C-1419,2026-02-25,2026-02-25 12:45:00,store,completed,53.00,0.00,2026-02-25
102123,C-1007,2026-02-26,2026-02-26 10:24:12,store,completed,33.50,0.00,2026-02-26
102124,C-1160,2026-02-26,2026-02-26 10:29:18,online,completed,19.00,2.50,2026-03-01
102125,C-1272,2026-02-26,2026-02-26 18:39:39,store,completed,17.50,0.00,2026-02-26
102126,C-1191,2026-02-26,2026-02-26 17:27:34,store,completed,66.00,0.00,2026-02-26
102127,C-1358,2026-02-26,2026-02-26 17:47:29,store,completed,138.00,0.00,2026-02-26
102128,C-1148,2026-02-27,2026-02-27 15:19:38,store,completed,78.00,0.00,2026-02-27
102129,C-1468,2026-02-27,2026-02-27 18:06:13,store,completed,108.00,0.00,2026-02-27
102130,C-1114,2026-02-27,2026-02-27 20:21:14,online,completed,47.00,2.50,2026-03-02
102131,C-1380,2026-02-27,2026-02-27 21:13:57,online,completed,344.00,0.00,2026-03-02
102132,C-1352,2026-02-27,2026-02-27 19:08:31,store,completed,80.50,0.00,2026-02-27
102133,C-1270,2026-02-27,2026-02-27 23:28:22,store,completed,124.00,0.00,2026-02-27
102134,C-1270,2026-02-27,2026-02-27 13:06:47,store,cancelled,63.00,0.00,
102135,C-1448,2026-02-28,2026-02-28 12:22:54,online,completed,58.50,0.00,2026-03-04
102136,C-1267,2026-02-28,2026-02-28 17:18:26,online,completed,54.50,0.00,2026-03-03
102137,C-1008,2026-02-28,2026-02-28 17:41:34,store,completed,891.00,0.00,2026-02-28
102138,C-1003,2026-02-28,2026-02-28 13:14:34,store,completed,367.50,0.00,2026-02-28
102139,C-1171,2026-02-28,2026-02-28 18:03:53,online,completed,7.50,2.50,2026-03-02
102140,C-1314,2026-02-28,2026-02-28 21:15:40,store,completed,60.50,0.00,2026-02-28
102141,C-1335,2026-02-28,2026-02-28 20:33:57,store,completed,78.00,0.00,2026-02-28
102142,C-1008,2026-02-28,2026-02-28 14:52:26,online,completed,573.00,0.00,2026-03-02
102143,C-1073,2026-03-01,2026-03-01 20:17:33,online,completed,13.00,2.50,2026-03-05
102144,C-1278,2026-03-01,2026-03-01 15:03:43,store,completed,212.00,0.00,2026-03-01
102145,C-1335,2026-03-01,2026-03-01 14:57:50,online,completed,28.50,2.50,2026-03-03
102146,C-1491,2026-03-01,2026-03-01 17:07:59,store,completed,65.00,0.00,2026-03-01
102147,C-1382,2026-03-01,2026-03-01 17:27:41,store,completed,27.00,0.00,2026-03-01
102148,C-1148,2026-03-01,2026-03-01 17:44:59,store,completed,123.00,0.00,2026-03-01
102149,C-1223,2026-03-01,2026-03-01 21:51:15,store,completed,125.00,0.00,2026-03-01
102150,C-1261,2026-03-02,2026-03-02 18:54:35,store,completed,63.50,0.00,2026-03-02
102151,C-1270,2026-03-02,2026-03-02 23:17:11,store,completed,80.00,0.00,2026-03-02
102152,C-1345,2026-03-02,2026-03-02 13:01:02,store,completed,34.00,0.00,2026-03-02
102153,C-1419,2026-03-02,2026-03-02 11:50:34,store,completed,36.00,0.00,2026-03-02
102154,C-1200,2026-03-02,2026-03-02 16:26:18,online,completed,93.00,0.00,2026-03-04
102155,C-1160,2026-03-02,2026-03-02 20:14:48,store,completed,84.00,0.00,2026-03-02
102156,C-1168,2026-03-02,2026-03-02 12:53:51,online,completed,226.00,0.00,2026-03-03
102157,C-1469,2026-03-02,2026-03-02 10:47:57,store,completed,78.00,0.00,2026-03-02
102158,C-1474,2026-03-02,2026-03-02 15:26:00,store,completed,47.50,0.00,2026-03-02
102159,C-1258,2026-03-02,2026-03-02 13:27:23,store,completed,132.50,0.00,2026-03-02
102160,C-1135,2026-03-03,2026-03-03 10:44:06,store,completed,26.00,0.00,2026-03-03
102161,C-1265,2026-03-03,2026-03-03 19:22:15,store,completed,36.00,0.00,2026-03-03
102162,C-1035,2026-03-03,2026-03-03 13:50:06,online,completed,117.00,0.00,2026-03-05
102163,C-1135,2026-03-03,2026-03-03 17:41:32,store,completed,14.00,0.00,2026-03-03
102164,C-1270,2026-03-03,2026-03-03 19:44:27,online,completed,40.00,2.50,2026-03-04
102165,C-1254,2026-03-03,2026-03-03 12:00:25,store,completed,12.00,0.00,2026-03-03
102166,C-1335,2026-03-04,2026-03-04 16:55:40,online,completed,129.00,0.00,2026-03-07
102167,C-1160,2026-03-04,2026-03-04 18:47:07,online,completed,46.00,2.50,2026-03-06
102168,C-1380,2026-03-04,2026-03-04 11:57:47,online,completed,420.00,0.00,2026-03-07
102169,C-1446,2026-03-04,2026-03-04 13:13:44,store,completed,46.00,0.00,2026-03-04
102170,C-1068,2026-03-04,2026-03-04 16:56:25,store,completed,109.00,0.00,2026-03-04
102171,C-1163,2026-03-04,2026-03-04 11:51:57,store,completed,359.00,0.00,2026-03-04
102172,C-1343,2026-03-04,2026-03-04 20:34:49,store,completed,26.00,0.00,2026-03-04
102173,C-1114,2026-03-04,2026-03-04 19:44:21,store,completed,72.50,0.00,2026-03-04
102174,C-1381,2026-03-05,2026-03-05 12:21:24,online,completed,23.50,2.50,2026-03-09
102175,C-1462,2026-03-05,2026-03-05 11:07:10,online,completed,34.50,2.50,2026-03-06
102176,C-1470,2026-03-05,2026-03-05 18:05:29,store,completed,91.50,0.00,2026-03-05
102177,C-1270,2026-03-05,2026-03-05 09:02:27,store,completed,116.00,0.00,2026-03-05
102178,C-1036,2026-03-06,2026-03-06 17:18:07,store,completed,111.00,0.00,2026-03-06
102179,C-1267,2026-03-07,2026-03-07 18:30:27,online,completed,98.00,0.00,2026-03-10
102180,C-1278,2026-03-07,2026-03-07 14:16:47,store,completed,83.50,0.00,2026-03-07
102181,C-1193,2026-03-07,2026-03-07 16:24:49,store,completed,69.00,0.00,2026-03-07
102182,C-1460,2026-03-07,2026-03-07 15:56:16,online,completed,80.50,0.00,2026-03-08
102183,C-1236,2026-03-08,2026-03-08 16:02:24,store,completed,147.50,0.00,2026-03-08
102184,C-1128,2026-03-08,2026-03-08 17:40:58,store,completed,12.50,0.00,2026-03-08
102185,C-1379,2026-03-08,2026-03-08 20:25:13,store,completed,66.00,0.00,2026-03-08
102186,C-1450,2026-03-08,2026-03-08 17:55:32,online,completed,52.00,0.00,2026-03-11
102187,C-1101,2026-03-08,2026-03-08 12:53:08,store,completed,83.00,0.00,2026-03-08
102188,C-1073,2026-03-08,2026-03-08 21:39:44,online,completed,70.50,0.00,2026-03-09
102189,C-1025,2026-03-08,2026-03-08 17:37:19,online,completed,16.50,2.50,2026-03-11
102190,C-1044,2026-03-08,2026-03-08 12:26:38,store,completed,12.50,0.00,2026-03-08
102191,C-1160,2026-03-09,2026-03-09 18:25:48,store,completed,36.00,0.00,2026-03-09
102192,C-1080,2026-03-09,2026-03-09 18:54:33,store,completed,107.00,0.00,2026-03-09
102193,C-1194,2026-03-09,2026-03-09 09:24:15,store,completed,24.00,0.00,2026-03-09
102194,C-1397,2026-03-09,2026-03-09 18:04:20,store,completed,44.00,0.00,2026-03-09
102195,C-1030,2026-03-10,2026-03-10 16:38:16,store,completed,118.00,0.00,2026-03-10
102196,C-1380,2026-03-10,2026-03-10 09:40:43,store,completed,103.50,0.00,2026-03-10
102197,C-1267,2026-03-11,2026-03-11 18:43:35,online,completed,23.00,2.50,2026-03-12
102198,C-1185,2026-03-11,2026-03-11 19:40:17,store,completed,44.00,0.00,2026-03-11
102199,C-1160,2026-03-11,2026-03-11 18:04:11,store,completed,109.00,0.00,2026-03-11
102200,C-1038,2026-03-11,2026-03-11 14:40:25,store,completed,55.00,0.00,2026-03-11
102201,C-1455,2026-03-11,2026-03-11 15:15:36,online,completed,33.00,2.50,2026-03-12
102202,C-1267,2026-03-11,2026-03-11 17:00:15,online,completed,26.00,2.50,2026-03-13
102203,C-1160,2026-03-11,2026-03-11 18:50:27,store,completed,48.00,0.00,2026-03-11
102204,C-1416,2026-03-11,2026-03-11 19:41:57,store,completed,81.50,0.00,2026-03-11
102205,C-1122,2026-03-12,2026-03-12 16:42:35,online,completed,28.00,2.50,2026-03-16
102206,C-1102,2026-03-12,2026-03-12 22:58:10,store,completed,37.50,0.00,2026-03-12
102207,C-1103,2026-03-12,2026-03-12 18:04:51,store,completed,67.50,0.00,2026-03-12
102208,C-1469,2026-03-12,2026-03-12 16:05:11,store,completed,492.50,0.00,2026-03-12
102209,C-1009,2026-03-13,2026-03-13 12:06:26,online,completed,26.50,2.50,2026-03-16
102210,C-1160,2026-03-13,2026-03-13 18:25:51,store,cancelled,36.00,0.00,
102211,C-1043,2026-03-13,2026-03-13 21:05:13,store,completed,60.00,0.00,2026-03-13
102212,C-1257,2026-03-13,2026-03-13 11:19:06,store,completed,43.50,0.00,2026-03-13
102213,C-1265,2026-03-13,2026-03-13 13:43:21,online,completed,26.00,2.50,2026-03-15
102214,C-1380,2026-03-13,2026-03-13 16:30:48,online,completed,245.00,0.00,2026-03-16
102215,C-1223,2026-03-13,2026-03-13 12:15:00,store,completed,317.50,0.00,2026-03-13
102216,C-1177,2026-03-14,2026-03-14 13:43:15,online,completed,14.00,2.50,2026-03-17
102217,C-1454,2026-03-14,2026-03-14 18:01:21,online,completed,72.50,0.00,2026-03-15
102218,C-1455,2026-03-14,2026-03-14 16:10:46,store,completed,85.00,0.00,2026-03-14
102219,C-1030,2026-03-14,2026-03-14 23:24:04,store,completed,79.50,0.00,2026-03-14
102220,C-1379,2026-03-15,2026-03-15 23:27:41,store,completed,7.50,0.00,2026-03-15
102221,C-1267,2026-03-15,2026-03-15 12:45:19,store,cancelled,62.50,0.00,
102222,C-1419,2026-03-15,2026-03-15 16:51:18,store,completed,46.50,0.00,2026-03-15
102223,C-1242,2026-03-16,2026-03-16 18:24:23,store,completed,241.00,0.00,2026-03-16
102224,C-1270,2026-03-16,2026-03-16 15:20:44,store,completed,29.00,0.00,2026-03-16
102225,C-1161,2026-03-16,2026-03-16 16:21:52,store,completed,82.00,0.00,2026-03-16
102226,C-1041,2026-03-16,2026-03-16 23:33:05,online,completed,53.50,0.00,2026-03-19
102227,C-1318,2026-03-16,2026-03-16 16:55:57,store,completed,98.50,0.00,2026-03-16
102228,C-1085,2026-03-16,2026-03-16 17:02:59,store,completed,649.00,0.00,2026-03-16
102229,C-1335,2026-03-16,2026-03-16 22:02:19,store,completed,7.50,0.00,2026-03-16
102230,C-1443,2026-03-16,2026-03-16 11:23:33,store,completed,22.00,0.00,2026-03-16
102231,C-1097,2026-03-17,2026-03-17 10:17:41,store,completed,105.50,0.00,2026-03-17
102232,C-1077,2026-03-17,2026-03-17 16:21:22,online,cancelled,65.00,0.00,
102233,C-1338,2026-03-17,2026-03-17 19:14:05,online,completed,81.50,0.00,2026-03-21
102234,C-1380,2026-03-17,2026-03-17 13:09:30,online,completed,420.00,0.00,2026-03-21
102235,C-1390,2026-03-17,2026-03-17 11:23:49,online,completed,51.00,0.00,2026-03-20
102236,C-1015,2026-03-18,2026-03-18 19:44:56,store,completed,49.00,0.00,2026-03-18
102237,C-1235,2026-03-18,2026-03-18 12:28:12,store,completed,388.00,0.00,2026-03-18
102238,C-1386,2026-03-18,2026-03-18 17:44:18,store,completed,18.00,0.00,2026-03-18
102239,C-1341,2026-03-18,2026-03-18 14:42:08,store,cancelled,405.50,0.00,
102240,C-1162,2026-03-18,2026-03-18 13:07:57,store,completed,182.00,0.00,2026-03-18
102241,C-1023,2026-03-19,2026-03-19 21:04:36,store,completed,39.00,0.00,2026-03-19
102242,C-1091,2026-03-19,2026-03-19 14:37:16,online,completed,100.00,0.00,2026-03-22
102243,C-1379,2026-03-20,2026-03-20 19:50:20,online,cancelled,64.00,0.00,
102244,C-1160,2026-03-21,2026-03-21 17:30:40,online,completed,32.50,2.50,2026-03-24
102245,C-1436,2026-03-21,2026-03-21 12:04:08,online,completed,62.00,0.00,2026-03-22
102246,C-1379,2026-03-22,2026-03-22 15:07:05,online,completed,81.00,0.00,2026-03-25
102247,C-1077,2026-03-22,2026-03-22 22:06:16,store,completed,47.00,0.00,2026-03-22
102248,C-1209,2026-03-22,2026-03-22 21:58:32,online,completed,140.00,0.00,2026-03-23
102249,C-1289,2026-03-22,2026-03-22 09:46:32,online,completed,36.00,2.50,2026-03-24
102250,C-1153,2026-03-22,2026-03-22 18:28:17,store,completed,40.50,0.00,2026-03-22
102251,C-1128,2026-03-22,2026-03-22 23:50:57,online,cancelled,89.00,0.00,
102252,C-1469,2026-03-23,2026-03-23 16:36:19,online,completed,63.00,0.00,2026-03-24
102253,C-1007,2026-03-23,2026-03-23 21:04:01,online,completed,58.00,0.00,2026-03-24
102254,C-1324,2026-03-23,2026-03-23 22:11:40,store,completed,289.00,0.00,2026-03-23
102255,C-1354,2026-03-24,2026-03-24 20:11:50,store,completed,29.00,0.00,2026-03-24
102256,C-1165,2026-03-24,2026-03-24 16:36:46,online,completed,285.00,0.00,2026-03-28
102257,C-1437,2026-03-24,2026-03-24 12:48:31,store,completed,107.50,0.00,2026-03-24
102258,C-1347,2026-03-24,2026-03-24 15:40:19,online,completed,451.00,0.00,2026-03-25
102259,C-1102,2026-03-24,2026-03-24 16:05:12,online,completed,52.00,0.00,2026-03-28
102260,C-1167,2026-03-24,2026-03-24 15:12:18,store,completed,121.00,0.00,2026-03-24
102261,C-1269,2026-03-24,2026-03-24 21:27:44,online,completed,16.50,2.50,2026-03-26
102262,C-1270,2026-03-24,2026-03-24 17:46:45,store,completed,93.00,0.00,2026-03-24
102263,C-1188,2026-03-25,2026-03-25 18:37:55,online,completed,6.00,2.50,2026-03-27
102264,C-1266,2026-03-25,2026-03-25 12:40:19,store,completed,66.00,0.00,2026-03-25
102265,C-1168,2026-03-25,2026-03-25 13:33:18,online,completed,36.00,2.50,2026-03-28
102266,C-1242,2026-03-25,2026-03-25 15:34:01,store,completed,54.00,0.00,2026-03-25
102267,C-1091,2026-03-26,2026-03-26 14:58:37,online,cancelled,130.50,0.00,
102268,C-1122,2026-03-26,2026-03-26 17:19:21,store,completed,44.00,0.00,2026-03-26
102269,C-1025,2026-03-26,2026-03-26 13:24:30,online,completed,157.00,0.00,2026-03-27
102270,C-1218,2026-03-26,2026-03-26 14:07:59,store,completed,27.50,0.00,2026-03-26
102271,C-1030,2026-03-26,2026-03-26 16:21:10,online,completed,12.50,2.50,2026-03-28
102272,C-1007,2026-03-27,2026-03-27 13:29:58,store,completed,8.00,0.00,2026-03-27
102273,C-1125,2026-03-27,2026-03-27 22:52:52,store,completed,23.00,0.00,2026-03-27
102274,C-1198,2026-03-28,2026-03-28 18:55:37,store,completed,96.50,0.00,2026-03-28
102275,C-1244,2026-03-28,2026-03-28 20:58:21,online,completed,40.00,2.50,2026-04-01
102276,C-1114,2026-03-28,2026-03-28 19:47:48,store,completed,121.50,0.00,2026-03-28
102277,C-1341,2026-03-28,2026-03-28 23:19:21,online,completed,156.00,0.00,2026-03-29
102278,C-1033,2026-03-28,2026-03-28 16:47:23,store,completed,91.00,0.00,2026-03-28
102279,C-1339,2026-03-28,2026-03-28 19:49:35,store,completed,57.00,0.00,2026-03-28
102280,C-1230,2026-03-28,2026-03-28 14:50:56,online,completed,31.50,2.50,2026-03-29
102281,C-1073,2026-03-28,2026-03-28 20:32:26,online,completed,30.00,2.50,2026-04-01
102282,C-1195,2026-03-28,2026-03-28 10:28:24,store,completed,236.50,0.00,2026-03-28
102283,C-1335,2026-03-29,2026-03-29 11:08:55,online,completed,15.00,2.50,2026-03-30
102284,C-1212,2026-03-29,2026-03-29 21:56:07,store,completed,145.50,0.00,2026-03-29
102285,C-1335,2026-03-29,2026-03-29 15:30:46,online,completed,69.00,0.00,2026-04-02
102286,C-1215,2026-03-29,2026-03-29 16:12:26,store,completed,5.00,0.00,2026-03-29
102287,C-1275,2026-03-29,2026-03-29 11:44:21,online,completed,25.00,2.50,2026-03-30
102288,C-1338,2026-03-30,2026-03-30 11:11:57,online,completed,80.00,0.00,2026-04-01
102289,C-1211,2026-03-30,2026-03-30 15:01:45,store,completed,43.00,0.00,2026-03-30
102290,C-1335,2026-03-30,2026-03-30 11:30:03,online,completed,63.50,0.00,2026-04-03
102291,C-1073,2026-03-30,2026-03-30 10:22:16,store,completed,45.00,0.00,2026-03-30
102292,C-1162,2026-03-30,2026-03-30 16:38:41,online,cancelled,384.00,0.00,
102293,C-1099,2026-03-30,2026-03-30 16:58:06,store,completed,6.00,0.00,2026-03-30
102294,C-1307,2026-03-30,2026-03-30 18:37:31,store,completed,1195.00,0.00,2026-03-30
102295,C-1335,2026-03-31,2026-03-31 21:29:57,store,completed,148.00,0.00,2026-03-31
102296,C-1260,2026-03-31,2026-03-31 16:02:35,online,completed,8.50,2.50,2026-04-03
102297,C-1338,2026-03-31,2026-03-31 17:58:34,store,completed,92.00,0.00,2026-03-31
102298,C-1209,2026-04-01,2026-04-01 14:15:28,online,completed,48.00,2.50,2026-04-05
102299,C-1200,2026-04-01,2026-04-01 18:12:10,store,completed,162.00,0.00,2026-04-01
102300,C-1467,2026-04-01,2026-04-01 22:59:01,store,completed,24.50,0.00,2026-04-01
102301,C-1403,2026-04-01,2026-04-01 17:19:05,store,completed,93.00,0.00,2026-04-01
102302,C-1270,2026-04-02,2026-04-02 14:52:56,store,completed,98.50,0.00,2026-04-02
102303,C-1193,2026-04-02,2026-04-02 12:15:13,online,completed,74.00,0.00,2026-04-04
102304,C-1094,2026-04-02,2026-04-02 19:33:26,store,completed,36.00,0.00,2026-04-02
102305,C-1469,2026-04-02,2026-04-02 21:56:03,store,completed,415.00,0.00,2026-04-02
102306,C-1306,2026-04-02,2026-04-02 13:40:23,store,completed,33.00,0.00,2026-04-02
102307,C-1380,2026-04-02,2026-04-02 09:20:42,store,completed,507.50,0.00,2026-04-02
102308,C-1245,2026-04-03,2026-04-03 20:14:45,store,completed,7.50,0.00,2026-04-03
102309,C-1025,2026-04-04,2026-04-04 11:35:31,store,completed,136.50,0.00,2026-04-04
102310,C-1341,2026-04-04,2026-04-04 16:51:13,store,completed,174.00,0.00,2026-04-04
102311,C-1395,2026-04-04,2026-04-04 15:22:17,store,completed,15.00,0.00,2026-04-04
102312,C-1270,2026-04-04,2026-04-04 10:05:06,online,completed,19.50,2.50,2026-04-08
102313,C-1475,2026-04-04,2026-04-04 18:02:43,store,completed,32.00,0.00,2026-04-04
102314,C-1122,2026-04-04,2026-04-04 16:25:11,online,completed,104.00,0.00,2026-04-08
102315,C-1227,2026-04-04,2026-04-04 23:38:25,online,completed,111.50,0.00,2026-04-06
102316,C-1267,2026-04-04,2026-04-04 19:54:45,store,completed,6.00,0.00,2026-04-04
102317,C-1160,2026-04-05,2026-04-05 17:18:07,store,completed,65.00,0.00,2026-04-05
102318,C-1335,2026-04-05,2026-04-05 21:24:06,store,completed,5.50,0.00,2026-04-05
102319,C-1379,2026-04-05,2026-04-05 16:16:21,store,completed,47.50,0.00,2026-04-05
102320,C-1335,2026-04-05,2026-04-05 20:26:23,store,completed,139.00,0.00,2026-04-05
102321,C-1266,2026-04-06,2026-04-06 15:52:38,store,completed,74.50,0.00,2026-04-06
102322,C-1379,2026-04-06,2026-04-06 19:31:46,online,completed,50.00,0.00,2026-04-08
102323,C-1160,2026-04-06,2026-04-06 15:35:35,store,completed,6.50,0.00,2026-04-06
102324,C-1335,2026-04-06,2026-04-06 18:26:12,store,completed,63.00,0.00,2026-04-06
102325,C-1103,2026-04-07,2026-04-07 17:12:01,store,completed,20.50,0.00,2026-04-07
102326,C-1007,2026-04-07,2026-04-07 20:16:30,online,completed,28.00,2.50,2026-04-10
102327,C-1380,2026-04-07,2026-04-07 20:44:33,store,completed,660.00,0.00,2026-04-07
102328,C-1417,2026-04-07,2026-04-07 16:39:03,store,completed,480.00,0.00,2026-04-07
102329,C-1030,2026-04-07,2026-04-07 19:21:18,store,completed,59.00,0.00,2026-04-07
102330,C-1270,2026-04-07,2026-04-07 19:25:31,online,completed,34.00,2.50,2026-04-11
102331,C-1469,2026-04-07,2026-04-07 22:16:59,store,completed,783.00,0.00,2026-04-07
102332,C-1380,2026-04-08,2026-04-08 15:23:52,store,completed,342.50,0.00,2026-04-08
102333,C-1034,2026-04-08,2026-04-08 20:31:49,online,completed,14.00,2.50,2026-04-11
102334,C-1452,2026-04-08,2026-04-08 16:17:09,store,cancelled,92.00,0.00,
102335,C-1085,2026-04-08,2026-04-08 14:12:24,store,completed,209.50,0.00,2026-04-08
102336,C-1073,2026-04-09,2026-04-09 23:18:55,online,completed,76.50,0.00,2026-04-11
102337,C-1468,2026-04-09,2026-04-09 18:11:23,store,completed,31.00,0.00,2026-04-09
102338,C-1272,2026-04-09,2026-04-09 17:37:34,store,completed,161.50,0.00,2026-04-09
102339,C-1368,2026-04-09,2026-04-09 16:19:05,store,completed,530.00,0.00,2026-04-09
102340,C-1455,2026-04-10,2026-04-10 15:29:45,store,completed,125.00,0.00,2026-04-10
102341,C-1035,2026-04-10,2026-04-10 19:53:45,store,completed,35.00,0.00,2026-04-10
102342,C-1050,2026-04-10,2026-04-10 15:25:02,online,cancelled,179.50,0.00,
102343,C-1135,2026-04-10,2026-04-10 14:58:27,store,completed,37.50,0.00,2026-04-10
102344,C-1212,2026-04-10,2026-04-10 21:47:04,online,cancelled,31.50,2.50,
102345,C-1485,2026-04-11,2026-04-11 20:06:12,store,completed,72.00,0.00,2026-04-11
102346,C-1267,2026-04-11,2026-04-11 21:20:06,store,completed,165.50,0.00,2026-04-11
102347,C-1447,2026-04-11,2026-04-11 18:45:00,store,completed,925.00,0.00,2026-04-11
102348,C-1267,2026-04-12,2026-04-12 10:29:13,store,completed,88.50,0.00,2026-04-12
102349,C-1154,2026-04-12,2026-04-12 20:02:22,store,completed,69.50,0.00,2026-04-12
102350,C-1003,2026-04-12,2026-04-12 13:00:25,store,completed,24.00,0.00,2026-04-12
102351,C-1335,2026-04-13,2026-04-13 11:40:36,store,completed,112.50,0.00,2026-04-13
102352,C-1082,2026-04-13,2026-04-13 17:58:03,store,completed,51.00,0.00,2026-04-13
102353,C-1016,2026-04-13,2026-04-13 12:57:05,store,completed,31.00,0.00,2026-04-13
102354,C-1252,2026-04-13,2026-04-13 12:53:00,store,completed,183.00,0.00,2026-04-13
102355,C-1393,2026-04-13,2026-04-13 18:11:22,store,completed,74.00,0.00,2026-04-13
102356,C-1455,2026-04-13,2026-04-13 17:35:01,store,completed,49.50,0.00,2026-04-13
102357,C-1025,2026-04-14,2026-04-14 10:08:33,store,completed,58.00,0.00,2026-04-14
102358,C-1114,2026-04-14,2026-04-14 23:32:50,store,completed,240.00,0.00,2026-04-14
102359,C-1468,2026-04-14,2026-04-14 14:14:05,online,cancelled,106.50,0.00,
102360,C-1270,2026-04-15,2026-04-15 14:25:15,online,completed,5.00,2.50,2026-04-19
102361,C-1160,2026-04-15,2026-04-15 09:08:55,online,completed,49.00,2.50,2026-04-18
102362,C-1080,2026-04-15,2026-04-15 10:35:24,online,completed,26.50,2.50,2026-04-18
102363,C-1016,2026-04-15,2026-04-15 16:39:09,store,completed,163.50,0.00,2026-04-15
102364,C-1296,2026-04-15,2026-04-15 16:54:25,store,completed,38.50,0.00,2026-04-15
102365,C-1332,2026-04-16,2026-04-16 13:57:33,online,completed,22.00,2.50,2026-04-17
102366,C-1160,2026-04-16,2026-04-16 23:10:04,store,completed,69.00,0.00,2026-04-16
102367,C-1270,2026-04-16,2026-04-16 13:04:25,online,completed,156.00,0.00,2026-04-18
102368,C-1454,2026-04-16,2026-04-16 15:48:50,online,completed,12.00,2.50,2026-04-20
102369,C-1197,2026-04-16,2026-04-16 21:44:29,store,completed,126.00,0.00,2026-04-16
102370,C-1455,2026-04-16,2026-04-16 11:06:59,store,completed,16.50,0.00,2026-04-16
102371,C-1265,2026-04-16,2026-04-16 18:39:16,online,completed,59.00,0.00,2026-04-19
102372,C-1188,2026-04-16,2026-04-16 13:46:58,store,completed,50.00,0.00,2026-04-16
102373,C-1335,2026-04-17,2026-04-17 23:59:18,online,completed,63.50,0.00,2026-04-18
102374,C-1129,2026-04-17,2026-04-17 19:31:46,store,completed,42.00,0.00,2026-04-17
102375,C-1308,2026-04-17,2026-04-17 20:43:45,store,completed,158.00,0.00,2026-04-17
102376,C-1016,2026-04-18,2026-04-18 13:00:15,online,completed,28.00,2.50,2026-04-22
102377,C-1061,2026-04-18,2026-04-18 17:35:53,store,completed,98.50,0.00,2026-04-18
102378,C-1041,2026-04-18,2026-04-18 14:23:32,store,completed,137.00,0.00,2026-04-18
102379,C-1175,2026-04-19,2026-04-19 17:18:22,store,completed,35.00,0.00,2026-04-19
102380,C-1160,2026-04-19,2026-04-19 12:02:57,online,completed,289.50,0.00,2026-04-20
102381,C-1080,2026-04-19,2026-04-19 18:46:16,store,completed,46.00,0.00,2026-04-19
102382,C-1098,2026-04-19,2026-04-19 21:56:23,store,completed,12.50,0.00,2026-04-19
102383,C-1343,2026-04-20,2026-04-20 20:35:18,online,cancelled,33.00,2.50,
102384,C-1254,2026-04-20,2026-04-20 23:20:01,store,completed,47.00,0.00,2026-04-20
102385,C-1376,2026-04-20,2026-04-20 12:21:59,online,completed,309.50,0.00,2026-04-22
102386,C-1283,2026-04-20,2026-04-20 15:52:15,store,completed,117.50,0.00,2026-04-20
102387,C-1401,2026-04-20,2026-04-20 17:35:47,store,completed,230.00,0.00,2026-04-20
102388,C-1270,2026-04-21,2026-04-21 21:35:17,online,completed,28.00,2.50,2026-04-22
102389,C-1102,2026-04-21,2026-04-21 15:59:40,store,completed,89.00,0.00,2026-04-21
102390,C-1212,2026-04-21,2026-04-21 14:43:33,online,completed,91.00,0.00,2026-04-23
102391,C-1335,2026-04-21,2026-04-21 23:42:20,store,completed,54.00,0.00,2026-04-21
102392,C-1358,2026-04-21,2026-04-21 16:50:12,store,completed,31.50,0.00,2026-04-21
102393,C-1213,2026-04-21,2026-04-21 13:47:34,store,completed,26.00,0.00,2026-04-21
102394,C-1298,2026-04-21,2026-04-21 23:42:21,store,completed,58.50,0.00,2026-04-21
102395,C-1142,2026-04-21,2026-04-21 19:57:14,online,completed,24.00,2.50,2026-04-22
102396,C-1459,2026-04-22,2026-04-22 18:33:20,online,completed,37.00,2.50,2026-04-23
102397,C-1339,2026-04-22,2026-04-22 21:36:18,store,completed,94.00,0.00,2026-04-22
102398,C-1410,2026-04-22,2026-04-22 13:17:17,store,completed,93.00,0.00,2026-04-22
102399,C-1380,2026-04-22,2026-04-22 11:42:36,store,completed,831.00,0.00,2026-04-22
102400,C-1405,2026-04-22,2026-04-22 18:05:25,store,completed,28.00,0.00,2026-04-22
102401,C-1335,2026-04-23,2026-04-23 17:20:12,store,completed,268.50,0.00,2026-04-23
102402,C-1260,2026-04-23,2026-04-23 12:02:15,store,completed,51.00,0.00,2026-04-23
102403,C-1160,2026-04-23,2026-04-23 19:36:55,online,completed,51.00,0.00,2026-04-27
102404,C-1267,2026-04-24,2026-04-24 15:57:07,online,completed,27.00,2.50,2026-04-28
102405,C-1475,2026-04-24,2026-04-24 12:10:12,store,completed,16.50,0.00,2026-04-24
102406,C-1270,2026-04-24,2026-04-24 12:45:34,online,completed,72.50,0.00,2026-04-26
102407,C-1328,2026-04-24,2026-04-24 16:09:00,store,completed,71.00,0.00,2026-04-24
102408,C-1168,2026-04-24,2026-04-24 16:35:35,store,completed,61.50,0.00,2026-04-24
102409,C-1270,2026-04-24,2026-04-24 18:15:31,online,completed,73.50,0.00,2026-04-25
102410,C-1411,2026-04-24,2026-04-24 18:06:02,store,completed,1475.00,0.00,2026-04-24
102411,C-1340,2026-04-25,2026-04-25 13:24:24,store,completed,48.00,0.00,2026-04-25
102412,C-1335,2026-04-25,2026-04-25 17:41:45,online,completed,74.00,0.00,2026-04-28
102413,C-1270,2026-04-25,2026-04-25 22:14:22,store,completed,132.00,0.00,2026-04-25
102414,C-1050,2026-04-25,2026-04-25 14:02:47,online,completed,39.00,2.50,2026-04-29
102415,C-1135,2026-04-25,2026-04-25 16:23:22,online,completed,104.50,0.00,2026-04-26
102416,C-1270,2026-04-25,2026-04-25 11:32:25,online,completed,91.50,0.00,2026-04-26
102417,C-1148,2026-04-26,2026-04-26 09:55:09,store,completed,25.00,0.00,2026-04-26
102418,C-1098,2026-04-26,2026-04-26 14:41:19,store,cancelled,28.00,0.00,
102419,C-1485,2026-04-26,2026-04-26 11:10:26,online,completed,89.00,0.00,2026-04-30
102420,C-1284,2026-04-26,2026-04-26 17:07:01,store,completed,62.00,0.00,2026-04-26
102421,C-1432,2026-04-26,2026-04-26 19:38:23,store,completed,29.50,0.00,2026-04-26
102422,C-1143,2026-04-26,2026-04-26 10:34:02,store,completed,424.50,0.00,2026-04-26
102423,C-1270,2026-04-27,2026-04-27 14:35:01,online,completed,18.00,2.50,2026-04-28
102424,C-1380,2026-04-27,2026-04-27 19:38:08,online,completed,643.00,0.00,2026-04-28
102425,C-1135,2026-04-27,2026-04-27 23:22:55,store,completed,73.50,0.00,2026-04-27
102426,C-1444,2026-04-27,2026-04-27 11:58:04,store,completed,32.00,0.00,2026-04-27
102427,C-1074,2026-04-27,2026-04-27 11:12:49,online,completed,28.00,2.50,2026-04-30
102428,C-1377,2026-04-28,2026-04-28 13:24:37,online,completed,835.00,0.00,2026-04-30
102429,C-1258,2026-04-28,2026-04-28 13:43:18,online,completed,153.50,0.00,2026-05-02
102430,C-1469,2026-04-29,2026-04-29 16:17:59,online,completed,1280.00,0.00,2026-05-01
102431,C-1148,2026-04-29,2026-04-29 13:39:14,online,completed,33.50,2.50,2026-04-30
102432,C-1366,2026-04-29,2026-04-29 13:03:33,store,completed,43.50,0.00,2026-04-29
102433,C-1270,2026-04-29,2026-04-29 20:35:51,store,completed,24.00,0.00,2026-04-29
102434,C-1115,2026-04-29,2026-04-29 17:35:29,online,completed,1224.00,0.00,2026-05-01
102435,C-1016,2026-04-30,2026-04-30 19:33:46,store,completed,104.00,0.00,2026-04-30
102436,C-1468,2026-04-30,2026-04-30 17:39:53,store,completed,115.00,0.00,2026-04-30
102437,C-1245,2026-04-30,2026-04-30 11:37:18,store,cancelled,59.00,0.00,
102438,C-1286,2026-04-30,2026-04-30 11:05:10,store,completed,77.50,0.00,2026-04-30
102439,C-1267,2026-04-30,2026-04-30 23:16:58,online,completed,19.00,2.50,2026-05-02
102440,C-1016,2026-04-30,2026-04-30 15:26:57,online,completed,13.00,2.50,2026-05-03
102441,C-1047,2026-04-30,2026-04-30 14:24:37,online,completed,23.00,2.50,2026-05-03
102442,C-1270,2026-05-01,2026-05-01 13:55:15,store,completed,28.00,0.00,2026-05-01
102443,C-1129,2026-05-01,2026-05-01 13:41:45,online,completed,107.50,0.00,2026-05-02
102444,C-1446,2026-05-03,2026-05-03 16:01:10,store,completed,66.00,0.00,2026-05-03
102445,C-1008,2026-05-03,2026-05-03 20:04:38,store,completed,285.00,0.00,2026-05-03
102446,C-1003,2026-05-03,2026-05-03 13:30:07,store,completed,470.00,0.00,2026-05-03
102447,C-1135,2026-05-03,2026-05-03 15:05:37,store,completed,56.00,0.00,2026-05-03
102448,C-1220,2026-05-04,2026-05-04 18:39:40,store,completed,102.00,0.00,2026-05-04
102449,C-1212,2026-05-04,2026-05-04 17:12:40,online,completed,96.00,0.00,2026-05-07
102450,C-1435,2026-05-04,2026-05-04 14:56:22,online,completed,81.00,0.00,2026-05-05
102451,C-1431,2026-05-04,2026-05-04 15:27:29,online,completed,51.00,0.00,2026-05-06
102452,C-1386,2026-05-04,2026-05-04 20:29:37,store,cancelled,60.00,0.00,
102453,C-1135,2026-05-04,2026-05-04 12:11:54,store,completed,9.00,0.00,2026-05-04
102454,C-1267,2026-05-04,2026-05-04 20:25:14,store,completed,18.00,0.00,2026-05-04
102455,C-1182,2026-05-05,2026-05-05 17:17:09,online,completed,23.00,2.50,2026-05-09
102456,C-1419,2026-05-05,2026-05-05 18:23:50,store,completed,40.00,0.00,2026-05-05
102457,C-1183,2026-05-06,2026-05-06 14:04:37,store,completed,138.00,0.00,2026-05-06
102458,C-1441,2026-05-06,2026-05-06 10:59:53,store,completed,45.00,0.00,2026-05-06
102459,C-1109,2026-05-06,2026-05-06 10:27:23,store,completed,16.00,0.00,2026-05-06
102460,C-1080,2026-05-06,2026-05-06 14:52:58,store,completed,53.00,0.00,2026-05-06
102461,C-1235,2026-05-07,2026-05-07 21:28:54,store,completed,561.00,0.00,2026-05-07
102462,C-1181,2026-05-07,2026-05-07 23:17:21,store,completed,234.00,0.00,2026-05-07
102463,C-1022,2026-05-07,2026-05-07 14:13:29,store,completed,102.50,0.00,2026-05-07
102464,C-1077,2026-05-08,2026-05-08 21:12:14,store,completed,28.00,0.00,2026-05-08
102465,C-1045,2026-05-09,2026-05-09 21:11:03,store,completed,44.00,0.00,2026-05-09
102466,C-1245,2026-05-09,2026-05-09 14:32:58,store,completed,182.00,0.00,2026-05-09
102467,C-1181,2026-05-09,2026-05-09 12:46:54,online,completed,67.00,0.00,2026-05-10
102468,C-1135,2026-05-09,2026-05-09 21:13:36,store,completed,36.00,0.00,2026-05-09
102469,C-1482,2026-05-09,2026-05-09 20:12:19,store,completed,65.00,0.00,2026-05-09
102470,C-1004,2026-05-10,2026-05-10 14:50:38,store,completed,65.00,0.00,2026-05-10
102471,C-1160,2026-05-10,2026-05-10 18:42:49,store,completed,47.50,0.00,2026-05-10
102472,C-1155,2026-05-10,2026-05-10 22:01:18,store,completed,29.00,0.00,2026-05-10
102473,C-1247,2026-05-10,2026-05-10 14:55:29,store,completed,105.50,0.00,2026-05-10
102474,C-1270,2026-05-10,2026-05-10 16:27:27,store,completed,51.00,0.00,2026-05-10
102475,C-1335,2026-05-10,2026-05-10 18:34:52,store,completed,5.00,0.00,2026-05-10
102476,C-1246,2026-05-10,2026-05-10 15:54:42,online,completed,29.00,2.50,2026-05-13
102477,C-1380,2026-05-10,2026-05-10 19:34:38,online,completed,1195.00,0.00,2026-05-12
102478,C-1341,2026-05-11,2026-05-11 20:11:23,online,completed,270.00,0.00,2026-05-13
102479,C-1419,2026-05-11,2026-05-11 19:04:51,store,cancelled,65.00,0.00,
102480,C-1016,2026-05-11,2026-05-11 16:09:47,store,completed,76.00,0.00,2026-05-11
102481,C-1367,2026-05-11,2026-05-11 15:55:01,online,completed,45.50,2.50,2026-05-14
102482,C-1469,2026-05-11,2026-05-11 17:49:26,online,completed,365.50,0.00,2026-05-13
102483,C-1459,2026-05-12,2026-05-12 19:09:11,online,completed,71.00,0.00,2026-05-13
102484,C-1270,2026-05-12,2026-05-12 22:47:13,online,completed,111.00,0.00,2026-05-16
102485,C-1335,2026-05-12,2026-05-12 20:24:38,store,completed,173.50,0.00,2026-05-12
102486,C-1475,2026-05-13,2026-05-13 17:25:57,store,completed,128.50,0.00,2026-05-13
102487,C-1379,2026-05-13,2026-05-13 14:12:51,online,completed,40.50,2.50,2026-05-16
102488,C-1328,2026-05-13,2026-05-13 14:53:16,store,completed,78.00,0.00,2026-05-13
102489,C-1267,2026-05-14,2026-05-14 16:54:57,online,completed,64.00,0.00,2026-05-17
102490,C-1444,2026-05-14,2026-05-14 12:59:36,store,completed,36.50,0.00,2026-05-14
102491,C-1359,2026-05-14,2026-05-14 21:10:09,store,completed,14.50,0.00,2026-05-14
102492,C-1449,2026-05-15,2026-05-15 20:55:26,online,completed,52.00,0.00,2026-05-16
102493,C-1122,2026-05-15,2026-05-15 12:47:22,online,completed,74.00,0.00,2026-05-17
102494,C-1040,2026-05-15,2026-05-15 14:28:56,store,completed,25.00,0.00,2026-05-15
102495,C-1160,2026-05-16,2026-05-16 19:17:14,store,completed,82.00,0.00,2026-05-16
102496,C-1030,2026-05-17,2026-05-17 18:27:02,online,completed,52.00,0.00,2026-05-18
102497,C-1460,2026-05-17,2026-05-17 22:34:59,online,completed,73.50,0.00,2026-05-18
102498,C-1016,2026-05-17,2026-05-17 11:14:25,online,cancelled,139.50,0.00,
102499,C-1032,2026-05-17,2026-05-17 15:54:10,store,completed,80.00,0.00,2026-05-17
102500,C-1030,2026-05-17,2026-05-17 13:00:02,store,completed,72.50,0.00,2026-05-17
102501,C-1165,2026-05-17,2026-05-17 20:40:28,online,completed,510.00,0.00,2026-05-21
102502,C-1077,2026-05-17,2026-05-17 13:20:32,store,completed,102.00,0.00,2026-05-17
102503,C-1045,2026-05-17,2026-05-17 17:53:26,store,completed,43.00,0.00,2026-05-17
102504,C-1256,2026-05-17,2026-05-17 16:29:33,store,completed,102.50,0.00,2026-05-17
102505,C-1114,2026-05-17,2026-05-17 13:16:35,online,completed,98.50,0.00,2026-05-18
102506,C-1188,2026-05-18,2026-05-18 23:04:02,store,completed,43.00,0.00,2026-05-18
102507,C-1267,2026-05-18,2026-05-18 10:28:05,store,completed,142.00,0.00,2026-05-18
102508,C-1032,2026-05-19,2026-05-19 21:52:40,store,completed,18.00,0.00,2026-05-19
102509,C-1267,2026-05-19,2026-05-19 13:40:41,online,completed,55.00,0.00,2026-05-20
102510,C-1016,2026-05-20,2026-05-20 17:08:40,online,completed,58.50,0.00,2026-05-23
102511,C-1394,2026-05-21,2026-05-21 13:11:31,store,completed,71.00,0.00,2026-05-21
102512,C-1419,2026-05-21,2026-05-21 12:14:53,online,completed,60.00,0.00,2026-05-22
102513,C-1009,2026-05-21,2026-05-21 10:40:51,online,completed,12.50,2.50,2026-05-25
102514,C-1496,2026-05-21,2026-05-21 17:07:47,store,completed,572.50,0.00,2026-05-21
102515,C-1147,2026-05-22,2026-05-22 13:59:41,online,cancelled,148.00,0.00,
102516,C-1446,2026-05-22,2026-05-22 13:28:03,store,completed,157.50,0.00,2026-05-22
102517,C-1339,2026-05-22,2026-05-22 20:25:52,online,completed,42.00,2.50,2026-05-26
102518,C-1165,2026-05-23,2026-05-23 21:07:27,online,completed,296.00,0.00,2026-05-27
102519,C-1318,2026-05-23,2026-05-23 21:31:54,store,completed,101.50,0.00,2026-05-23
102520,C-1180,2026-05-23,2026-05-23 15:34:46,store,completed,8.50,0.00,2026-05-23
102521,C-1346,2026-05-24,2026-05-24 21:43:54,store,completed,48.00,0.00,2026-05-24
102522,C-1265,2026-05-24,2026-05-24 14:32:25,online,completed,135.00,0.00,2026-05-27
102523,C-1335,2026-05-24,2026-05-24 12:33:14,online,completed,105.50,0.00,2026-05-28
102524,C-1411,2026-05-24,2026-05-24 18:12:58,store,completed,285.00,0.00,2026-05-24
102525,C-1419,2026-05-24,2026-05-24 19:24:53,store,completed,51.00,0.00,2026-05-24
102526,C-1113,2026-05-24,2026-05-24 20:04:09,store,completed,295.50,0.00,2026-05-24
102527,C-1030,2026-05-24,2026-05-24 17:14:29,online,completed,115.00,0.00,2026-05-28
102528,C-1379,2026-05-24,2026-05-24 12:42:59,store,completed,80.00,0.00,2026-05-24
102529,C-1270,2026-05-24,2026-05-24 11:33:17,online,completed,18.00,2.50,2026-05-28
102530,C-1003,2026-05-25,2026-05-25 11:33:51,store,completed,366.00,0.00,2026-05-25
102531,C-1183,2026-05-25,2026-05-25 14:46:59,online,completed,47.50,2.50,2026-05-29
102532,C-1083,2026-05-25,2026-05-25 16:46:53,store,completed,67.00,0.00,2026-05-25
102533,C-1266,2026-05-26,2026-05-26 11:57:04,store,completed,25.50,0.00,2026-05-26
102534,C-1193,2026-05-26,2026-05-26 22:21:13,store,completed,49.50,0.00,2026-05-26
102535,C-1162,2026-05-26,2026-05-26 13:36:11,store,completed,252.50,0.00,2026-05-26
102536,C-1110,2026-05-27,2026-05-27 11:19:54,store,completed,72.00,0.00,2026-05-27
102537,C-1204,2026-05-27,2026-05-27 17:56:11,online,completed,36.00,2.50,2026-05-31
102538,C-1167,2026-05-27,2026-05-27 11:59:13,store,completed,82.00,0.00,2026-05-27
102539,C-1080,2026-05-27,2026-05-27 21:33:05,online,completed,33.50,2.50,2026-05-28
102540,C-1160,2026-05-27,2026-05-27 16:34:53,store,completed,32.00,0.00,2026-05-27
102541,C-1297,2026-05-27,2026-05-27 15:46:23,online,cancelled,38.50,2.50,
102542,C-1355,2026-05-28,2026-05-28 21:32:47,online,cancelled,15.00,2.50,
102543,C-1043,2026-05-28,2026-05-28 23:36:15,store,completed,36.50,0.00,2026-05-28
102544,C-1270,2026-05-28,2026-05-28 14:31:10,store,completed,137.00,0.00,2026-05-28
102545,C-1470,2026-05-28,2026-05-28 18:11:16,online,completed,18.00,2.50,2026-05-29
102546,C-1335,2026-05-29,2026-05-29 21:15:20,store,completed,91.50,0.00,2026-05-29
102547,C-1380,2026-05-29,2026-05-29 21:48:22,online,completed,15.00,2.50,2026-05-31
102548,C-1022,2026-05-29,2026-05-29 14:00:01,online,completed,12.50,2.50,2026-06-01
102549,C-1008,2026-05-29,2026-05-29 20:29:28,store,completed,480.00,0.00,2026-05-29
102550,C-1392,2026-05-30,2026-05-30 18:16:58,store,completed,345.00,0.00,2026-05-30
102551,C-1335,2026-05-30,2026-05-30 17:45:32,online,completed,79.00,0.00,2026-06-01
102552,C-1148,2026-05-30,2026-05-30 20:53:57,online,completed,25.00,2.50,2026-06-01
102553,C-1071,2026-05-30,2026-05-30 23:50:43,online,completed,6.00,2.50,2026-05-31
102554,C-1335,2026-05-30,2026-05-30 19:59:07,store,completed,68.00,0.00,2026-05-30
102555,C-1280,2026-05-30,2026-05-30 22:15:26,store,completed,42.00,0.00,2026-05-30
102556,C-1270,2026-05-31,2026-05-31 09:32:43,store,completed,43.50,0.00,2026-05-31
102557,C-1351,2026-05-31,2026-05-31 17:43:08,online,completed,16.50,2.50,2026-06-01
102558,C-1379,2026-05-31,2026-05-31 19:24:01,store,completed,58.00,0.00,2026-05-31
102559,C-1455,2026-05-31,2026-05-31 13:04:16,store,completed,10.00,0.00,2026-05-31
102560,C-1450,2026-05-31,2026-05-31 17:31:44,online,completed,56.00,0.00,2026-06-03
102561,C-1160,2026-05-31,2026-05-31 12:50:21,online,completed,6.00,2.50,2026-06-01
102562,C-1102,2026-05-31,2026-05-31 14:47:39,store,completed,11.50,0.00,2026-05-31
102563,C-1160,2026-06-01,2026-06-01 17:51:52,online,completed,104.00,0.00,2026-06-03
102564,C-1191,2026-06-01,2026-06-01 19:54:12,store,completed,84.00,0.00,2026-06-01
102565,C-1009,2026-06-01,2026-06-01 18:17:36,store,completed,73.50,0.00,2026-06-01
102566,C-1347,2026-06-01,2026-06-01 10:58:23,online,completed,387.00,0.00,2026-06-03
102567,C-1470,2026-06-01,2026-06-01 11:50:42,online,completed,48.00,2.50,2026-06-05
102568,C-1335,2026-06-01,2026-06-01 20:22:38,online,completed,48.00,2.50,2026-06-05
102569,C-1075,2026-06-01,2026-06-01 14:44:18,online,completed,52.50,0.00,2026-06-04
102570,C-1335,2026-06-01,2026-06-01 10:10:50,store,completed,55.00,0.00,2026-06-01
102571,C-1469,2026-06-02,2026-06-02 19:15:39,store,completed,1430.00,0.00,2026-06-02
102572,C-1234,2026-06-02,2026-06-02 15:52:00,store,completed,39.00,0.00,2026-06-02
102573,C-1165,2026-06-02,2026-06-02 21:05:52,online,completed,426.50,0.00,2026-06-04
102574,C-1267,2026-06-02,2026-06-02 10:10:29,store,completed,74.00,0.00,2026-06-02
102575,C-1493,2026-06-02,2026-06-02 21:01:46,store,cancelled,183.00,0.00,
102576,C-1469,2026-06-02,2026-06-02 20:20:07,store,completed,1537.50,0.00,2026-06-02
102577,C-1165,2026-06-02,2026-06-02 13:07:27,store,completed,401.00,0.00,2026-06-02
102578,C-1236,2026-06-02,2026-06-02 12:39:24,online,completed,18.00,2.50,2026-06-06
102579,C-1087,2026-06-03,2026-06-03 22:11:52,store,completed,73.50,0.00,2026-06-03
102580,C-1267,2026-06-03,2026-06-03 20:56:38,online,cancelled,135.00,0.00,
102581,C-1270,2026-06-03,2026-06-03 20:05:54,online,completed,93.50,0.00,2026-06-07
102582,C-1111,2026-06-03,2026-06-03 18:37:52,store,completed,907.00,0.00,2026-06-03
102583,C-1375,2026-06-04,2026-06-04 10:57:17,online,cancelled,71.50,0.00,
102584,C-1145,2026-06-04,2026-06-04 16:40:23,online,cancelled,644.00,0.00,
102585,C-1379,2026-06-04,2026-06-04 10:11:36,online,completed,162.50,0.00,2026-06-07
102586,C-1015,2026-06-04,2026-06-04 14:05:37,online,completed,121.00,0.00,2026-06-07
102587,C-1335,2026-06-04,2026-06-04 13:48:03,online,completed,32.50,2.50,2026-06-08
102588,C-1073,2026-06-04,2026-06-04 09:00:49,store,completed,151.50,0.00,2026-06-04
102589,C-1454,2026-06-04,2026-06-04 20:17:13,store,completed,23.50,0.00,2026-06-04
102590,C-1436,2026-06-04,2026-06-04 12:50:35,store,cancelled,41.50,0.00,
102591,C-1197,2026-06-04,2026-06-04 10:05:27,store,completed,70.00,0.00,2026-06-04
102592,C-1274,2026-06-04,2026-06-04 13:26:07,store,completed,136.50,0.00,2026-06-04
102593,C-1090,2026-06-05,2026-06-05 21:05:58,store,completed,209.00,0.00,2026-06-05
102594,C-1464,2026-06-05,2026-06-05 16:31:02,store,cancelled,124.00,0.00,
102595,C-1227,2026-06-05,2026-06-05 19:59:24,online,completed,7.50,2.50,2026-06-07
102596,C-1175,2026-06-06,2026-06-06 19:09:20,store,completed,59.00,0.00,2026-06-06
102597,C-1352,2026-06-06,2026-06-06 16:46:57,online,completed,136.50,0.00,2026-06-08
102598,C-1379,2026-06-06,2026-06-06 17:42:51,online,completed,84.00,0.00,2026-06-10
102599,C-1380,2026-06-06,2026-06-06 23:02:20,store,completed,276.50,0.00,2026-06-06
102600,C-1335,2026-06-06,2026-06-06 13:29:58,online,completed,84.00,0.00,2026-06-09
102601,C-1187,2026-06-06,2026-06-06 20:01:29,online,completed,48.50,2.50,2026-06-07
102602,C-1479,2026-06-07,2026-06-07 19:54:15,store,completed,26.00,0.00,2026-06-07
102603,C-1160,2026-06-07,2026-06-07 15:52:04,store,completed,36.00,0.00,2026-06-07
102604,C-1382,2026-06-07,2026-06-07 18:31:06,store,completed,318.00,0.00,2026-06-07
102605,C-1380,2026-06-07,2026-06-07 14:32:21,store,completed,72.50,0.00,2026-06-07
102606,C-1068,2026-06-07,2026-06-07 11:25:44,store,completed,83.00,0.00,2026-06-07
102607,C-1200,2026-06-08,2026-06-08 12:50:06,online,completed,88.00,0.00,2026-06-12
102608,C-1492,2026-06-08,2026-06-08 15:06:58,store,completed,19.50,0.00,2026-06-08
102609,C-1379,2026-06-08,2026-06-08 17:46:21,online,completed,24.00,2.50,2026-06-10
102610,C-1169,2026-06-09,2026-06-09 14:09:01,online,completed,11.00,2.50,2026-06-13
102611,C-1359,2026-06-09,2026-06-09 19:40:17,store,completed,13.50,0.00,2026-06-09
102612,C-1267,2026-06-09,2026-06-09 15:21:29,store,completed,27.50,0.00,2026-06-09
102613,C-1025,2026-06-10,2026-06-10 15:56:51,online,completed,64.50,0.00,2026-06-13
102614,C-1160,2026-06-10,2026-06-10 16:11:40,store,completed,63.50,0.00,2026-06-10
102615,C-1418,2026-06-11,2026-06-11 20:17:17,online,completed,35.50,2.50,2026-06-12
102616,C-1073,2026-06-11,2026-06-11 15:37:17,online,completed,70.50,0.00,2026-06-13
102617,C-1379,2026-06-12,2026-06-12 16:32:47,online,completed,113.00,0.00,2026-06-16
102618,C-1435,2026-06-12,2026-06-12 20:35:10,online,completed,27.00,2.50,2026-06-14
102619,C-1007,2026-06-12,2026-06-12 16:46:19,online,completed,26.00,2.50,2026-06-16
102620,C-1099,2026-06-12,2026-06-12 12:52:45,online,completed,66.00,0.00,2026-06-13
102621,C-1004,2026-06-12,2026-06-12 16:16:05,store,completed,58.00,0.00,2026-06-12
102622,C-1270,2026-06-13,2026-06-13 23:06:56,store,completed,66.00,0.00,2026-06-13
102623,C-1270,2026-06-13,2026-06-13 19:59:16,store,completed,8.50,0.00,2026-06-13
102624,C-1335,2026-06-13,2026-06-13 19:17:58,store,cancelled,34.00,0.00,
102625,C-1102,2026-06-13,2026-06-13 16:24:36,online,completed,19.50,2.50,2026-06-15
102626,C-1073,2026-06-15,2026-06-15 15:44:31,online,completed,16.00,2.50,2026-06-16
102627,C-1214,2026-06-15,2026-06-15 20:53:27,online,completed,115.50,0.00,2026-06-16
102628,C-1383,2026-06-15,2026-06-15 17:54:47,store,cancelled,52.00,0.00,
102629,C-1231,2026-06-15,2026-06-15 20:26:01,online,completed,132.00,0.00,2026-06-16
102630,C-1285,2026-06-15,2026-06-15 16:54:05,online,completed,16.00,2.50,2026-06-18
102631,C-1008,2026-06-15,2026-06-15 18:11:26,online,completed,1906.00,0.00,2026-06-18
102632,C-1032,2026-06-15,2026-06-15 21:30:01,online,completed,86.00,0.00,2026-06-19
102633,C-1148,2026-06-15,2026-06-15 14:57:03,store,completed,93.50,0.00,2026-06-15
102634,C-1312,2026-06-16,2026-06-16 12:41:02,store,completed,158.00,0.00,2026-06-16
102635,C-1135,2026-06-16,2026-06-16 21:06:33,store,completed,32.50,0.00,2026-06-16
102636,C-1198,2026-06-16,2026-06-16 19:02:52,store,completed,189.50,0.00,2026-06-16
102637,C-1379,2026-06-16,2026-06-16 12:52:47,store,completed,245.00,0.00,2026-06-16
102638,C-1258,2026-06-17,2026-06-17 19:43:49,store,completed,155.50,0.00,2026-06-17
102639,C-1032,2026-06-17,2026-06-17 20:55:41,online,completed,38.00,2.50,2026-06-19
102640,C-1022,2026-06-17,2026-06-17 17:00:13,store,completed,68.00,0.00,2026-06-17
102641,C-1427,2026-06-18,2026-06-18 18:25:24,store,completed,33.00,0.00,2026-06-18
102642,C-1188,2026-06-18,2026-06-18 14:41:13,online,completed,12.00,2.50,2026-06-20
102643,C-1195,2026-06-19,2026-06-19 21:40:34,store,completed,114.00,0.00,2026-06-19
102644,C-1447,2026-06-19,2026-06-19 11:30:16,store,cancelled,450.00,0.00,
102645,C-1236,2026-06-19,2026-06-19 17:27:45,store,completed,197.50,0.00,2026-06-19
102646,C-1357,2026-06-20,2026-06-20 17:27:54,store,completed,40.00,0.00,2026-06-20
102647,C-1394,2026-06-20,2026-06-20 18:58:00,online,cancelled,41.00,2.50,
102648,C-1315,2026-06-20,2026-06-20 15:10:04,online,completed,27.00,2.50,2026-06-23
102649,C-1203,2026-06-21,2026-06-21 14:37:50,online,completed,58.00,0.00,2026-06-22
102650,C-1256,2026-06-21,2026-06-21 16:21:25,online,completed,66.00,0.00,2026-06-23
102651,C-1038,2026-06-21,2026-06-21 18:39:38,online,completed,73.50,0.00,2026-06-25
102652,C-1121,2026-06-21,2026-06-21 12:41:32,online,completed,130.00,0.00,2026-06-23
102653,C-1270,2026-06-22,2026-06-22 16:15:59,store,completed,139.50,0.00,2026-06-22
102654,C-1175,2026-06-22,2026-06-22 21:13:34,store,completed,219.50,0.00,2026-06-22
102655,C-1093,2026-06-22,2026-06-22 17:20:27,online,completed,82.50,0.00,2026-06-23
102656,C-1181,2026-06-22,2026-06-22 16:13:45,store,completed,183.00,0.00,2026-06-22
102657,C-1202,2026-06-23,2026-06-23 10:28:01,store,cancelled,47.00,0.00,
102658,C-1085,2026-06-23,2026-06-23 12:39:38,store,completed,572.50,0.00,2026-06-23
102659,C-1267,2026-06-23,2026-06-23 17:01:48,store,completed,127.00,0.00,2026-06-23
102660,C-1289,2026-06-23,2026-06-23 17:01:13,store,completed,72.00,0.00,2026-06-23
102661,C-1380,2026-06-24,2026-06-24 17:59:04,store,completed,365.00,0.00,2026-06-24
102662,C-1458,2026-06-24,2026-06-24 12:44:41,online,completed,35.00,2.50,2026-06-25
102663,C-1335,2026-06-24,2026-06-24 22:49:34,online,completed,54.00,0.00,2026-06-27
102664,C-1123,2026-06-25,2026-06-25 15:12:39,store,completed,835.00,0.00,2026-06-25
102665,C-1270,2026-06-25,2026-06-25 14:01:39,online,completed,110.00,0.00,2026-06-27
102666,C-1252,2026-06-25,2026-06-25 10:48:54,store,completed,37.00,0.00,2026-06-25
102667,C-1132,2026-06-25,2026-06-25 09:21:01,store,completed,29.00,0.00,2026-06-25
102668,C-1335,2026-06-25,2026-06-25 10:42:15,online,completed,33.00,2.50,2026-06-28
102669,C-1011,2026-06-26,2026-06-26 23:24:05,online,completed,102.00,0.00,2026-06-28
102670,C-1030,2026-06-26,2026-06-26 17:06:32,online,completed,6.50,2.50,2026-06-30
102671,C-1270,2026-06-26,2026-06-26 16:41:52,online,completed,58.00,0.00,2026-06-27
102672,C-1270,2026-06-27,2026-06-27 20:42:52,store,completed,51.00,0.00,2026-06-27
102673,C-1213,2026-06-27,2026-06-27 17:07:30,online,completed,105.50,0.00,2026-06-30
102674,C-1335,2026-06-27,2026-06-27 10:07:24,store,completed,22.00,0.00,2026-06-27
102675,C-1068,2026-06-27,2026-06-27 13:50:13,store,completed,23.00,0.00,2026-06-27
102676,C-1090,2026-06-28,2026-06-28 12:38:28,online,completed,600.00,0.00,2026-07-01
102677,C-1431,2026-06-28,2026-06-28 12:06:44,online,completed,6.00,2.50,2026-07-01
102678,C-1102,2026-06-29,2026-06-29 13:48:55,store,cancelled,115.00,0.00,
102679,C-1383,2026-06-29,2026-06-29 13:59:00,store,completed,49.50,0.00,2026-06-29
102680,C-1100,2026-06-29,2026-06-29 13:50:02,online,completed,41.00,2.50,2026-07-03
102681,C-1358,2026-06-29,2026-06-29 18:28:31,store,completed,77.00,0.00,2026-06-29
102682,C-1339,2026-06-29,2026-06-29 15:51:35,store,completed,34.50,0.00,2026-06-29
102683,C-1135,2026-06-29,2026-06-29 18:45:30,online,completed,36.50,2.50,2026-07-01
102684,C-1335,2026-06-29,2026-06-29 11:59:58,online,completed,183.00,0.00,2026-07-01
102685,C-1166,2026-06-30,2026-06-30 20:09:08,online,completed,43.00,2.50,2026-07-03
102686,C-1209,2026-06-30,2026-06-30 18:17:31,online,completed,114.00,0.00,2026-07-01
102687,C-1270,2026-06-30,2026-06-30 20:43:58,store,completed,40.50,0.00,2026-06-30
102688,C-1068,2026-06-30,2026-06-30 13:27:53,store,completed,40.50,0.00,2026-06-30
102689,C-1379,2026-07-01,2026-07-01 19:33:35,store,completed,26.00,0.00,2026-07-01
102690,C-1015,2026-07-01,2026-07-01 20:24:37,store,completed,148.00,0.00,2026-07-01
102691,C-1008,2026-07-01,2026-07-01 11:32:38,online,completed,87.00,0.00,2026-07-04
102692,C-1450,2026-07-01,2026-07-01 14:20:45,store,completed,63.00,0.00,2026-07-01
102693,C-1380,2026-07-01,2026-07-01 22:30:26,store,cancelled,846.00,0.00,
102694,C-1267,2026-07-01,2026-07-01 11:09:45,store,completed,83.50,0.00,2026-07-01
102695,C-1160,2026-07-01,2026-07-01 17:32:05,online,completed,14.50,2.50,2026-07-05
102696,C-1123,2026-07-02,2026-07-02 11:44:47,online,completed,490.00,0.00,2026-07-06
102697,C-1347,2026-07-02,2026-07-02 18:45:32,store,completed,480.00,0.00,2026-07-02
102698,C-1200,2026-07-02,2026-07-02 16:13:48,online,completed,77.50,0.00,2026-07-03
102699,C-1225,2026-07-02,2026-07-02 19:06:20,online,completed,113.50,0.00,2026-07-06
102700,C-1469,2026-07-02,2026-07-02 22:39:54,store,completed,234.50,0.00,2026-07-02
102701,C-1254,2026-07-02,2026-07-02 21:59:33,store,completed,94.50,0.00,2026-07-02
102702,C-1030,2026-07-02,2026-07-02 18:40:30,store,completed,151.50,0.00,2026-07-02
102703,C-1127,2026-07-03,2026-07-03 14:59:54,store,completed,61.50,0.00,2026-07-03
102704,C-1236,2026-07-03,2026-07-03 17:09:30,online,completed,65.00,0.00,2026-07-07
102705,C-1380,2026-07-03,2026-07-03 17:45:24,store,completed,120.00,0.00,2026-07-03
102706,C-1444,2026-07-03,2026-07-03 12:47:40,online,completed,14.00,2.50,2026-07-06
102707,C-1435,2026-07-03,2026-07-03 21:35:36,store,completed,144.50,0.00,2026-07-03
102708,C-1483,2026-07-03,2026-07-03 17:57:15,online,completed,39.00,2.50,2026-07-06
102709,C-1192,2026-07-03,2026-07-03 23:26:59,online,completed,56.00,0.00,2026-07-06
102710,C-1007,2026-07-03,2026-07-03 16:04:14,online,completed,123.00,0.00,2026-07-04
102711,C-1135,2026-07-03,2026-07-03 15:38:39,store,cancelled,11.00,0.00,
102712,C-1035,2026-07-04,2026-07-04 13:46:21,online,completed,192.00,0.00,2026-07-07
102713,C-1212,2026-07-04,2026-07-04 18:32:58,online,completed,30.50,2.50,2026-07-08
102714,C-1392,2026-07-05,2026-07-05 19:43:35,online,completed,364.00,0.00,2026-07-09
102715,C-1310,2026-07-05,2026-07-05 17:50:21,store,completed,775.00,0.00,2026-07-05
102716,C-1380,2026-07-05,2026-07-05 11:25:47,store,completed,1440.00,0.00,2026-07-05
102717,C-1450,2026-07-05,2026-07-05 20:44:11,store,completed,10.50,0.00,2026-07-05
102718,C-1242,2026-07-05,2026-07-05 17:59:10,store,completed,998.50,0.00,2026-07-05
102719,C-1008,2026-07-05,2026-07-05 09:45:01,online,completed,295.00,0.00,2026-07-06
102720,C-1267,2026-07-06,2026-07-06 14:34:06,online,cancelled,50.00,0.00,
102721,C-1182,2026-07-06,2026-07-06 13:55:21,store,completed,52.50,0.00,2026-07-06
102722,C-1090,2026-07-06,2026-07-06 09:28:27,store,completed,360.00,0.00,2026-07-06
102723,C-1201,2026-07-06,2026-07-06 20:45:09,online,completed,116.00,0.00,2026-07-08
102724,C-1335,2026-07-07,2026-07-07 11:54:17,store,cancelled,42.50,0.00,
102725,C-1158,2026-07-07,2026-07-07 14:07:30,store,completed,150.00,0.00,2026-07-07
102726,C-1270,2026-07-08,2026-07-08 19:26:20,store,completed,52.00,0.00,2026-07-08
102727,C-1347,2026-07-08,2026-07-08 11:13:06,store,completed,453.00,0.00,2026-07-08
102728,C-1032,2026-07-08,2026-07-08 23:07:53,store,completed,99.00,0.00,2026-07-08
102729,C-1267,2026-07-08,2026-07-08 15:30:55,store,completed,23.50,0.00,2026-07-08
102730,C-1279,2026-07-09,2026-07-09 20:56:59,online,completed,180.00,0.00,2026-07-10
102731,C-1004,2026-07-09,2026-07-09 21:07:23,online,completed,54.00,0.00,2026-07-12
102732,C-1107,2026-07-09,2026-07-09 22:55:32,online,completed,52.00,0.00,2026-07-13
102733,C-1441,2026-07-09,2026-07-09 12:08:11,store,completed,42.00,0.00,2026-07-09
102734,C-1075,2026-07-10,2026-07-10 10:03:34,store,completed,15.00,0.00,2026-07-10
102735,C-1419,2026-07-10,2026-07-10 23:54:32,online,completed,119.00,0.00,2026-07-13
102736,C-1313,2026-07-10,2026-07-10 13:26:06,store,completed,17.00,0.00,2026-07-10
102737,C-1011,2026-07-10,2026-07-10 13:51:39,online,completed,103.00,0.00,2026-07-11
102738,C-1333,2026-07-10,2026-07-10 21:59:21,online,completed,157.50,0.00,2026-07-11
102739,C-1005,2026-07-11,2026-07-11 09:26:56,store,completed,42.50,0.00,2026-07-11
102740,C-1444,2026-07-11,2026-07-11 12:12:43,store,completed,8.00,0.00,2026-07-11
102741,C-1073,2026-07-11,2026-07-11 12:17:23,store,completed,102.00,0.00,2026-07-11
102742,C-1469,2026-07-11,2026-07-11 20:38:10,store,completed,550.00,0.00,2026-07-11
102743,C-1473,2026-07-11,2026-07-11 13:53:33,store,completed,176.00,0.00,2026-07-11
102744,C-1009,2026-07-11,2026-07-11 21:52:13,online,completed,27.00,2.50,2026-07-12
102745,C-1335,2026-07-11,2026-07-11 19:42:21,online,completed,10.00,2.50,2026-07-15
102746,C-1237,2026-07-12,2026-07-12 23:46:48,store,completed,74.50,0.00,2026-07-12
102747,C-1135,2026-07-12,2026-07-12 09:39:41,online,completed,55.00,0.00,2026-07-16
102748,C-1265,2026-07-12,2026-07-12 15:53:55,store,cancelled,84.00,0.00,
102749,C-1250,2026-07-12,2026-07-12 20:30:16,store,completed,54.00,0.00,2026-07-12
102750,C-1379,2026-07-12,2026-07-12 10:59:05,store,completed,43.50,0.00,2026-07-12
102751,C-1375,2026-07-12,2026-07-12 19:02:49,online,completed,88.00,0.00,2026-07-16
102752,C-1004,2026-07-12,2026-07-12 12:58:54,store,completed,43.00,0.00,2026-07-12
102753,C-1149,2026-07-13,2026-07-13 13:21:05,online,completed,53.00,0.00,2026-07-14
102754,C-1165,2026-07-13,2026-07-13 13:02:56,store,cancelled,33.00,0.00,
102755,C-1270,2026-07-13,2026-07-13 12:01:07,online,completed,34.50,2.50,2026-07-16
102756,C-1355,2026-07-13,2026-07-13 16:42:25,store,completed,124.50,0.00,2026-07-13
102757,C-1473,2026-07-13,2026-07-13 15:57:08,online,completed,95.50,0.00,2026-07-17
102758,C-1197,2026-07-13,2026-07-13 17:37:37,online,completed,44.50,2.50,2026-07-15
102759,C-1045,2026-07-14,2026-07-14 10:20:21,store,completed,40.00,0.00,2026-07-14
102760,C-1444,2026-07-14,2026-07-14 15:07:59,store,completed,55.00,0.00,2026-07-14
102761,C-1267,2026-07-14,2026-07-14 19:28:04,store,completed,63.50,0.00,2026-07-14
102762,C-1312,2026-07-14,2026-07-14 12:58:02,store,completed,47.00,0.00,2026-07-14
102763,C-1117,2026-07-14,2026-07-14 14:18:46,online,completed,115.00,0.00,2026-07-15
102764,C-1182,2026-07-14,2026-07-14 17:22:11,online,completed,29.50,2.50,2026-07-18
102765,C-1077,2026-07-14,2026-07-14 09:20:27,online,completed,121.50,0.00,2026-07-17
102766,C-1025,2026-07-15,2026-07-15 22:52:38,online,completed,37.50,2.50,2026-07-17
102767,C-1404,2026-07-15,2026-07-15 12:15:42,store,completed,14.00,0.00,2026-07-15
102768,C-1091,2026-07-15,2026-07-15 16:37:57,online,completed,80.50,0.00,2026-07-18
102769,C-1194,2026-07-15,2026-07-15 19:51:41,store,completed,77.00,0.00,2026-07-15
102770,C-1352,2026-07-15,2026-07-15 22:46:11,store,cancelled,183.50,0.00,
102771,C-1349,2026-07-16,2026-07-16 18:07:27,online,completed,131.00,0.00,2026-07-17
102772,C-1212,2026-07-16,2026-07-16 12:33:48,store,completed,96.00,0.00,2026-07-16
102773,C-1212,2026-07-16,2026-07-16 21:31:39,store,completed,35.00,0.00,2026-07-16
102774,C-1267,2026-07-16,2026-07-16 09:23:38,store,cancelled,6.00,0.00,
102775,C-1270,2026-07-16,2026-07-16 15:31:34,store,completed,26.00,0.00,2026-07-16
102776,C-1007,2026-07-16,2026-07-16 15:28:49,store,completed,16.00,0.00,2026-07-16
102777,C-1469,2026-07-16,2026-07-16 12:03:24,online,completed,318.00,0.00,2026-07-20
102778,C-1298,2026-07-16,2026-07-16 15:26:58,online,completed,62.00,0.00,2026-07-20
102779,C-1034,2026-07-17,2026-07-17 17:20:34,online,completed,97.00,0.00,2026-07-18
102780,C-1379,2026-07-17,2026-07-17 17:08:00,store,completed,40.00,0.00,2026-07-17
102781,C-1099,2026-07-17,2026-07-17 12:00:40,online,completed,43.00,2.50,2026-07-19
102782,C-1383,2026-07-17,2026-07-17 21:46:59,store,completed,96.00,0.00,2026-07-17
102783,C-1102,2026-07-18,2026-07-18 12:01:04,store,completed,61.00,0.00,2026-07-18
102784,C-1057,2026-07-18,2026-07-18 18:33:47,store,completed,41.00,0.00,2026-07-18
102785,C-1024,2026-07-18,2026-07-18 17:24:38,store,completed,68.50,0.00,2026-07-18
102786,C-1286,2026-07-18,2026-07-18 14:23:52,online,completed,51.00,0.00,2026-07-19
102787,C-1322,2026-07-19,2026-07-19 20:19:51,store,completed,38.00,0.00,2026-07-19
102788,C-1270,2026-07-19,2026-07-19 18:39:14,online,completed,33.50,2.50,2026-07-22
102789,C-1375,2026-07-19,2026-07-19 12:02:19,online,completed,21.50,2.50,2026-07-23
102790,C-1099,2026-07-20,2026-07-20 21:15:34,online,completed,34.50,2.50,2026-07-23
102791,C-1270,2026-07-20,2026-07-20 16:49:25,store,completed,68.50,0.00,2026-07-20
102792,C-1212,2026-07-20,2026-07-20 16:10:26,online,completed,20.50,2.50,2026-07-23
102793,C-1298,2026-07-20,2026-07-20 18:20:52,store,completed,51.50,0.00,2026-07-20
102794,C-1073,2026-07-20,2026-07-20 20:59:01,online,completed,121.00,0.00,2026-07-24
102795,C-1368,2026-07-20,2026-07-20 09:47:37,store,completed,110.50,0.00,2026-07-20
102796,C-1265,2026-07-21,2026-07-21 19:44:00,online,completed,109.00,0.00,2026-07-24
102797,C-1122,2026-07-21,2026-07-21 13:08:43,online,completed,33.00,2.50,2026-07-24
102798,C-1487,2026-07-21,2026-07-21 15:25:24,store,completed,118.00,0.00,2026-07-21
102799,C-1095,2026-07-21,2026-07-21 13:30:13,store,completed,18.00,0.00,2026-07-21
102800,C-1379,2026-07-21,2026-07-21 22:32:15,store,completed,129.50,0.00,2026-07-21
102801,C-1267,2026-07-21,2026-07-21 18:37:49,store,completed,88.00,0.00,2026-07-21
102802,C-1177,2026-07-22,2026-07-22 18:53:50,online,completed,11.50,2.50,2026-07-25
102803,C-1252,2026-07-22,2026-07-22 09:10:43,online,completed,49.50,2.50,2026-07-26
102804,C-1230,2026-07-22,2026-07-22 15:41:48,store,completed,88.00,0.00,2026-07-22
102805,C-1167,2026-07-22,2026-07-22 13:02:21,online,cancelled,34.00,2.50,
102806,C-1035,2026-07-22,2026-07-22 17:26:03,store,completed,99.00,0.00,2026-07-22
102807,C-1113,2026-07-22,2026-07-22 16:37:14,store,completed,170.00,0.00,2026-07-22
102808,C-1355,2026-07-22,2026-07-22 16:37:48,online,completed,101.50,0.00,2026-07-26
102809,C-1373,2026-07-23,2026-07-23 14:17:21,online,completed,32.00,2.50,2026-07-24
102810,C-1030,2026-07-23,2026-07-23 22:49:34,store,completed,43.00,0.00,2026-07-23
102811,C-1200,2026-07-23,2026-07-23 18:47:23,store,completed,65.00,0.00,2026-07-23
102812,C-1031,2026-07-23,2026-07-23 12:27:52,store,completed,113.50,0.00,2026-07-23
102813,C-1318,2026-07-24,2026-07-24 13:41:54,store,completed,5.00,0.00,2026-07-24
102814,C-1167,2026-07-24,2026-07-24 14:59:45,online,completed,11.00,2.50,2026-07-26
102815,C-1335,2026-07-24,2026-07-24 21:45:50,store,completed,16.50,0.00,2026-07-24
102816,C-1498,2026-07-25,2026-07-25 10:37:48,store,completed,97.00,0.00,2026-07-25
102817,C-1167,2026-07-25,2026-07-25 15:42:37,store,completed,100.00,0.00,2026-07-25
102818,C-1158,2026-07-25,2026-07-25 15:17:45,store,completed,18.00,0.00,2026-07-25
102819,C-1035,2026-07-26,2026-07-26 20:31:07,online,cancelled,115.00,0.00,
102820,C-1267,2026-07-26,2026-07-26 16:56:31,store,completed,71.50,0.00,2026-07-26
102821,C-1008,2026-07-26,2026-07-26 15:54:42,online,completed,189.00,0.00,2026-07-29
102822,C-1475,2026-07-27,2026-07-27 17:43:07,store,cancelled,165.00,0.00,
102823,C-1132,2026-07-27,2026-07-27 13:39:43,store,completed,25.00,0.00,2026-07-27
102824,C-1229,2026-07-27,2026-07-27 16:46:01,online,completed,40.50,2.50,2026-07-31
102825,C-1335,2026-07-27,2026-07-27 17:50:59,store,completed,132.00,0.00,2026-07-27
102826,C-1045,2026-07-27,2026-07-27 14:32:48,store,completed,48.00,0.00,2026-07-27
102827,C-1043,2026-07-27,2026-07-27 19:21:27,store,completed,132.00,0.00,2026-07-27
102828,C-1161,2026-07-28,2026-07-28 16:44:31,store,completed,85.00,0.00,2026-07-28
102829,C-1167,2026-07-28,2026-07-28 21:43:32,store,completed,29.50,0.00,2026-07-28
102830,C-1444,2026-07-28,2026-07-28 13:37:34,store,completed,13.50,0.00,2026-07-28
102831,C-1190,2026-07-28,2026-07-28 17:24:38,store,completed,33.00,0.00,2026-07-28
102832,C-1266,2026-07-28,2026-07-28 18:09:08,store,cancelled,75.00,0.00,
102833,C-1025,2026-07-29,2026-07-29 23:13:48,online,completed,60.00,0.00,2026-07-31
102834,C-1008,2026-07-29,2026-07-29 21:18:08,store,completed,1000.00,0.00,2026-07-29
102835,C-1135,2026-07-29,2026-07-29 20:50:46,store,completed,160.00,0.00,2026-07-29
102836,C-1070,2026-07-29,2026-07-29 14:51:19,online,completed,94.00,0.00,2026-07-30
102837,C-1122,2026-07-29,2026-07-29 14:26:44,online,completed,55.50,0.00,2026-08-02
102838,C-1475,2026-07-30,2026-07-30 15:58:43,online,completed,47.50,2.50,2026-07-31
102839,C-1212,2026-07-31,2026-07-31 20:50:29,store,completed,37.00,0.00,2026-07-31
102840,C-1270,2026-07-31,2026-07-31 18:16:27,store,completed,42.00,0.00,2026-07-31
102841,C-1203,2026-07-31,2026-07-31 20:59:59,store,completed,196.00,0.00,2026-07-31
102842,C-1331,2026-07-31,2026-07-31 17:35:08,online,completed,107.00,0.00,2026-08-04
102843,C-1074,2026-08-01,2026-08-01 20:18:32,store,completed,68.00,0.00,2026-08-01
102844,C-1068,2026-08-01,2026-08-01 21:28:24,online,cancelled,135.00,0.00,
102845,C-1335,2026-08-01,2026-08-01 12:43:23,online,completed,84.00,0.00,2026-08-05
102846,C-1084,2026-08-01,2026-08-01 15:17:42,store,completed,77.50,0.00,2026-08-01
102847,C-1073,2026-08-01,2026-08-01 19:44:00,store,completed,66.00,0.00,2026-08-01
102848,C-1267,2026-08-01,2026-08-01 20:10:43,online,completed,52.00,0.00,2026-08-03
102849,C-1120,2026-08-01,2026-08-01 18:26:11,online,completed,75.00,0.00,2026-08-05
102850,C-1380,2026-08-01,2026-08-01 17:40:48,online,completed,135.00,0.00,2026-08-04
102851,C-1419,2026-08-02,2026-08-02 15:07:55,store,completed,42.00,0.00,2026-08-02
102852,C-1267,2026-08-03,2026-08-03 21:12:06,store,completed,82.00,0.00,2026-08-03
102853,C-1242,2026-08-03,2026-08-03 11:12:53,store,completed,292.50,0.00,2026-08-03
102854,C-1341,2026-08-03,2026-08-03 21:02:23,store,cancelled,282.50,0.00,
102855,C-1160,2026-08-03,2026-08-03 12:49:36,online,completed,96.00,0.00,2026-08-07
102856,C-1141,2026-08-04,2026-08-04 17:33:49,online,completed,22.50,2.50,2026-08-07
102857,C-1121,2026-08-04,2026-08-04 19:21:06,online,completed,8.00,2.50,2026-08-08
102858,C-1354,2026-08-05,2026-08-05 16:30:54,online,completed,85.00,0.00,2026-08-09
102859,C-1335,2026-08-05,2026-08-05 11:51:43,store,completed,104.00,0.00,2026-08-05
102860,C-1160,2026-08-06,2026-08-06 19:29:08,store,completed,33.00,0.00,2026-08-06
102861,C-1380,2026-08-06,2026-08-06 11:15:38,online,completed,1147.50,0.00,2026-08-08
102862,C-1242,2026-08-06,2026-08-06 15:24:52,store,completed,657.50,0.00,2026-08-06
102863,C-1194,2026-08-06,2026-08-06 20:31:43,store,completed,42.00,0.00,2026-08-06
102864,C-1475,2026-08-06,2026-08-06 10:31:17,store,completed,8.50,0.00,2026-08-06
102865,C-1091,2026-08-06,2026-08-06 19:34:15,online,completed,30.50,2.50,2026-08-08
102866,C-1414,2026-08-06,2026-08-06 18:00:34,online,completed,165.50,0.00,2026-08-08
102867,C-1022,2026-08-06,2026-08-06 20:06:17,online,completed,22.00,2.50,2026-08-09
102868,C-1242,2026-08-06,2026-08-06 10:39:17,store,completed,471.50,0.00,2026-08-06
102869,C-1450,2026-08-06,2026-08-06 14:46:01,store,completed,93.50,0.00,2026-08-06
102870,C-1034,2026-08-06,2026-08-06 20:37:10,store,completed,9.00,0.00,2026-08-06
102871,C-1441,2026-08-06,2026-08-06 22:47:34,store,completed,35.50,0.00,2026-08-06
102872,C-1270,2026-08-06,2026-08-06 20:50:36,store,completed,22.00,0.00,2026-08-06
102873,C-1152,2026-08-06,2026-08-06 09:13:23,store,cancelled,35.00,0.00,
102874,C-1358,2026-08-07,2026-08-07 14:47:26,store,completed,248.00,0.00,2026-08-07
102875,C-1006,2026-08-07,2026-08-07 20:48:32,store,cancelled,56.00,0.00,
102876,C-1380,2026-08-07,2026-08-07 18:13:38,online,completed,70.00,0.00,2026-08-08
102877,C-1309,2026-08-07,2026-08-07 12:52:33,store,completed,60.50,0.00,2026-08-07
102878,C-1419,2026-08-07,2026-08-07 14:03:05,store,completed,26.00,0.00,2026-08-07
102879,C-1382,2026-08-07,2026-08-07 21:46:56,store,completed,131.00,0.00,2026-08-07
102880,C-1267,2026-08-07,2026-08-07 19:21:21,store,completed,10.00,0.00,2026-08-07
102881,C-1041,2026-08-08,2026-08-08 10:49:25,store,completed,8.00,0.00,2026-08-08
102882,C-1357,2026-08-08,2026-08-08 12:15:30,online,completed,70.50,0.00,2026-08-09
102883,C-1132,2026-08-09,2026-08-09 14:47:20,store,completed,42.00,0.00,2026-08-09
102884,C-1375,2026-08-09,2026-08-09 13:09:24,online,completed,13.50,2.50,2026-08-10
102885,C-1103,2026-08-09,2026-08-09 19:31:23,online,completed,38.00,2.50,2026-08-13
102886,C-1267,2026-08-09,2026-08-09 19:13:34,online,completed,19.00,2.50,2026-08-13
102887,C-1237,2026-08-10,2026-08-10 23:39:22,online,completed,9.00,2.50,2026-08-11
102888,C-1041,2026-08-10,2026-08-10 16:53:48,online,completed,56.50,0.00,2026-08-11
102889,C-1310,2026-08-10,2026-08-10 18:23:27,store,completed,412.50,0.00,2026-08-10
102890,C-1445,2026-08-10,2026-08-10 18:40:06,online,cancelled,77.50,0.00,
102891,C-1499,2026-08-10,2026-08-10 19:21:29,online,completed,25.50,2.50,2026-08-13
102892,C-1266,2026-08-10,2026-08-10 17:26:17,store,completed,38.50,0.00,2026-08-10
102893,C-1267,2026-08-10,2026-08-10 12:47:36,online,completed,46.50,2.50,2026-08-14
102894,C-1383,2026-08-10,2026-08-10 22:52:34,online,cancelled,72.50,0.00,
102895,C-1380,2026-08-10,2026-08-10 15:27:17,store,completed,195.00,0.00,2026-08-10
102896,C-1270,2026-08-10,2026-08-10 15:18:09,store,completed,101.00,0.00,2026-08-10
102897,C-1380,2026-08-10,2026-08-10 14:31:29,online,completed,234.50,0.00,2026-08-12
102898,C-1463,2026-08-10,2026-08-10 13:10:54,online,cancelled,22.00,2.50,
102899,C-1073,2026-08-11,2026-08-11 10:53:41,online,cancelled,43.00,2.50,
102900,C-1380,2026-08-11,2026-08-11 18:11:39,store,completed,85.00,0.00,2026-08-11
102901,C-1457,2026-08-11,2026-08-11 13:15:18,store,completed,117.50,0.00,2026-08-11
102902,C-1107,2026-08-11,2026-08-11 14:47:20,store,completed,129.00,0.00,2026-08-11
102903,C-1160,2026-08-11,2026-08-11 20:39:55,store,completed,89.00,0.00,2026-08-11
102904,C-1345,2026-08-11,2026-08-11 19:33:10,store,completed,29.50,0.00,2026-08-11
102905,C-1359,2026-08-11,2026-08-11 18:21:53,online,completed,61.00,0.00,2026-08-14
102906,C-1141,2026-08-11,2026-08-11 16:09:10,online,completed,28.00,2.50,2026-08-13
102907,C-1298,2026-08-12,2026-08-12 13:38:29,store,completed,40.50,0.00,2026-08-12
102908,C-1383,2026-08-12,2026-08-12 11:48:22,store,completed,109.00,0.00,2026-08-12
102909,C-1474,2026-08-12,2026-08-12 15:58:26,store,completed,36.00,0.00,2026-08-12
102910,C-1380,2026-08-12,2026-08-12 12:19:00,online,cancelled,25.50,2.50,
102911,C-1121,2026-08-13,2026-08-13 21:47:26,store,completed,84.00,0.00,2026-08-13
102912,C-1158,2026-08-13,2026-08-13 19:50:57,store,completed,152.00,0.00,2026-08-13
102913,C-1346,2026-08-13,2026-08-13 21:22:43,online,completed,96.00,0.00,2026-08-14
102914,C-1473,2026-08-14,2026-08-14 13:54:14,online,completed,74.50,0.00,2026-08-15
102915,C-1245,2026-08-14,2026-08-14 21:50:48,online,completed,92.00,0.00,2026-08-18
102916,C-1338,2026-08-14,2026-08-14 20:17:50,online,completed,37.50,2.50,2026-08-18
102917,C-1348,2026-08-15,2026-08-15 14:01:58,store,completed,40.00,0.00,2026-08-15
102918,C-1346,2026-08-15,2026-08-15 11:34:35,online,completed,107.00,0.00,2026-08-18
102919,C-1267,2026-08-15,2026-08-15 13:32:15,store,completed,21.00,0.00,2026-08-15
102920,C-1160,2026-08-15,2026-08-15 23:11:04,online,completed,28.00,2.50,2026-08-19
102921,C-1379,2026-08-15,2026-08-15 11:59:52,online,completed,72.50,0.00,2026-08-18
102922,C-1200,2026-08-15,2026-08-15 17:33:07,store,completed,19.00,0.00,2026-08-15
102923,C-1380,2026-08-16,2026-08-16 14:05:43,online,cancelled,75.00,0.00,
102924,C-1091,2026-08-16,2026-08-16 21:01:52,online,completed,255.50,0.00,2026-08-18
102925,C-1275,2026-08-16,2026-08-16 13:04:49,online,completed,178.00,0.00,2026-08-17
102926,C-1380,2026-08-16,2026-08-16 21:20:51,store,completed,40.00,0.00,2026-08-16
102927,C-1175,2026-08-16,2026-08-16 15:59:44,online,completed,293.00,0.00,2026-08-18
102928,C-1203,2026-08-17,2026-08-17 18:14:13,store,completed,119.00,0.00,2026-08-17
102929,C-1459,2026-08-17,2026-08-17 20:04:44,online,completed,24.00,2.50,2026-08-19
102930,C-1120,2026-08-17,2026-08-17 15:15:11,online,completed,24.00,2.50,2026-08-21
102931,C-1242,2026-08-17,2026-08-17 20:00:47,store,completed,449.50,0.00,2026-08-17
102932,C-1391,2026-08-17,2026-08-17 13:03:57,online,completed,52.00,0.00,2026-08-20
102933,C-1335,2026-08-17,2026-08-17 14:45:53,store,completed,25.00,0.00,2026-08-17
102934,C-1441,2026-08-18,2026-08-18 17:37:03,online,completed,78.50,0.00,2026-08-19
102935,C-1422,2026-08-18,2026-08-18 13:17:04,store,completed,60.00,0.00,2026-08-18
102936,C-1283,2026-08-18,2026-08-18 14:42:33,store,completed,156.00,0.00,2026-08-18
102937,C-1135,2026-08-18,2026-08-18 18:46:39,store,completed,59.50,0.00,2026-08-18
102938,C-1121,2026-08-18,2026-08-18 18:15:12,online,completed,16.50,2.50,2026-08-19
102939,C-1444,2026-08-19,2026-08-19 17:24:58,online,completed,185.00,0.00,2026-08-20
102940,C-1045,2026-08-19,2026-08-19 18:01:19,online,completed,123.50,0.00,2026-08-22
102941,C-1267,2026-08-20,2026-08-20 16:04:31,store,completed,84.00,0.00,2026-08-20
102942,C-1102,2026-08-20,2026-08-20 18:10:41,online,completed,16.50,2.50,2026-08-23
102943,C-1335,2026-08-21,2026-08-21 11:34:21,store,completed,148.00,0.00,2026-08-21
102944,C-1388,2026-08-21,2026-08-21 10:48:35,store,completed,70.50,0.00,2026-08-21
102945,C-1245,2026-08-22,2026-08-22 12:19:27,online,completed,179.00,0.00,2026-08-24
102946,C-1498,2026-08-22,2026-08-22 10:31:43,store,completed,29.50,0.00,2026-08-22
102947,C-1343,2026-08-22,2026-08-22 20:23:02,online,cancelled,76.00,0.00,
102948,C-1115,2026-08-22,2026-08-22 23:55:28,online,completed,72.00,0.00,2026-08-23
102949,C-1270,2026-08-22,2026-08-22 09:42:31,store,completed,74.00,0.00,2026-08-22
102950,C-1358,2026-08-22,2026-08-22 22:08:51,store,completed,22.50,0.00,2026-08-22
102951,C-1379,2026-08-23,2026-08-23 12:34:25,store,completed,24.50,0.00,2026-08-23
102952,C-1380,2026-08-23,2026-08-23 21:04:22,online,completed,412.50,0.00,2026-08-26
102953,C-1267,2026-08-23,2026-08-23 11:57:24,store,completed,19.50,0.00,2026-08-23
102954,C-1270,2026-08-23,2026-08-23 20:06:48,online,completed,156.50,0.00,2026-08-25
102955,C-1062,2026-08-23,2026-08-23 14:19:36,online,completed,20.00,2.50,2026-08-24
102956,C-1212,2026-08-23,2026-08-23 16:09:19,online,completed,72.00,0.00,2026-08-25
102957,C-1007,2026-08-23,2026-08-23 15:36:26,online,completed,12.00,2.50,2026-08-26
102958,C-1379,2026-08-24,2026-08-24 17:41:03,store,completed,71.00,0.00,2026-08-24
102959,C-1016,2026-08-24,2026-08-24 16:15:36,online,completed,95.50,0.00,2026-08-27
102960,C-1258,2026-08-24,2026-08-24 16:15:27,store,completed,52.00,0.00,2026-08-24
102961,C-1455,2026-08-25,2026-08-25 22:42:21,store,cancelled,14.00,0.00,
102962,C-1073,2026-08-25,2026-08-25 18:13:13,online,completed,68.00,0.00,2026-08-26
102963,C-1487,2026-08-25,2026-08-25 17:10:11,online,completed,77.00,0.00,2026-08-29
102964,C-1454,2026-08-25,2026-08-25 10:58:19,online,completed,62.00,0.00,2026-08-29
102965,C-1308,2026-08-25,2026-08-25 16:36:33,online,completed,19.50,2.50,2026-08-29
102966,C-1025,2026-08-25,2026-08-25 15:14:28,store,completed,120.00,0.00,2026-08-25
102967,C-1236,2026-08-25,2026-08-25 15:04:11,store,completed,84.00,0.00,2026-08-25
102968,C-1174,2026-08-25,2026-08-25 17:22:33,online,completed,78.00,0.00,2026-08-29
102969,C-1474,2026-08-25,2026-08-25 20:19:07,online,completed,12.50,2.50,2026-08-26
102970,C-1042,2026-08-25,2026-08-25 14:47:47,store,completed,41.00,0.00,2026-08-25
102971,C-1383,2026-08-25,2026-08-25 18:56:14,online,completed,27.50,2.50,2026-08-26
102972,C-1030,2026-08-26,2026-08-26 17:35:52,store,completed,68.00,0.00,2026-08-26
102973,C-1160,2026-08-26,2026-08-26 14:43:22,online,completed,99.50,0.00,2026-08-28
102974,C-1270,2026-08-26,2026-08-26 16:11:32,store,completed,284.50,0.00,2026-08-26
102975,C-1471,2026-08-27,2026-08-27 17:22:02,store,pending,120.00,0.00,
102976,C-1379,2026-08-27,2026-08-27 19:03:10,store,pending,9.00,0.00,
102977,C-1340,2026-08-27,2026-08-27 12:57:00,store,completed,84.50,0.00,2026-08-27
102978,C-1160,2026-08-27,2026-08-27 17:52:23,store,pending,34.50,0.00,
102979,C-1411,2026-08-27,2026-08-27 18:46:04,store,completed,177.00,0.00,2026-08-27
102980,C-1212,2026-08-27,2026-08-27 19:04:19,online,pending,87.00,0.00,
102981,C-1227,2026-08-27,2026-08-27 11:04:44,online,completed,94.50,0.00,2026-08-28
102982,C-1242,2026-08-27,2026-08-27 21:10:09,store,pending,247.50,0.00,
102983,C-1474,2026-08-27,2026-08-27 22:32:24,online,completed,105.50,0.00,2026-08-31
102984,C-1203,2026-08-28,2026-08-28 18:29:39,online,pending,40.00,2.50,
102985,C-1469,2026-08-28,2026-08-28 19:43:38,online,pending,255.00,0.00,
102986,C-1122,2026-08-28,2026-08-28 20:23:53,online,completed,71.50,0.00,2026-08-30
102987,C-1493,2026-08-28,2026-08-28 21:36:42,store,pending,96.00,0.00,
102988,C-1242,2026-08-28,2026-08-28 10:29:06,store,completed,60.00,0.00,2026-08-28
102989,C-1193,2026-08-29,2026-08-29 18:21:16,store,pending,104.50,0.00,
102990,C-1379,2026-08-29,2026-08-29 19:27:46,store,pending,155.00,0.00,
102991,C-1470,2026-08-29,2026-08-29 17:28:46,online,pending,8.00,2.50,
102992,C-1165,2026-08-30,2026-08-30 09:29:56,store,pending,132.00,0.00,
102993,C-1085,2026-08-30,2026-08-30 19:04:17,online,pending,748.00,0.00,
102994,C-1151,2026-08-30,2026-08-30 13:38:24,online,completed,37.50,2.50,2026-08-31
102995,C-1269,2026-08-30,2026-08-30 12:36:32,store,pending,55.00,0.00,
102996,C-1375,2026-08-31,2026-08-31 13:19:35,store,completed,99.00,0.00,2026-08-31
102997,C-1071,2026-08-31,2026-08-31 13:52:31,store,completed,89.00,0.00,2026-08-31
102998,C-1022,2026-08-31,2026-08-31 12:04:30,store,pending,86.50,0.00,
102999,C-1141,2026-08-31,2026-08-31 10:27:51,online,pending,31.00,2.50,
103000,C-1189,2026-08-31,2026-08-31 19:16:51,online,pending,139.00,0.00,
